word,colour,correct_res,stim_condition,thisN,thisTrialN,thisRepN,key_resp.keys,key_resp.corr,key_resp.rt,key_resp.duration,trials.thisRepN,trials.thisTrialN,trials.thisN,trials.thisIndex,thisRow.t,notes,Instruction.started,text_2.started,key_resp_2.started,Instruction.stopped,key_resp_2.keys,key_resp_2.rt,key_resp_2.duration,trial.started,fixation.started,fixation.stopped,key_resp.started,text.started,trial.stopped,trials.key_resp.keys,trials.key_resp.corr,trials.key_resp.rt,trials.key_resp.duration,thanks.started,text_3.started,text_3.stopped,thanks.stopped,participant,session,date,expName,expVersion,psychopyVersion,frameRate,expStart
,,,,,,,,,,,,,,,,,0.0019215,0.0048946,0.0048946,1.5196289,space,1.4870257,None,,,,,,,,,,,,,,,447702,1,2025-08-26_00h49.04.397,Stroop task,,2025.1.1,59.99275287,2025-08-26 00h49.05.627333 +0530
RED,red,r,C,0,0,0,r,1,0.5581101,None,0,0,0,0,1.5315936,,,,,,,,,1.5283068,1.5315936,2.0227734,2.0227734,2.0227734,2.5900324,r,1,0.5581101,None,,,,,447702,1,2025-08-26_00h49.04.397,Stroop task,,2025.1.1,59.99275287,2025-08-26 00h49.05.627333 +0530
BLUE,red,r,I,1,1,0,r,1,0.6968007,None,0,1,1,2,2.6061917,,,,,,,,,2.5948936,2.6061917,3.089226,3.089226,3.089226,3.7900299,r,1,0.6968007,None,,,,,447702,1,2025-08-26_00h49.04.397,Stroop task,,2025.1.1,59.99275287,2025-08-26 00h49.05.627333 +0530
RED,blue,b,I,2,2,0,b,1,0.8882088,None,0,2,2,1,3.8059701,,,,,,,,,3.7914805,3.8059701,4.2896368,4.2896368,4.2896368,5.1900067,b,1,0.8882088,None,,,,,447702,1,2025-08-26_00h49.04.397,Stroop task,,2025.1.1,59.99275287,2025-08-26 00h49.05.627333 +0530
BLUE,blue,b,C,3,3,0,b,1,0.5272608,None,0,3,3,3,5.206352,,,,,,,,,5.1916652,5.206352,5.6899169,5.6899169,5.6899169,6.2232101,b,1,0.5272608,None,,,,,447702,1,2025-08-26_00h49.04.397,Stroop task,,2025.1.1,59.99275287,2025-08-26 00h49.05.627333 +0530
BLUE,red,r,I,4,0,1,r,1,0.6455637,None,1,0,4,2,6.239704,,,,,,,,,6.2235195,6.239704,6.7231029,6.7231029,6.7231029,7.3736644,r,1,0.6455637,None,,,,,447702,1,2025-08-26_00h49.04.397,Stroop task,,2025.1.1,59.99275287,2025-08-26 00h49.05.627333 +0530
BLUE,blue,b,C,5,1,1,b,1,0.5751123,None,1,1,5,3,7.3899807,,,,,,,,,7.3739332,7.3899807,7.8898713,7.8898713,7.8898713,8.473314,b,1,0.5751123,None,,,,,447702,1,2025-08-26_00h49.04.397,Stroop task,,2025.1.1,59.99275287,2025-08-26 00h49.05.627333 +0530
RED,blue,b,I,6,2,1,b,1,0.4501833,None,1,2,6,1,8.4896487,,,,,,,,,8.474737,8.4896487,8.9729398,8.9729398,8.9729398,9.4235533,b,1,0.4501833,None,,,,,447702,1,2025-08-26_00h49.04.397,Stroop task,,2025.1.1,59.99275287,2025-08-26 00h49.05.627333 +0530
RED,red,r,C,7,3,1,r,1,0.4175215,None,1,3,7,0,9.4396335,,,,,,,,,9.4238962,9.4396335,9.9230126,9.9230126,9.9230126,10.3577103,r,1,0.4175215,None,,,,,447702,1,2025-08-26_00h49.04.397,Stroop task,,2025.1.1,59.99275287,2025-08-26 00h49.05.627333 +0530
BLUE,red,r,I,8,0,2,r,1,0.4718994,None,2,0,8,2,10.3731684,,,,,,,,,10.3600239,10.3731684,10.8737389,10.8737389,10.8737389,11.3566424,r,1,0.4718994,None,,,,,447702,1,2025-08-26_00h49.04.397,Stroop task,,2025.1.1,59.99275287,2025-08-26 00h49.05.627333 +0530
BLUE,blue,b,C,9,1,2,b,1,0.4993038,None,2,1,9,3,11.3732273,,,,,,,,,11.3569081,11.3732273,11.8562653,11.8562653,11.8562653,12.3571276,b,1,0.4993038,None,,,,,447702,1,2025-08-26_00h49.04.397,Stroop task,,2025.1.1,59.99275287,2025-08-26 00h49.05.627333 +0530
RED,blue,b,I,10,2,2,b,1,0.3938152,None,2,2,10,1,12.3731221,,,,,,,,,12.3585106,12.3731221,12.856277,12.856277,12.856277,13.256731,b,1,0.3938152,None,,,,,447702,1,2025-08-26_00h49.04.397,Stroop task,,2025.1.1,59.99275287,2025-08-26 00h49.05.627333 +0530
RED,red,r,C,11,3,2,r,1,0.5429955,None,2,3,11,0,13.2732484,,,,,,,,,13.2569978,13.2732484,13.7562281,13.7562281,13.7562281,14.3065158,r,1,0.5429955,None,,,,,447702,1,2025-08-26_00h49.04.397,Stroop task,,2025.1.1,59.99275287,2025-08-26 00h49.05.627333 +0530
RED,red,r,C,12,0,3,r,1,0.5019251,None,3,0,12,0,14.3228207,,,,,,,,,14.3067935,14.3228207,14.8060131,14.8060131,14.8060131,15.3235382,r,1,0.5019251,None,,,,,447702,1,2025-08-26_00h49.04.397,Stroop task,,2025.1.1,59.99275287,2025-08-26 00h49.05.627333 +0530
RED,blue,b,I,13,1,3,b,1,0.4283001,None,3,1,13,1,15.3395484,,,,,,,,,15.3238209,15.3395484,15.8230308,15.8230308,15.8230308,16.2568826,b,1,0.4283001,None,,,,,447702,1,2025-08-26_00h49.04.397,Stroop task,,2025.1.1,59.99275287,2025-08-26 00h49.05.627333 +0530
BLUE,red,r,I,14,2,3,r,1,0.7227944,None,3,2,14,2,16.2731407,,,,,,,,,16.2584459,16.2731407,16.7560494,16.7560494,16.7560494,17.4902287,r,1,0.7227944,None,,,,,447702,1,2025-08-26_00h49.04.397,Stroop task,,2025.1.1,59.99275287,2025-08-26 00h49.05.627333 +0530
BLUE,blue,b,C,15,3,3,b,1,0.5114089,None,3,3,15,3,17.5065086,,,,,,,,,17.4905064,17.5065086,17.9894826,17.9894826,17.9894826,18.5068534,b,1,0.5114089,None,,,,,447702,1,2025-08-26_00h49.04.397,Stroop task,,2025.1.1,59.99275287,2025-08-26 00h49.05.627333 +0530
RED,red,r,C,16,0,4,r,1,0.5280714,None,4,0,16,0,18.5231014,,,,,,,,,18.5082381,18.5231014,19.0062222,19.0062222,19.0062222,19.5401445,r,1,0.5280714,None,,,,,447702,1,2025-08-26_00h49.04.397,Stroop task,,2025.1.1,59.99275287,2025-08-26 00h49.05.627333 +0530
RED,blue,b,I,17,1,4,b,1,0.5522446,None,4,1,17,1,19.5565547,,,,,,,,,19.5404332,19.5565547,20.0394433,20.0394433,20.0394433,20.6064117,b,1,0.5522446,None,,,,,447702,1,2025-08-26_00h49.04.397,Stroop task,,2025.1.1,59.99275287,2025-08-26 00h49.05.627333 +0530
BLUE,blue,b,C,18,2,4,b,1,0.640514,None,4,2,18,3,20.6226479,,,,,,,,,20.6078273,20.6226479,21.1063611,21.1063611,21.1063611,21.756259,b,1,0.640514,None,,,,,447702,1,2025-08-26_00h49.04.397,Stroop task,,2025.1.1,59.99275287,2025-08-26 00h49.05.627333 +0530
BLUE,red,r,I,19,3,4,r,1,0.786048,None,4,3,19,2,21.7727468,,,,,,,,,21.756545,21.7727468,22.2564528,22.2564528,22.2564528,23.0565329,r,1,0.786048,None,,,,,447702,1,2025-08-26_00h49.04.397,Stroop task,,2025.1.1,59.99275287,2025-08-26 00h49.05.627333 +0530
RED,blue,b,I,20,0,5,b,1,0.9989731,None,5,0,20,1,23.0727232,,,,,,,,,23.0579588,23.0727232,23.5563847,23.5563847,23.5563847,24.5569183,b,1,0.9989731,None,,,,,447702,1,2025-08-26_00h49.04.397,Stroop task,,2025.1.1,59.99275287,2025-08-26 00h49.05.627333 +0530
RED,red,r,C,21,1,5,r,1,0.734286,None,5,1,21,0,24.5730771,,,,,,,,,24.5571967,24.5730771,25.0560485,25.0560485,25.0560485,25.8062762,r,1,0.734286,None,,,,,447702,1,2025-08-26_00h49.04.397,Stroop task,,2025.1.1,59.99275287,2025-08-26 00h49.05.627333 +0530
BLUE,blue,b,C,22,2,5,b,1,0.5225906,None,5,2,22,3,25.8227118,,,,,,,,,25.8077023,25.8227118,26.3060753,26.3060753,26.3060753,26.8412524,b,1,0.5225906,None,,,,,447702,1,2025-08-26_00h49.04.397,Stroop task,,2025.1.1,59.99275287,2025-08-26 00h49.05.627333 +0530
BLUE,red,r,I,23,3,5,r,1,0.8342097,None,5,3,23,2,26.8559608,,,,,,,,,26.8416208,26.8559608,27.35576,27.35576,27.35576,28.2061924,r,1,0.8342097,None,,,,,447702,1,2025-08-26_00h49.04.397,Stroop task,,2025.1.1,59.99275287,2025-08-26 00h49.05.627333 +0530
RED,blue,b,I,24,0,6,b,1,0.4473192,None,6,0,24,1,28.2226166,,,,,,,,,28.2077535,28.2226166,28.7060887,28.7060887,28.7060887,29.1561797,b,1,0.4473192,None,,,,,447702,1,2025-08-26_00h49.04.397,Stroop task,,2025.1.1,59.99275287,2025-08-26 00h49.05.627333 +0530
RED,red,r,C,25,1,6,r,1,0.5539283,None,6,1,25,0,29.1723228,,,,,,,,,29.1565572,29.1723228,29.658189,29.658189,29.658189,30.2234821,r,1,0.5539283,None,,,,,447702,1,2025-08-26_00h49.04.397,Stroop task,,2025.1.1,59.99275287,2025-08-26 00h49.05.627333 +0530
BLUE,red,r,I,26,2,6,r,1,0.4672423,None,6,2,26,2,30.2399243,,,,,,,,,30.2248822,30.2399243,30.7229325,30.7229325,30.7229325,31.2062471,r,1,0.4672423,None,,,,,447702,1,2025-08-26_00h49.04.397,Stroop task,,2025.1.1,59.99275287,2025-08-26 00h49.05.627333 +0530
BLUE,blue,b,C,27,3,6,b,1,0.5175395,None,6,3,27,3,31.2224389,,,,,,,,,31.206512,31.2224389,31.7063026,31.7063026,31.7063026,32.23945,b,1,0.5175395,None,,,,,447702,1,2025-08-26_00h49.04.397,Stroop task,,2025.1.1,59.99275287,2025-08-26 00h49.05.627333 +0530
RED,red,r,C,28,0,7,r,1,0.4984248,None,7,0,28,0,32.2558438,,,,,,,,,32.2409876,32.2558438,32.7393704,32.7393704,32.7393704,33.2393889,r,1,0.4984248,None,,,,,447702,1,2025-08-26_00h49.04.397,Stroop task,,2025.1.1,59.99275287,2025-08-26 00h49.05.627333 +0530
RED,blue,b,I,29,1,7,b,1,0.7183569,None,7,1,29,1,33.2557509,,,,,,,,,33.2396612,33.2557509,33.7392398,33.7392398,33.7392398,34.4732147,b,1,0.7183569,None,,,,,447702,1,2025-08-26_00h49.04.397,Stroop task,,2025.1.1,59.99275287,2025-08-26 00h49.05.627333 +0530
BLUE,blue,b,C,30,2,7,b,1,0.5287049,None,7,2,30,3,34.4895731,,,,,,,,,34.4748114,34.4895731,34.9728477,34.9728477,34.9728477,35.5060738,b,1,0.5287049,None,,,,,447702,1,2025-08-26_00h49.04.397,Stroop task,,2025.1.1,59.99275287,2025-08-26 00h49.05.627333 +0530
BLUE,red,r,I,31,3,7,r,1,0.8714884,None,7,3,31,2,35.5228469,,,,,,,,,35.5063585,35.5228469,36.0062258,36.0062258,36.0062258,36.8893059,r,1,0.8714884,None,,,,,447702,1,2025-08-26_00h49.04.397,Stroop task,,2025.1.1,59.99275287,2025-08-26 00h49.05.627333 +0530
BLUE,red,r,I,32,0,8,r,1,0.6379257,None,8,0,32,2,36.9058631,,,,,,,,,36.8896275,36.9058631,37.3899378,37.3899378,37.3899378,38.0395018,r,1,0.6379257,None,,,,,447702,1,2025-08-26_00h49.04.397,Stroop task,,2025.1.1,59.99275287,2025-08-26 00h49.05.627333 +0530
BLUE,blue,b,C,33,1,8,b,1,0.6429504,None,8,1,33,3,38.0558389,,,,,,,,,38.0397675,38.0558389,38.5392502,38.5392502,38.5392502,39.1893049,b,1,0.6429504,None,,,,,447702,1,2025-08-26_00h49.04.397,Stroop task,,2025.1.1,59.99275287,2025-08-26 00h49.05.627333 +0530
RED,red,r,C,34,2,8,r,1,1.022626,None,8,2,34,0,39.205923,,,,,,,,,39.1906618,39.205923,39.689319,39.689319,39.689319,40.7265586,r,1,1.022626,None,,,,,447702,1,2025-08-26_00h49.04.397,Stroop task,,2025.1.1,59.99275287,2025-08-26 00h49.05.627333 +0530
RED,blue,b,I,35,3,8,b,1,0.8680165,None,8,3,35,1,40.7391106,,,,,,,,,40.7268309,40.7391106,41.2393116,41.2393116,41.2393116,42.122654,b,1,0.8680165,None,,,,,447702,1,2025-08-26_00h49.04.397,Stroop task,,2025.1.1,59.99275287,2025-08-26 00h49.05.627333 +0530
RED,blue,b,I,36,0,9,b,1,0.5604673,None,9,0,36,1,42.138944,,,,,,,,,42.1229162,42.138944,42.6227546,42.6227546,42.6227546,43.1897143,b,1,0.5604673,None,,,,,447702,1,2025-08-26_00h49.04.397,Stroop task,,2025.1.1,59.99275287,2025-08-26 00h49.05.627333 +0530
BLUE,red,r,I,37,1,9,r,1,0.8535387,None,9,1,37,2,43.2059957,,,,,,,,,43.1912286,43.2059957,43.6892514,43.6892514,43.6892514,44.556283,r,1,0.8535387,None,,,,,447702,1,2025-08-26_00h49.04.397,Stroop task,,2025.1.1,59.99275287,2025-08-26 00h49.05.627333 +0530
RED,red,r,C,38,2,9,r,1,0.5269281,None,9,2,38,0,44.5727094,,,,,,,,,44.5578228,44.5727094,45.0557684,45.0557684,45.0557684,45.5897876,r,1,0.5269281,None,,,,,447702,1,2025-08-26_00h49.04.397,Stroop task,,2025.1.1,59.99275287,2025-08-26 00h49.05.627333 +0530
BLUE,blue,b,C,39,3,9,b,1,0.7931425,None,9,3,39,3,45.6060667,,,,,,,,,45.5913852,45.6060667,46.089047,46.089047,46.089047,46.8893741,b,1,0.7931425,None,,,,,447702,1,2025-08-26_00h49.04.397,Stroop task,,2025.1.1,59.99275287,2025-08-26 00h49.05.627333 +0530
BLUE,blue,b,C,40,0,10,b,1,0.5523322,None,10,0,40,3,46.9057013,,,,,,,,,46.8896556,46.9057013,47.3889833,47.3889833,47.3889833,47.9560167,b,1,0.5523322,None,,,,,447702,1,2025-08-26_00h49.04.397,Stroop task,,2025.1.1,59.99275287,2025-08-26 00h49.05.627333 +0530
BLUE,red,r,I,41,1,10,r,1,0.6751963,None,10,1,41,2,47.972878,,,,,,,,,47.9563102,47.972878,48.4557893,48.4557893,48.4557893,49.1395735,r,1,0.6751963,None,,,,,447702,1,2025-08-26_00h49.04.397,Stroop task,,2025.1.1,59.99275287,2025-08-26 00h49.05.627333 +0530
RED,blue,b,I,42,2,10,b,1,0.837916,None,10,2,42,1,49.155846,,,,,,,,,49.1410698,49.155846,49.639081,49.639081,49.639081,50.4892515,b,1,0.837916,None,,,,,447702,1,2025-08-26_00h49.04.397,Stroop task,,2025.1.1,59.99275287,2025-08-26 00h49.05.627333 +0530
RED,red,r,C,43,3,10,r,1,0.7890152,None,10,3,43,0,50.5056879,,,,,,,,,50.4895257,50.5056879,50.9888102,50.9888102,50.9888102,51.7890163,r,1,0.7890152,None,,,,,447702,1,2025-08-26_00h49.04.397,Stroop task,,2025.1.1,59.99275287,2025-08-26 00h49.05.627333 +0530
BLUE,red,r,I,44,0,11,r,1,0.421884,None,11,0,44,2,51.8057204,,,,,,,,,51.790451,51.8057204,52.2891289,52.2891289,52.2891289,52.7228842,r,1,0.421884,None,,,,,447702,1,2025-08-26_00h49.04.397,Stroop task,,2025.1.1,59.99275287,2025-08-26 00h49.05.627333 +0530
RED,red,r,C,45,1,11,r,1,0.4564412,None,11,1,45,0,52.739274,,,,,,,,,52.7243064,52.739274,53.2224501,53.2224501,53.2224501,53.6892131,r,1,0.4564412,None,,,,,447702,1,2025-08-26_00h49.04.397,Stroop task,,2025.1.1,59.99275287,2025-08-26 00h49.05.627333 +0530
BLUE,blue,b,C,46,2,11,b,1,0.4870341,None,11,2,46,3,53.705549,,,,,,,,,53.6906507,53.705549,54.1915136,54.1915136,54.1915136,54.6892869,b,1,0.4870341,None,,,,,447702,1,2025-08-26_00h49.04.397,Stroop task,,2025.1.1,59.99275287,2025-08-26 00h49.05.627333 +0530
RED,blue,b,I,47,3,11,b,1,0.3770351,None,11,3,47,1,54.7059383,,,,,,,,,54.6909582,54.7059383,55.1889157,55.1889157,55.1889157,55.5726848,b,1,0.3770351,None,,,,,447702,1,2025-08-26_00h49.04.397,Stroop task,,2025.1.1,59.99275287,2025-08-26 00h49.05.627333 +0530
BLUE,red,r,I,48,0,12,r,1,0.5053061,None,12,0,48,2,55.5889159,,,,,,,,,55.5742167,55.5889159,56.0725575,56.0725575,56.0725575,56.5895542,r,1,0.5053061,None,,,,,447702,1,2025-08-26_00h49.04.397,Stroop task,,2025.1.1,59.99275287,2025-08-26 00h49.05.627333 +0530
RED,red,r,C,49,1,12,r,1,0.6134533,None,12,1,49,0,56.605571,,,,,,,,,56.5908484,56.605571,57.088896,57.088896,57.088896,57.7060156,r,1,0.6134533,None,,,,,447702,1,2025-08-26_00h49.04.397,Stroop task,,2025.1.1,59.99275287,2025-08-26 00h49.05.627333 +0530
BLUE,blue,b,C,50,2,12,b,1,0.5303332,None,12,2,50,3,57.7225001,,,,,,,,,57.7074884,57.7225001,58.2058782,58.2058782,58.2058782,58.7387944,b,1,0.5303332,None,,,,,447702,1,2025-08-26_00h49.04.397,Stroop task,,2025.1.1,59.99275287,2025-08-26 00h49.05.627333 +0530
RED,blue,b,I,51,3,12,b,1,0.733646,None,12,3,51,1,58.7555392,,,,,,,,,58.7404122,58.7555392,59.2388527,59.2388527,59.2388527,59.9729163,b,1,0.733646,None,,,,,447702,1,2025-08-26_00h49.04.397,Stroop task,,2025.1.1,59.99275287,2025-08-26 00h49.05.627333 +0530
RED,red,r,C,52,0,13,r,1,0.6290695,None,13,0,52,0,59.9893779,,,,,,,,,59.9731951,59.9893779,60.4720945,60.4720945,60.4720945,61.1057826,r,1,0.6290695,None,,,,,447702,1,2025-08-26_00h49.04.397,Stroop task,,2025.1.1,59.99275287,2025-08-26 00h49.05.627333 +0530
BLUE,blue,b,C,53,1,13,b,1,0.8516562,None,13,1,53,3,61.1220939,,,,,,,,,61.1072478,61.1220939,61.6054582,61.6054582,61.6054582,62.4727433,b,1,0.8516562,None,,,,,447702,1,2025-08-26_00h49.04.397,Stroop task,,2025.1.1,59.99275287,2025-08-26 00h49.05.627333 +0530
BLUE,red,r,I,54,2,13,r,1,0.6804484,None,13,2,54,2,62.4891308,,,,,,,,,62.473024,62.4891308,62.9720404,62.9720404,62.9720404,63.6559515,r,1,0.6804484,None,,,,,447702,1,2025-08-26_00h49.04.397,Stroop task,,2025.1.1,59.99275287,2025-08-26 00h49.05.627333 +0530
RED,blue,b,I,55,3,13,b,1,0.6307824,None,13,3,55,1,63.6720448,,,,,,,,,63.6574222,63.6720448,64.1557686,64.1557686,64.1557686,64.7888435,b,1,0.6307824,None,,,,,447702,1,2025-08-26_00h49.04.397,Stroop task,,2025.1.1,59.99275287,2025-08-26 00h49.05.627333 +0530
BLUE,red,r,I,56,0,14,r,1,0.8397446,None,14,0,56,2,64.8054431,,,,,,,,,64.7902621,64.8054431,65.2887388,65.2887388,65.2887388,66.1392794,r,1,0.8397446,None,,,,,447702,1,2025-08-26_00h49.04.397,Stroop task,,2025.1.1,59.99275287,2025-08-26 00h49.05.627333 +0530
RED,red,r,C,57,1,14,r,1,1.3844518,None,14,1,57,0,66.1557648,,,,,,,,,66.1408261,66.1557648,66.6392084,66.6392084,66.6392084,68.0390523,r,1,1.3844518,None,,,,,447702,1,2025-08-26_00h49.04.397,Stroop task,,2025.1.1,59.99275287,2025-08-26 00h49.05.627333 +0530
RED,blue,b,I,58,2,14,b,1,0.5084622,None,14,2,58,1,68.0553513,,,,,,,,,68.0393318,68.0553513,68.5387384,68.5387384,68.5387384,69.055541,b,1,0.5084622,None,,,,,447702,1,2025-08-26_00h49.04.397,Stroop task,,2025.1.1,59.99275287,2025-08-26 00h49.05.627333 +0530
BLUE,blue,b,C,59,3,14,b,1,0.5810098,None,14,3,59,3,69.0716564,,,,,,,,,69.056978,69.0716564,69.5555351,69.5555351,69.5555351,70.1390374,b,1,0.5810098,None,,,,,447702,1,2025-08-26_00h49.04.397,Stroop task,,2025.1.1,59.99275287,2025-08-26 00h49.05.627333 +0530
BLUE,red,r,I,60,0,15,r,1,0.6305822,None,15,0,60,2,70.1555578,,,,,,,,,70.1393161,70.1555578,70.6386622,70.6386622,70.6386622,71.27254,r,1,0.6305822,None,,,,,447702,1,2025-08-26_00h49.04.397,Stroop task,,2025.1.1,59.99275287,2025-08-26 00h49.05.627333 +0530
RED,blue,b,I,61,1,15,b,1,0.5789611,None,15,1,61,1,71.2895663,,,,,,,,,71.2741684,71.2895663,71.7718092,71.7718092,71.7718092,72.3556398,b,1,0.5789611,None,,,,,447702,1,2025-08-26_00h49.04.397,Stroop task,,2025.1.1,59.99275287,2025-08-26 00h49.05.627333 +0530
BLUE,blue,b,C,62,2,15,b,1,1.0658742,None,15,2,62,3,72.3721458,,,,,,,,,72.3576235,72.3721458,72.8550029,72.8550029,72.8550029,73.9224852,b,1,1.0658742,None,,,,,447702,1,2025-08-26_00h49.04.397,Stroop task,,2025.1.1,59.99275287,2025-08-26 00h49.05.627333 +0530
RED,red,r,C,63,3,15,r,1,0.5354206,None,15,3,63,0,73.9387352,,,,,,,,,73.9240871,73.9387352,74.4222652,74.4222652,74.4222652,74.9722534,r,1,0.5354206,None,,,,,447702,1,2025-08-26_00h49.04.397,Stroop task,,2025.1.1,59.99275287,2025-08-26 00h49.05.627333 +0530
RED,blue,b,I,64,0,16,b,1,0.9573286,None,16,0,64,1,74.9885509,,,,,,,,,74.972523,74.9885509,75.4722506,75.4722506,75.4722506,76.4389973,b,1,0.9573286,None,,,,,447702,1,2025-08-26_00h49.04.397,Stroop task,,2025.1.1,59.99275287,2025-08-26 00h49.05.627333 +0530
BLUE,blue,b,C,65,1,16,b,1,0.6404896,None,16,1,65,3,76.4555993,,,,,,,,,76.4404632,76.4555993,76.9385392,76.9385392,76.9385392,77.5889298,b,1,0.6404896,None,,,,,447702,1,2025-08-26_00h49.04.397,Stroop task,,2025.1.1,59.99275287,2025-08-26 00h49.05.627333 +0530
BLUE,red,r,I,66,2,16,r,1,0.6254442,None,16,2,66,2,77.6052522,,,,,,,,,77.5891931,77.6052522,78.0883644,78.0883644,78.0883644,78.7222311,r,1,0.6254442,None,,,,,447702,1,2025-08-26_00h49.04.397,Stroop task,,2025.1.1,59.99275287,2025-08-26 00h49.05.627333 +0530
RED,red,r,C,67,3,16,r,1,1.1160551,None,16,3,67,0,78.738623,,,,,,,,,78.7235678,78.738623,79.2214875,79.2214875,79.2214875,80.3391088,r,1,1.1160551,None,,,,,447702,1,2025-08-26_00h49.04.397,Stroop task,,2025.1.1,59.99275287,2025-08-26 00h49.05.627333 +0530
RED,red,r,C,68,0,17,r,1,0.6501026,None,17,0,68,0,80.3555172,,,,,,,,,80.3393802,80.3555172,80.8385882,80.8385882,80.8385882,81.489093,r,1,0.6501026,None,,,,,447702,1,2025-08-26_00h49.04.397,Stroop task,,2025.1.1,59.99275287,2025-08-26 00h49.05.627333 +0530
RED,blue,b,I,69,1,17,b,1,0.9202289,None,17,1,69,1,81.5052336,,,,,,,,,81.4893699,81.5052336,81.988439,81.988439,81.988439,82.922162,b,1,0.9202289,None,,,,,447702,1,2025-08-26_00h49.04.397,Stroop task,,2025.1.1,59.99275287,2025-08-26 00h49.05.627333 +0530
BLUE,blue,b,C,70,2,17,b,1,0.606489,None,17,2,70,3,82.9388236,,,,,,,,,82.9238166,82.9388236,83.4217905,83.4217905,83.4217905,84.0397002,b,1,0.606489,None,,,,,447702,1,2025-08-26_00h49.04.397,Stroop task,,2025.1.1,59.99275287,2025-08-26 00h49.05.627333 +0530
BLUE,red,r,I,71,3,17,r,1,0.8858031,None,17,3,71,2,84.0551384,,,,,,,,,84.0399716,84.0551384,84.5387834,84.5387834,84.5387834,85.4385523,r,1,0.8858031,None,,,,,447702,1,2025-08-26_00h49.04.397,Stroop task,,2025.1.1,59.99275287,2025-08-26 00h49.05.627333 +0530
RED,blue,b,I,72,0,18,b,1,0.6711038,None,18,0,72,1,85.4548783,,,,,,,,,85.4401175,85.4548783,85.9385183,85.9385183,85.9385183,86.6219702,b,1,0.6711038,None,,,,,447702,1,2025-08-26_00h49.04.397,Stroop task,,2025.1.1,59.99275287,2025-08-26 00h49.05.627333 +0530
BLUE,blue,b,C,73,1,18,b,1,0.5523059,None,18,1,73,3,86.6383936,,,,,,,,,86.6233227,86.6383936,87.1216231,87.1216231,87.1216231,87.6888826,b,1,0.5523059,None,,,,,447702,1,2025-08-26_00h49.04.397,Stroop task,,2025.1.1,59.99275287,2025-08-26 00h49.05.627333 +0530
RED,red,r,C,74,2,18,r,1,0.5641629,None,18,2,74,0,87.7048816,,,,,,,,,87.690744,87.7048816,88.1884461,88.1884461,88.1884461,88.755314,r,1,0.5641629,None,,,,,447702,1,2025-08-26_00h49.04.397,Stroop task,,2025.1.1,59.99275287,2025-08-26 00h49.05.627333 +0530
BLUE,red,r,I,75,3,18,r,1,1.2523654,None,18,3,75,2,88.7716847,,,,,,,,,88.7569292,88.7716847,89.2546924,89.2546924,89.2546924,90.5218408,r,1,1.2523654,None,,,,,447702,1,2025-08-26_00h49.04.397,Stroop task,,2025.1.1,59.99275287,2025-08-26 00h49.05.627333 +0530
RED,blue,b,I,76,0,19,b,1,0.6655338,None,19,0,76,1,90.5382503,,,,,,,,,90.5232909,90.5382503,91.0219717,91.0219717,91.0219717,91.6889676,b,1,0.6655338,None,,,,,447702,1,2025-08-26_00h49.04.397,Stroop task,,2025.1.1,59.99275287,2025-08-26 00h49.05.627333 +0530
BLUE,red,r,I,77,1,19,r,1,0.5673113,None,19,1,77,2,91.7050164,,,,,,,,,91.6903812,91.7050164,92.1885171,92.1885171,92.1885171,92.7719065,r,1,0.5673113,None,,,,,447702,1,2025-08-26_00h49.04.397,Stroop task,,2025.1.1,59.99275287,2025-08-26 00h49.05.627333 +0530
RED,red,r,C,78,2,19,r,1,0.5814638,None,19,2,78,0,92.7886866,,,,,,,,,92.7733465,92.7886866,93.2720226,93.2720226,93.2720226,93.8551932,r,1,0.5814638,None,,,,,447702,1,2025-08-26_00h49.04.397,Stroop task,,2025.1.1,59.99275287,2025-08-26 00h49.05.627333 +0530
BLUE,blue,b,C,79,3,19,b,1,0.6157457,None,19,3,79,3,93.87188,,,,,,,,,93.8568601,93.87188,94.3551427,94.3551427,94.3551427,94.9724269,b,1,0.6157457,None,,,,,447702,1,2025-08-26_00h49.04.397,Stroop task,,2025.1.1,59.99275287,2025-08-26 00h49.05.627333 +0530
RED,blue,b,I,80,0,20,b,1,2.1346218,None,20,0,80,1,94.9886195,,,,,,,,,94.97385,94.9886195,95.4719234,95.4719234,95.4719234,97.62205,b,1,2.1346218,None,,,,,447702,1,2025-08-26_00h49.04.397,Stroop task,,2025.1.1,59.99275287,2025-08-26 00h49.05.627333 +0530
BLUE,red,r,I,81,1,20,r,1,0.9470137,None,20,1,81,2,97.6383809,,,,,,,,,97.624225,97.6383809,98.1216444,98.1216444,98.1216444,99.0720075,r,1,0.9470137,None,,,,,447702,1,2025-08-26_00h49.04.397,Stroop task,,2025.1.1,59.99275287,2025-08-26 00h49.05.627333 +0530
RED,red,r,C,82,2,20,r,1,0.5359875,None,20,2,82,0,99.0885568,,,,,,,,,99.0736286,99.0885568,99.5716934,99.5716934,99.5716934,100.1218501,r,1,0.5359875,None,,,,,447702,1,2025-08-26_00h49.04.397,Stroop task,,2025.1.1,59.99275287,2025-08-26 00h49.05.627333 +0530
BLUE,blue,b,C,83,3,20,b,1,0.3827767,None,20,3,83,3,100.1381887,,,,,,,,,100.1234713,100.1381887,100.6218032,100.6218032,100.6218032,101.0054646,b,1,0.3827767,None,,,,,447702,1,2025-08-26_00h49.04.397,Stroop task,,2025.1.1,59.99275287,2025-08-26 00h49.05.627333 +0530
RED,blue,b,I,84,0,21,b,1,0.4564909,None,21,0,84,1,101.0212966,,,,,,,,,101.0068478,101.0212966,101.5048568,101.5048568,101.5048568,101.9721671,b,1,0.4564909,None,,,,,447702,1,2025-08-26_00h49.04.397,Stroop task,,2025.1.1,59.99275287,2025-08-26 00h49.05.627333 +0530
BLUE,blue,b,C,85,1,21,b,1,0.455644,None,21,1,85,3,101.9883361,,,,,,,,,101.9737732,101.9883361,102.4714191,102.4714191,102.4714191,102.9384767,b,1,0.455644,None,,,,,447702,1,2025-08-26_00h49.04.397,Stroop task,,2025.1.1,59.99275287,2025-08-26 00h49.05.627333 +0530
RED,red,r,C,86,2,21,r,1,1.8770603,None,21,2,86,0,102.9548506,,,,,,,,,102.940588,102.9548506,103.4383988,103.4383988,103.4383988,105.3216049,r,1,1.8770603,None,,,,,447702,1,2025-08-26_00h49.04.397,Stroop task,,2025.1.1,59.99275287,2025-08-26 00h49.05.627333 +0530
BLUE,red,r,I,87,3,21,r,1,0.5686466,None,21,3,87,2,105.3381921,,,,,,,,,105.3231379,105.3381921,105.8215078,105.8215078,105.8215078,106.4054076,r,1,0.5686466,None,,,,,447702,1,2025-08-26_00h49.04.397,Stroop task,,2025.1.1,59.99275287,2025-08-26 00h49.05.627333 +0530
RED,red,r,C,88,0,22,r,1,0.4642994,None,22,0,88,0,106.4215691,,,,,,,,,106.4068596,106.4215691,106.904821,106.904821,106.904821,107.3717661,r,1,0.4642994,None,,,,,447702,1,2025-08-26_00h49.04.397,Stroop task,,2025.1.1,59.99275287,2025-08-26 00h49.05.627333 +0530
RED,blue,b,I,89,1,22,b,1,0.5698378,None,22,1,89,1,107.3878717,,,,,,,,,107.3720472,107.3878717,107.8717122,107.8717122,107.8717122,108.4550447,b,1,0.5698378,None,,,,,447702,1,2025-08-26_00h49.04.397,Stroop task,,2025.1.1,59.99275287,2025-08-26 00h49.05.627333 +0530
BLUE,blue,b,C,90,2,22,b,1,0.3339369,None,22,2,90,3,108.4712914,,,,,,,,,108.4567309,108.4712914,108.9547946,108.9547946,108.9547946,109.3050991,b,1,0.3339369,None,,,,,447702,1,2025-08-26_00h49.04.397,Stroop task,,2025.1.1,59.99275287,2025-08-26 00h49.05.627333 +0530
BLUE,red,r,I,91,3,22,r,1,0.4672575,None,22,3,91,2,109.3213484,,,,,,,,,109.305388,109.3213484,109.8046706,109.8046706,109.8046706,110.2727468,r,1,0.4672575,None,,,,,447702,1,2025-08-26_00h49.04.397,Stroop task,,2025.1.1,59.99275287,2025-08-26 00h49.05.627333 +0530
RED,red,r,C,92,0,23,r,1,0.5080221,None,23,0,92,0,110.2881818,,,,,,,,,110.2743858,110.2881818,110.7883862,110.7883862,110.7883862,111.305029,r,1,0.5080221,None,,,,,447702,1,2025-08-26_00h49.04.397,Stroop task,,2025.1.1,59.99275287,2025-08-26 00h49.05.627333 +0530
RED,blue,b,I,93,1,23,b,1,0.4997804,None,23,1,93,1,111.3213257,,,,,,,,,111.3053085,111.3213257,111.8050175,111.8050175,111.8050175,112.3090182,b,1,0.4997804,None,,,,,447702,1,2025-08-26_00h49.04.397,Stroop task,,2025.1.1,59.99275287,2025-08-26 00h49.05.627333 +0530
BLUE,red,r,I,94,2,23,r,1,0.578169,None,23,2,94,2,112.3213723,,,,,,,,,112.3107009,112.3213723,112.8211122,112.8211122,112.8211122,113.4053588,r,1,0.578169,None,,,,,447702,1,2025-08-26_00h49.04.397,Stroop task,,2025.1.1,59.99275287,2025-08-26 00h49.05.627333 +0530
BLUE,blue,b,C,95,3,23,b,1,0.4852463,None,23,3,95,3,113.4214293,,,,,,,,,113.4056358,113.4214293,113.9058679,113.9058679,113.9058679,114.4050296,b,1,0.4852463,None,,,,,447702,1,2025-08-26_00h49.04.397,Stroop task,,2025.1.1,59.99275287,2025-08-26 00h49.05.627333 +0530
RED,red,r,C,96,0,24,r,1,0.5305584,None,24,0,96,0,114.4466308,,,,,,,,,114.444307,114.4466308,114.9046257,114.9046257,114.9046257,115.4382409,r,1,0.5305584,None,,,,,447702,1,2025-08-26_00h49.04.397,Stroop task,,2025.1.1,59.99275287,2025-08-26 00h49.05.627333 +0530
BLUE,blue,b,C,97,1,24,b,1,0.5198287,None,24,1,97,3,115.4545421,,,,,,,,,115.4396465,115.4545421,115.9388923,115.9388923,115.9388923,116.4716488,b,1,0.5198287,None,,,,,447702,1,2025-08-26_00h49.04.397,Stroop task,,2025.1.1,59.99275287,2025-08-26 00h49.05.627333 +0530
BLUE,red,r,I,98,2,24,r,1,0.5157378,None,24,2,98,2,116.4882093,,,,,,,,,116.4720012,116.4882093,116.9714716,116.9714716,116.9714716,117.488767,r,1,0.5157378,None,,,,,447702,1,2025-08-26_00h49.04.397,Stroop task,,2025.1.1,59.99275287,2025-08-26 00h49.05.627333 +0530
RED,blue,b,I,99,3,24,b,1,0.5276047,None,24,3,99,1,117.5044916,,,,,,,,,117.4907476,117.5044916,117.9879947,117.9879947,117.9879947,118.5215471,b,1,0.5276047,None,,,,,447702,1,2025-08-26_00h49.04.397,Stroop task,,2025.1.1,59.99275287,2025-08-26 00h49.05.627333 +0530
RED,blue,b,I,100,0,25,b,1,0.5682576,None,25,0,100,1,118.5378942,,,,,,,,,118.521828,118.5378942,119.0210762,119.0210762,119.0210762,119.6044782,b,1,0.5682576,None,,,,,447702,1,2025-08-26_00h49.04.397,Stroop task,,2025.1.1,59.99275287,2025-08-26 00h49.05.627333 +0530
RED,red,r,C,101,1,25,r,1,0.6401189,None,25,1,101,0,119.6212651,,,,,,,,,119.6047441,119.6212651,120.1047593,120.1047593,120.1047593,120.7552132,r,1,0.6401189,None,,,,,447702,1,2025-08-26_00h49.04.397,Stroop task,,2025.1.1,59.99275287,2025-08-26 00h49.05.627333 +0530
BLUE,blue,b,C,102,2,25,b,1,0.7497347,None,25,2,102,3,120.7713947,,,,,,,,,120.7568105,120.7713947,121.2545131,121.2545131,121.2545131,122.0049906,b,1,0.7497347,None,,,,,447702,1,2025-08-26_00h49.04.397,Stroop task,,2025.1.1,59.99275287,2025-08-26 00h49.05.627333 +0530
BLUE,red,r,I,103,3,25,b,0,0.7465504,None,25,3,103,2,122.0212416,,,,,,,,,122.0052865,122.0212416,122.5044065,122.5044065,122.5044065,123.2551854,b,0,0.7465504,None,,,,,447702,1,2025-08-26_00h49.04.397,Stroop task,,2025.1.1,59.99275287,2025-08-26 00h49.05.627333 +0530
RED,red,r,C,104,0,26,r,1,0.7758659,None,26,0,104,0,123.2717315,,,,,,,,,123.2569603,123.2717315,123.7544563,123.7544563,123.7544563,124.538532,r,1,0.7758659,None,,,,,447702,1,2025-08-26_00h49.04.397,Stroop task,,2025.1.1,59.99275287,2025-08-26 00h49.05.627333 +0530
BLUE,red,r,I,105,1,26,r,1,0.9540691,None,26,1,105,2,124.554568,,,,,,,,,124.5401393,124.554568,125.0381733,125.0381733,125.0381733,126.0049335,r,1,0.9540691,None,,,,,447702,1,2025-08-26_00h49.04.397,Stroop task,,2025.1.1,59.99275287,2025-08-26 00h49.05.627333 +0530
RED,blue,b,I,106,2,26,b,1,0.6230915,None,26,2,106,1,126.0212491,,,,,,,,,126.006507,126.0212491,126.5047942,126.5047942,126.5047942,127.137882,b,1,0.6230915,None,,,,,447702,1,2025-08-26_00h49.04.397,Stroop task,,2025.1.1,59.99275287,2025-08-26 00h49.05.627333 +0530
BLUE,blue,b,C,107,3,26,b,1,0.5877093,None,26,3,107,3,127.1545137,,,,,,,,,127.1393441,127.1545137,127.6377366,127.6377366,127.6377366,128.2379987,b,1,0.5877093,None,,,,,447702,1,2025-08-26_00h49.04.397,Stroop task,,2025.1.1,59.99275287,2025-08-26 00h49.05.627333 +0530
BLUE,blue,b,C,108,0,27,b,1,0.4726239,None,27,0,108,3,128.2545923,,,,,,,,,128.2382701,128.2545923,128.7379314,128.7379314,128.7379314,129.2217342,b,1,0.4726239,None,,,,,447702,1,2025-08-26_00h49.04.397,Stroop task,,2025.1.1,59.99275287,2025-08-26 00h49.05.627333 +0530
RED,blue,b,I,109,1,27,b,1,0.6170523,None,27,1,109,1,129.238092,,,,,,,,,129.2231888,129.238092,129.721031,129.721031,129.721031,130.3385045,b,1,0.6170523,None,,,,,447702,1,2025-08-26_00h49.04.397,Stroop task,,2025.1.1,59.99275287,2025-08-26 00h49.05.627333 +0530
RED,red,r,C,110,2,27,r,1,0.4682852,None,27,2,110,0,130.3543538,,,,,,,,,130.3388668,130.3543538,130.8378017,130.8378017,130.8378017,131.3213836,r,1,0.4682852,None,,,,,447702,1,2025-08-26_00h49.04.397,Stroop task,,2025.1.1,59.99275287,2025-08-26 00h49.05.627333 +0530
BLUE,red,r,I,111,3,27,r,1,0.5187784,None,27,3,111,2,131.3375549,,,,,,,,,131.3228879,131.3375549,131.8209398,131.8209398,131.8209398,132.3546686,r,1,0.5187784,None,,,,,447702,1,2025-08-26_00h49.04.397,Stroop task,,2025.1.1,59.99275287,2025-08-26 00h49.05.627333 +0530
RED,blue,b,I,112,0,28,b,1,0.3785401,None,28,0,112,1,132.3709679,,,,,,,,,132.3564809,132.3709679,132.854133,132.854133,132.854133,133.2391883,b,1,0.3785401,None,,,,,447702,1,2025-08-26_00h49.04.397,Stroop task,,2025.1.1,59.99275287,2025-08-26 00h49.05.627333 +0530
BLUE,blue,b,C,113,1,28,b,1,0.4448639,None,28,1,113,3,133.2542077,,,,,,,,,133.2407881,133.2542077,133.7544969,133.7544969,133.7544969,134.2052811,b,1,0.4448639,None,,,,,447702,1,2025-08-26_00h49.04.397,Stroop task,,2025.1.1,59.99275287,2025-08-26 00h49.05.627333 +0530
RED,red,r,C,114,2,28,r,1,0.3964829,None,28,2,114,0,134.2213365,,,,,,,,,134.2068305,134.2213365,134.7212985,134.7212985,134.7212985,135.1209752,r,1,0.3964829,None,,,,,447702,1,2025-08-26_00h49.04.397,Stroop task,,2025.1.1,59.99275287,2025-08-26 00h49.05.627333 +0530
BLUE,red,r,I,115,3,28,r,1,0.8394592,None,28,3,115,2,135.1374339,,,,,,,,,135.1224796,135.1374339,135.6210722,135.6210722,135.6210722,136.4713268,r,1,0.8394592,None,,,,,447702,1,2025-08-26_00h49.04.397,Stroop task,,2025.1.1,59.99275287,2025-08-26 00h49.05.627333 +0530
RED,red,r,C,116,0,29,r,1,0.4709265,None,29,0,116,0,136.487969,,,,,,,,,136.4728474,136.487969,136.9709069,136.9709069,136.9709069,137.4543818,r,1,0.4709265,None,,,,,447702,1,2025-08-26_00h49.04.397,Stroop task,,2025.1.1,59.99275287,2025-08-26 00h49.05.627333 +0530
BLUE,red,r,I,117,1,29,r,1,0.5422614,None,29,1,117,2,137.4708459,,,,,,,,,137.4558044,137.4708459,137.9544868,137.9544868,137.9544868,138.5049533,r,1,0.5422614,None,,,,,447702,1,2025-08-26_00h49.04.397,Stroop task,,2025.1.1,59.99275287,2025-08-26 00h49.05.627333 +0530
BLUE,blue,b,C,118,2,29,b,1,0.4542554,None,29,2,118,3,138.5212348,,,,,,,,,138.5052274,138.5212348,139.0042427,139.0042427,139.0042427,139.4712546,b,1,0.4542554,None,,,,,447702,1,2025-08-26_00h49.04.397,Stroop task,,2025.1.1,59.99275287,2025-08-26 00h49.05.627333 +0530
RED,blue,b,I,119,3,29,b,1,0.632599,None,29,3,119,1,139.4875782,,,,,,,,,139.4728106,139.4875782,139.9707632,139.9707632,139.9707632,140.6049061,b,1,0.632599,None,,,,,447702,1,2025-08-26_00h49.04.397,Stroop task,,2025.1.1,59.99275287,2025-08-26 00h49.05.627333 +0530
RED,red,r,C,120,0,30,r,1,0.4830256,None,30,0,120,0,140.6207443,,,,,,,,,140.6051834,140.6207443,141.1042382,141.1042382,141.1042382,141.5887291,r,1,0.4830256,None,,,,,447702,1,2025-08-26_00h49.04.397,Stroop task,,2025.1.1,59.99275287,2025-08-26 00h49.05.627333 +0530
BLUE,blue,b,C,121,1,30,b,1,0.9995596,None,30,1,121,3,141.6043059,,,,,,,,,141.5903134,141.6043059,142.1042995,142.1042995,142.1042995,143.1044491,b,1,0.9995596,None,,,,,447702,1,2025-08-26_00h49.04.397,Stroop task,,2025.1.1,59.99275287,2025-08-26 00h49.05.627333 +0530
BLUE,red,r,I,122,2,30,r,1,0.6897358,None,30,2,122,2,143.1207358,,,,,,,,,143.1047266,143.1207358,143.6043093,143.6043093,143.6043093,144.304854,r,1,0.6897358,None,,,,,447702,1,2025-08-26_00h49.04.397,Stroop task,,2025.1.1,59.99275287,2025-08-26 00h49.05.627333 +0530
RED,blue,b,I,123,3,30,b,1,0.689898,None,30,3,123,1,144.3212491,,,,,,,,,144.3062717,144.3212491,144.8043758,144.8043758,144.8043758,145.5044773,b,1,0.689898,None,,,,,447702,1,2025-08-26_00h49.04.397,Stroop task,,2025.1.1,59.99275287,2025-08-26 00h49.05.627333 +0530
RED,red,r,C,124,0,31,r,1,0.583487,None,31,0,124,0,145.5209488,,,,,,,,,145.5047525,145.5209488,146.004398,146.004398,146.004398,146.6044416,r,1,0.583487,None,,,,,447702,1,2025-08-26_00h49.04.397,Stroop task,,2025.1.1,59.99275287,2025-08-26 00h49.05.627333 +0530
BLUE,blue,b,C,125,1,31,b,1,0.552051,None,31,1,125,3,146.6207206,,,,,,,,,146.6059446,146.6207206,147.1044846,147.1044846,147.1044846,147.6708791,b,1,0.552051,None,,,,,447702,1,2025-08-26_00h49.04.397,Stroop task,,2025.1.1,59.99275287,2025-08-26 00h49.05.627333 +0530
BLUE,red,r,I,126,2,31,b,0,0.636101,None,31,2,126,2,147.6871932,,,,,,,,,147.671149,147.6871932,148.1705642,148.1705642,148.1705642,148.8208109,b,0,0.636101,None,,,,,447702,1,2025-08-26_00h49.04.397,Stroop task,,2025.1.1,59.99275287,2025-08-26 00h49.05.627333 +0530
RED,blue,b,I,127,3,31,b,1,2.5481465,None,31,3,127,1,148.8374679,,,,,,,,,148.8225223,148.8374679,149.3210629,149.3210629,149.3210629,151.8707793,b,1,2.5481465,None,,,,,447702,1,2025-08-26_00h49.04.397,Stroop task,,2025.1.1,59.99275287,2025-08-26 00h49.05.627333 +0530
RED,blue,b,I,128,0,32,b,1,0.5389759,None,32,0,128,1,151.8872802,,,,,,,,,151.8710482,151.8872802,152.3708745,152.3708745,152.3708745,152.921356,b,1,0.5389759,None,,,,,447702,1,2025-08-26_00h49.04.397,Stroop task,,2025.1.1,59.99275287,2025-08-26 00h49.05.627333 +0530
BLUE,blue,b,C,129,1,32,b,1,0.5222771,None,32,1,129,3,152.9377504,,,,,,,,,152.9228022,152.9377504,153.4208313,153.4208313,153.4208313,153.9542253,b,1,0.5222771,None,,,,,447702,1,2025-08-26_00h49.04.397,Stroop task,,2025.1.1,59.99275287,2025-08-26 00h49.05.627333 +0530
RED,red,r,C,130,2,32,r,1,0.4466239,None,32,2,130,0,153.9706424,,,,,,,,,153.9557022,153.9706424,154.4543791,154.4543791,154.4543791,154.9043558,r,1,0.4466239,None,,,,,447702,1,2025-08-26_00h49.04.397,Stroop task,,2025.1.1,59.99275287,2025-08-26 00h49.05.627333 +0530
BLUE,red,r,I,131,3,32,r,1,0.5616798,None,32,3,131,2,154.9206225,,,,,,,,,154.9059994,154.9206225,155.4039041,155.4039041,155.4039041,155.9708082,r,1,0.5616798,None,,,,,447702,1,2025-08-26_00h49.04.397,Stroop task,,2025.1.1,59.99275287,2025-08-26 00h49.05.627333 +0530
BLUE,red,r,I,132,0,33,b,0,0.7395972,None,33,0,132,2,155.9870925,,,,,,,,,155.9710806,155.9870925,156.4706036,156.4706036,156.4706036,157.2209337,b,0,0.7395972,None,,,,,447702,1,2025-08-26_00h49.04.397,Stroop task,,2025.1.1,59.99275287,2025-08-26 00h49.05.627333 +0530
BLUE,blue,b,C,133,1,33,b,1,1.5393288,None,33,1,133,3,157.2372964,,,,,,,,,157.2212077,157.2372964,157.7209385,157.7209385,157.7209385,159.2712384,b,1,1.5393288,None,,,,,447702,1,2025-08-26_00h49.04.397,Stroop task,,2025.1.1,59.99275287,2025-08-26 00h49.05.627333 +0530
RED,red,r,C,134,2,33,r,1,0.4749141,None,33,2,134,0,159.2876043,,,,,,,,,159.2726981,159.2876043,159.7711088,159.7711088,159.7711088,160.2545739,r,1,0.4749141,None,,,,,447702,1,2025-08-26_00h49.04.397,Stroop task,,2025.1.1,59.99275287,2025-08-26 00h49.05.627333 +0530
RED,blue,b,I,135,3,33,b,1,0.7162299,None,33,3,135,1,160.2716045,,,,,,,,,160.2548456,160.2716045,160.7539663,160.7539663,160.7539663,161.4710451,b,1,0.7162299,None,,,,,447702,1,2025-08-26_00h49.04.397,Stroop task,,2025.1.1,59.99275287,2025-08-26 00h49.05.627333 +0530
RED,red,r,C,136,0,34,r,1,1.3795694,None,34,0,136,0,161.4869697,,,,,,,,,161.4713112,161.4869697,161.970895,161.970895,161.970895,163.3543338,r,1,1.3795694,None,,,,,447702,1,2025-08-26_00h49.04.397,Stroop task,,2025.1.1,59.99275287,2025-08-26 00h49.05.627333 +0530
RED,blue,b,I,137,1,34,b,1,0.5869375,None,34,1,137,1,163.3705877,,,,,,,,,163.354617,163.3705877,163.8537224,163.8537224,163.8537224,164.4542824,b,1,0.5869375,None,,,,,447702,1,2025-08-26_00h49.04.397,Stroop task,,2025.1.1,59.99275287,2025-08-26 00h49.05.627333 +0530
BLUE,red,r,I,138,2,34,r,1,0.7153303,None,34,2,138,2,164.4705147,,,,,,,,,164.4556517,164.4705147,164.9542751,164.9542751,164.9542751,165.6706848,r,1,0.7153303,None,,,,,447702,1,2025-08-26_00h49.04.397,Stroop task,,2025.1.1,59.99275287,2025-08-26 00h49.05.627333 +0530
BLUE,blue,b,C,139,3,34,b,1,1.4004331,None,34,3,139,3,165.6869876,,,,,,,,,165.6709559,165.6869876,166.1703904,166.1703904,166.1703904,167.5712426,b,1,1.4004331,None,,,,,447702,1,2025-08-26_00h49.04.397,Stroop task,,2025.1.1,59.99275287,2025-08-26 00h49.05.627333 +0530
RED,red,r,C,140,0,35,r,1,0.4530425,None,35,0,140,0,167.5871196,,,,,,,,,167.5728452,167.5871196,168.0703046,168.0703046,168.0703046,168.5374406,r,1,0.4530425,None,,,,,447702,1,2025-08-26_00h49.04.397,Stroop task,,2025.1.1,59.99275287,2025-08-26 00h49.05.627333 +0530
BLUE,red,r,I,141,1,35,r,1,0.5902509,None,35,1,141,2,168.5537747,,,,,,,,,168.5393158,168.5537747,169.0371084,169.0371084,169.0371084,169.637373,r,1,0.5902509,None,,,,,447702,1,2025-08-26_00h49.04.397,Stroop task,,2025.1.1,59.99275287,2025-08-26 00h49.05.627333 +0530
RED,blue,b,I,142,2,35,b,1,0.6208622,None,35,2,142,1,169.6535958,,,,,,,,,169.6387052,169.6535958,170.1371757,170.1371757,170.1371757,170.7711192,b,1,0.6208622,None,,,,,447702,1,2025-08-26_00h49.04.397,Stroop task,,2025.1.1,59.99275287,2025-08-26 00h49.05.627333 +0530
BLUE,blue,b,C,143,3,35,b,1,0.5855326,None,35,3,143,3,170.787418,,,,,,,,,170.7727644,170.787418,171.2703374,171.2703374,171.2703374,171.8718549,b,1,0.5855326,None,,,,,447702,1,2025-08-26_00h49.04.397,Stroop task,,2025.1.1,59.99275287,2025-08-26 00h49.05.627333 +0530
RED,red,r,C,144,0,36,r,1,0.6381977,None,36,0,144,0,171.8871266,,,,,,,,,171.8734825,171.8871266,172.3870308,172.3870308,172.3870308,173.0375265,r,1,0.6381977,None,,,,,447702,1,2025-08-26_00h49.04.397,Stroop task,,2025.1.1,59.99275287,2025-08-26 00h49.05.627333 +0530
BLUE,blue,b,C,145,1,36,b,1,0.5066033,None,36,1,145,3,173.0540604,,,,,,,,,173.0391812,173.0540604,173.5373862,173.5373862,173.5373862,174.0540487,b,1,0.5066033,None,,,,,447702,1,2025-08-26_00h49.04.397,Stroop task,,2025.1.1,59.99275287,2025-08-26 00h49.05.627333 +0530
BLUE,red,r,I,146,2,36,r,1,0.6441499,None,36,2,146,2,174.0702475,,,,,,,,,174.0543218,174.0702475,174.5540861,174.5540861,174.5540861,175.2040902,r,1,0.6441499,None,,,,,447702,1,2025-08-26_00h49.04.397,Stroop task,,2025.1.1,59.99275287,2025-08-26 00h49.05.627333 +0530
RED,blue,b,I,147,3,36,b,1,0.8416931,None,36,3,147,1,175.2203052,,,,,,,,,175.2055916,175.2203052,175.7038516,175.7038516,175.7038516,176.5543302,b,1,0.8416931,None,,,,,447702,1,2025-08-26_00h49.04.397,Stroop task,,2025.1.1,59.99275287,2025-08-26 00h49.05.627333 +0530
RED,blue,b,I,148,0,37,b,1,0.6251822,None,37,0,148,1,176.5705145,,,,,,,,,176.5546038,176.5705145,177.0539902,177.0539902,177.0539902,177.687285,b,1,0.6251822,None,,,,,447702,1,2025-08-26_00h49.04.397,Stroop task,,2025.1.1,59.99275287,2025-08-26 00h49.05.627333 +0530
BLUE,blue,b,C,149,1,37,b,1,0.4758053,None,37,1,149,3,177.7037442,,,,,,,,,177.6888484,177.7037442,178.1868911,178.1868911,178.1868911,178.6703636,b,1,0.4758053,None,,,,,447702,1,2025-08-26_00h49.04.397,Stroop task,,2025.1.1,59.99275287,2025-08-26 00h49.05.627333 +0530
RED,red,r,C,150,2,37,r,1,0.6100679,None,37,2,150,0,178.6872728,,,,,,,,,178.6718606,178.6872728,179.1705946,179.1705946,179.1705946,179.7873027,r,1,0.6100679,None,,,,,447702,1,2025-08-26_00h49.04.397,Stroop task,,2025.1.1,59.99275287,2025-08-26 00h49.05.627333 +0530
BLUE,red,r,I,151,3,37,r,1,0.8199326,None,37,3,151,2,179.8038723,,,,,,,,,179.789379,179.8038723,180.2873053,180.2873053,180.2873053,181.1207926,r,1,0.8199326,None,,,,,447702,1,2025-08-26_00h49.04.397,Stroop task,,2025.1.1,59.99275287,2025-08-26 00h49.05.627333 +0530
RED,red,r,C,152,0,38,r,1,0.4919316,None,38,0,152,0,181.1370796,,,,,,,,,181.1222582,181.1370796,181.6204158,181.6204158,181.6204158,182.1209026,r,1,0.4919316,None,,,,,447702,1,2025-08-26_00h49.04.397,Stroop task,,2025.1.1,59.99275287,2025-08-26 00h49.05.627333 +0530
RED,blue,b,I,153,1,38,b,1,0.7953205,None,38,1,153,1,182.1372636,,,,,,,,,182.121178,182.1372636,182.620462,182.620462,182.620462,183.4207098,b,1,0.7953205,None,,,,,447702,1,2025-08-26_00h49.04.397,Stroop task,,2025.1.1,59.99275287,2025-08-26 00h49.05.627333 +0530
BLUE,red,r,I,154,2,38,r,1,0.923841,None,38,2,154,2,183.4369884,,,,,,,,,183.422105,183.4369884,183.9202348,183.9202348,183.9202348,184.8536964,r,1,0.923841,None,,,,,447702,1,2025-08-26_00h49.04.397,Stroop task,,2025.1.1,59.99275287,2025-08-26 00h49.05.627333 +0530
BLUE,blue,b,C,155,3,38,b,1,0.4941701,None,38,3,155,3,184.8705159,,,,,,,,,184.8539801,184.8705159,185.3536084,185.3536084,185.3536084,185.8541959,b,1,0.4941701,None,,,,,447702,1,2025-08-26_00h49.04.397,Stroop task,,2025.1.1,59.99275287,2025-08-26 00h49.05.627333 +0530
RED,red,r,C,156,0,39,r,1,0.7479014,None,39,0,156,0,185.8708958,,,,,,,,,185.8555952,185.8708958,186.3702209,186.3702209,186.3702209,187.1204158,r,1,0.7479014,None,,,,,447702,1,2025-08-26_00h49.04.397,Stroop task,,2025.1.1,59.99275287,2025-08-26 00h49.05.627333 +0530
BLUE,red,r,I,157,1,39,r,1,0.4842833,None,39,1,157,2,187.1367131,,,,,,,,,187.1219462,187.1367131,187.6200429,187.6200429,187.6200429,188.1200119,r,1,0.4842833,None,,,,,447702,1,2025-08-26_00h49.04.397,Stroop task,,2025.1.1,59.99275287,2025-08-26 00h49.05.627333 +0530
RED,blue,b,I,158,2,39,b,1,0.4823236,None,39,2,158,1,188.1367883,,,,,,,,,188.1218891,188.1367883,188.620467,188.620467,188.620467,189.1043652,b,1,0.4823236,None,,,,,447702,1,2025-08-26_00h49.04.397,Stroop task,,2025.1.1,59.99275287,2025-08-26 00h49.05.627333 +0530
BLUE,blue,b,C,159,3,39,b,1,0.5270164,None,39,3,159,3,189.1204414,,,,,,,,,189.105932,189.1204414,189.6034878,189.6034878,189.6034878,190.1371041,b,1,0.5270164,None,,,,,447702,1,2025-08-26_00h49.04.397,Stroop task,,2025.1.1,59.99275287,2025-08-26 00h49.05.627333 +0530
BLUE,blue,b,C,160,0,40,b,1,0.5278768,None,40,0,160,3,190.1533088,,,,,,,,,190.1373756,190.1533088,190.6367767,190.6367767,190.6367767,191.170676,b,1,0.5278768,None,,,,,447702,1,2025-08-26_00h49.04.397,Stroop task,,2025.1.1,59.99275287,2025-08-26 00h49.05.627333 +0530
RED,red,r,C,161,1,40,r,1,0.5071505,None,40,1,161,0,191.1865378,,,,,,,,,191.1721742,191.1865378,191.6700305,191.6700305,191.6700305,192.1869946,r,1,0.5071505,None,,,,,447702,1,2025-08-26_00h49.04.397,Stroop task,,2025.1.1,59.99275287,2025-08-26 00h49.05.627333 +0530
BLUE,red,r,I,162,2,40,r,1,1.9350791,None,40,2,162,2,192.203457,,,,,,,,,192.1884298,192.203457,192.686866,192.686866,192.686866,194.6370411,r,1,1.9350791,None,,,,,447702,1,2025-08-26_00h49.04.397,Stroop task,,2025.1.1,59.99275287,2025-08-26 00h49.05.627333 +0530
RED,blue,b,I,163,3,40,b,1,0.9732843,None,40,3,163,1,194.6533768,,,,,,,,,194.6385645,194.6533768,195.1366453,195.1366453,195.1366453,196.1203101,b,1,0.9732843,None,,,,,447702,1,2025-08-26_00h49.04.397,Stroop task,,2025.1.1,59.99275287,2025-08-26 00h49.05.627333 +0530
BLUE,blue,b,C,164,0,41,b,1,1.611154,None,41,0,164,3,196.1366855,,,,,,,,,196.1218406,196.1366855,196.6203913,196.6203913,196.6203913,198.2371466,b,1,1.611154,None,,,,,447702,1,2025-08-26_00h49.04.397,Stroop task,,2025.1.1,59.99275287,2025-08-26 00h49.05.627333 +0530
RED,red,r,C,165,1,41,r,1,0.4943217,None,41,1,165,0,198.2536762,,,,,,,,,198.2387005,198.2536762,198.737026,198.737026,198.737026,199.2371941,r,1,0.4943217,None,,,,,447702,1,2025-08-26_00h49.04.397,Stroop task,,2025.1.1,59.99275287,2025-08-26 00h49.05.627333 +0530
RED,blue,b,I,166,2,41,b,1,0.7283667,None,41,2,166,1,199.253668,,,,,,,,,199.2374753,199.253668,199.7366403,199.7366403,199.7366403,200.470337,b,1,0.7283667,None,,,,,447702,1,2025-08-26_00h49.04.397,Stroop task,,2025.1.1,59.99275287,2025-08-26 00h49.05.627333 +0530
BLUE,red,r,I,167,3,41,r,1,0.7798836,None,41,3,167,2,200.4865342,,,,,,,,,200.4719089,200.4865342,200.9697246,200.9697246,200.9697246,201.7575923,r,1,0.7798836,None,,,,,447702,1,2025-08-26_00h49.04.397,Stroop task,,2025.1.1,59.99275287,2025-08-26 00h49.05.627333 +0530
BLUE,blue,b,C,168,0,42,b,1,0.8171235,None,42,0,168,3,201.7699263,,,,,,,,,201.7579432,201.7699263,202.2698557,202.2698557,202.2698557,203.0873491,b,1,0.8171235,None,,,,,447702,1,2025-08-26_00h49.04.397,Stroop task,,2025.1.1,59.99275287,2025-08-26 00h49.05.627333 +0530
BLUE,red,r,I,169,1,42,r,1,3.0240401,None,42,1,169,2,203.103184,,,,,,,,,203.0876272,203.103184,203.5866964,203.5866964,203.5866964,206.6201413,r,1,3.0240401,None,,,,,447702,1,2025-08-26_00h49.04.397,Stroop task,,2025.1.1,59.99275287,2025-08-26 00h49.05.627333 +0530
RED,red,r,C,170,2,42,r,1,0.523879,None,42,2,170,0,206.6368817,,,,,,,,,206.6215334,206.6368817,207.1201781,207.1201781,207.1201781,207.6535221,r,1,0.523879,None,,,,,447702,1,2025-08-26_00h49.04.397,Stroop task,,2025.1.1,59.99275287,2025-08-26 00h49.05.627333 +0530
RED,blue,b,I,171,3,42,b,1,0.5289067,None,42,3,171,1,207.6697253,,,,,,,,,207.653796,207.6697253,208.1533589,208.1533589,208.1533589,208.6868231,b,1,0.5289067,None,,,,,447702,1,2025-08-26_00h49.04.397,Stroop task,,2025.1.1,59.99275287,2025-08-26 00h49.05.627333 +0530
RED,blue,b,I,172,0,43,b,1,1.1293245,None,43,0,172,1,208.7032528,,,,,,,,,208.6871061,208.7032528,209.1865679,209.1865679,209.1865679,210.3200551,b,1,1.1293245,None,,,,,447702,1,2025-08-26_00h49.04.397,Stroop task,,2025.1.1,59.99275287,2025-08-26 00h49.05.627333 +0530
BLUE,red,r,I,173,1,43,r,1,1.0137744,None,43,1,173,2,210.3364752,,,,,,,,,210.3217527,210.3364752,210.8201114,210.8201114,210.8201114,211.8368939,r,1,1.0137744,None,,,,,447702,1,2025-08-26_00h49.04.397,Stroop task,,2025.1.1,59.99275287,2025-08-26 00h49.05.627333 +0530
BLUE,blue,b,C,174,2,43,b,1,0.6509898,None,43,2,174,3,211.8534561,,,,,,,,,211.8371657,211.8534561,212.3367768,212.3367768,212.3367768,213.0033248,b,1,0.6509898,None,,,,,447702,1,2025-08-26_00h49.04.397,Stroop task,,2025.1.1,59.99275287,2025-08-26 00h49.05.627333 +0530
RED,red,r,C,175,3,43,r,1,0.543348,None,43,3,175,0,213.0198534,,,,,,,,,213.0046732,213.0198534,213.5028479,213.5028479,213.5028479,214.0529679,r,1,0.543348,None,,,,,447702,1,2025-08-26_00h49.04.397,Stroop task,,2025.1.1,59.99275287,2025-08-26 00h49.05.627333 +0530
RED,blue,b,I,176,0,44,b,1,0.5900051,None,44,0,176,1,214.069805,,,,,,,,,214.053263,214.069805,214.5528957,214.5528957,214.5528957,215.1531254,b,1,0.5900051,None,,,,,447702,1,2025-08-26_00h49.04.397,Stroop task,,2025.1.1,59.99275287,2025-08-26 00h49.05.627333 +0530
RED,red,r,C,177,1,44,r,1,0.5516211,None,44,1,177,0,215.1700324,,,,,,,,,215.1534059,215.1700324,215.6530314,215.6530314,215.6530314,216.2203475,r,1,0.5516211,None,,,,,447702,1,2025-08-26_00h49.04.397,Stroop task,,2025.1.1,59.99275287,2025-08-26 00h49.05.627333 +0530
BLUE,blue,b,C,178,2,44,b,1,0.5177406,None,44,2,178,3,216.2367136,,,,,,,,,216.2218743,216.2367136,216.7196915,216.7196915,216.7196915,217.2537105,b,1,0.5177406,None,,,,,447702,1,2025-08-26_00h49.04.397,Stroop task,,2025.1.1,59.99275287,2025-08-26 00h49.05.627333 +0530
BLUE,red,r,I,179,3,44,r,1,0.8447321,None,44,3,179,2,217.2697749,,,,,,,,,217.2539887,217.2697749,217.7531233,217.7531233,217.7531233,218.6037247,r,1,0.8447321,None,,,,,447702,1,2025-08-26_00h49.04.397,Stroop task,,2025.1.1,59.99275287,2025-08-26 00h49.05.627333 +0530
RED,blue,b,I,180,0,45,b,1,0.6199751,None,45,0,180,1,218.6196715,,,,,,,,,218.6052654,218.6196715,219.1033716,219.1033716,219.1033716,219.7366681,b,1,0.6199751,None,,,,,447702,1,2025-08-26_00h49.04.397,Stroop task,,2025.1.1,59.99275287,2025-08-26 00h49.05.627333 +0530
RED,red,r,C,181,1,45,r,1,0.4798915,None,45,1,181,0,219.7529109,,,,,,,,,219.7369358,219.7529109,220.2363655,220.2363655,220.2363655,220.7198112,r,1,0.4798915,None,,,,,447702,1,2025-08-26_00h49.04.397,Stroop task,,2025.1.1,59.99275287,2025-08-26 00h49.05.627333 +0530
BLUE,red,r,I,182,2,45,r,1,0.7166356,None,45,2,182,2,220.736328,,,,,,,,,220.7213749,220.736328,221.2195952,221.2195952,221.2195952,221.9366343,r,1,0.7166356,None,,,,,447702,1,2025-08-26_00h49.04.397,Stroop task,,2025.1.1,59.99275287,2025-08-26 00h49.05.627333 +0530
BLUE,blue,b,C,183,3,45,b,1,0.7063976,None,45,3,183,3,221.9530521,,,,,,,,,221.9386317,221.9530521,222.436259,222.436259,222.436259,223.1531922,b,1,0.7063976,None,,,,,447702,1,2025-08-26_00h49.04.397,Stroop task,,2025.1.1,59.99275287,2025-08-26 00h49.05.627333 +0530
RED,red,r,C,184,0,46,r,1,0.5610412,None,46,0,184,0,223.1695286,,,,,,,,,223.1547107,223.1695286,223.6528062,223.6528062,223.6528062,224.2202826,r,1,0.5610412,None,,,,,447702,1,2025-08-26_00h49.04.397,Stroop task,,2025.1.1,59.99275287,2025-08-26 00h49.05.627333 +0530
BLUE,blue,b,C,185,1,46,b,1,0.7356791,None,46,1,185,3,224.2366086,,,,,,,,,224.2223526,224.2366086,224.7198818,224.7198818,224.7198818,225.469756,b,1,0.7356791,None,,,,,447702,1,2025-08-26_00h49.04.397,Stroop task,,2025.1.1,59.99275287,2025-08-26 00h49.05.627333 +0530
BLUE,red,r,I,186,2,46,r,1,0.765278,None,46,2,186,2,225.4864327,,,,,,,,,225.4700232,225.4864327,225.9698638,225.9698638,225.9698638,226.7364608,r,1,0.765278,None,,,,,447702,1,2025-08-26_00h49.04.397,Stroop task,,2025.1.1,59.99275287,2025-08-26 00h49.05.627333 +0530
RED,blue,b,I,187,3,46,b,1,0.3867386,None,46,3,187,1,226.7528593,,,,,,,,,226.7379178,226.7528593,227.2365712,227.2365712,227.2365712,227.6368299,b,1,0.3867386,None,,,,,447702,1,2025-08-26_00h49.04.397,Stroop task,,2025.1.1,59.99275287,2025-08-26 00h49.05.627333 +0530
BLUE,blue,b,C,188,0,47,b,1,0.5705268,None,47,0,188,3,227.6540581,,,,,,,,,227.6382695,227.6540581,228.136538,228.136538,228.136538,228.7197933,b,1,0.5705268,None,,,,,447702,1,2025-08-26_00h49.04.397,Stroop task,,2025.1.1,59.99275287,2025-08-26 00h49.05.627333 +0530
RED,red,r,C,189,1,47,r,1,0.5662316,None,47,1,189,0,228.7360634,,,,,,,,,228.7213628,228.7360634,229.2191985,229.2191985,229.2191985,229.7868033,r,1,0.5662316,None,,,,,447702,1,2025-08-26_00h49.04.397,Stroop task,,2025.1.1,59.99275287,2025-08-26 00h49.05.627333 +0530
BLUE,red,r,I,190,2,47,r,1,0.5832243,None,47,2,190,2,229.8026024,,,,,,,,,229.788177,229.8026024,230.2862638,230.2862638,230.2862638,230.8698944,r,1,0.5832243,None,,,,,447702,1,2025-08-26_00h49.04.397,Stroop task,,2025.1.1,59.99275287,2025-08-26 00h49.05.627333 +0530
RED,blue,b,I,191,3,47,b,1,0.422764,None,47,3,191,1,230.8864875,,,,,,,,,230.8714336,230.8864875,231.3695025,231.3695025,231.3695025,231.8034547,b,1,0.422764,None,,,,,447702,1,2025-08-26_00h49.04.397,Stroop task,,2025.1.1,59.99275287,2025-08-26 00h49.05.627333 +0530
BLUE,red,r,I,192,0,48,r,1,0.5083644,None,48,0,192,2,231.8197778,,,,,,,,,231.8048859,231.8197778,232.3031721,232.3031721,232.3031721,232.8199348,r,1,0.5083644,None,,,,,447702,1,2025-08-26_00h49.04.397,Stroop task,,2025.1.1,59.99275287,2025-08-26 00h49.05.627333 +0530
RED,red,r,C,193,1,48,r,1,0.5097683,None,48,1,193,0,232.836217,,,,,,,,,232.8212978,232.836217,233.3200392,233.3200392,233.3200392,233.8364896,r,1,0.5097683,None,,,,,447702,1,2025-08-26_00h49.04.397,Stroop task,,2025.1.1,59.99275287,2025-08-26 00h49.05.627333 +0530
RED,blue,b,I,194,2,48,b,1,1.0160458,None,48,2,194,1,233.8531103,,,,,,,,,233.836766,233.8531103,234.336172,234.336172,234.336172,235.3530854,b,1,1.0160458,None,,,,,447702,1,2025-08-26_00h49.04.397,Stroop task,,2025.1.1,59.99275287,2025-08-26 00h49.05.627333 +0530
BLUE,blue,b,C,195,3,48,b,1,0.6588535,None,48,3,195,3,235.3692614,,,,,,,,,235.3546604,235.3692614,235.8527211,235.8527211,235.8527211,236.5200853,b,1,0.6588535,None,,,,,447702,1,2025-08-26_00h49.04.397,Stroop task,,2025.1.1,59.99275287,2025-08-26 00h49.05.627333 +0530
BLUE,blue,b,C,196,0,49,b,1,0.4480223,None,49,0,196,3,236.5362237,,,,,,,,,236.5203618,236.5362237,237.0197006,237.0197006,237.0197006,237.46946,b,1,0.4480223,None,,,,,447702,1,2025-08-26_00h49.04.397,Stroop task,,2025.1.1,59.99275287,2025-08-26 00h49.05.627333 +0530
RED,blue,b,I,197,1,49,b,1,0.9208792,None,49,1,197,1,237.4869779,,,,,,,,,237.4708415,237.4869779,237.9693007,237.9693007,237.9693007,238.9032974,b,1,0.9208792,None,,,,,447702,1,2025-08-26_00h49.04.397,Stroop task,,2025.1.1,59.99275287,2025-08-26 00h49.05.627333 +0530
BLUE,red,r,I,198,2,49,r,1,0.3700897,None,49,2,198,2,238.9199943,,,,,,,,,238.9056048,238.9199943,239.4027118,239.4027118,239.4027118,239.7864545,r,1,0.3700897,None,,,,,447702,1,2025-08-26_00h49.04.397,Stroop task,,2025.1.1,59.99275287,2025-08-26 00h49.05.627333 +0530
RED,red,r,C,199,3,49,r,1,0.3687635,None,49,3,199,0,239.802724,,,,,,,,,239.7878819,239.802724,240.2861925,240.2861925,240.2861925,240.6695395,r,1,0.3687635,None,,,,,447702,1,2025-08-26_00h49.04.397,Stroop task,,2025.1.1,59.99275287,2025-08-26 00h49.05.627333 +0530
BLUE,blue,b,C,200,0,50,b,1,0.3771596,None,50,0,200,3,240.686034,,,,,,,,,240.6712056,240.686034,241.1705274,241.1705274,241.1705274,241.5533445,b,1,0.3771596,None,,,,,447702,1,2025-08-26_00h49.04.397,Stroop task,,2025.1.1,59.99275287,2025-08-26 00h49.05.627333 +0530
RED,red,r,C,201,1,50,r,1,0.4875028,None,50,1,201,0,241.5696257,,,,,,,,,241.5548708,241.5696257,242.0526368,242.0526368,242.0526368,242.5529301,r,1,0.4875028,None,,,,,447702,1,2025-08-26_00h49.04.397,Stroop task,,2025.1.1,59.99275287,2025-08-26 00h49.05.627333 +0530
RED,blue,b,I,202,2,50,b,1,1.0148073,None,50,2,202,1,242.5691518,,,,,,,,,242.5532142,242.5691518,243.0530187,243.0530187,243.0530187,244.0693932,b,1,1.0148073,None,,,,,447702,1,2025-08-26_00h49.04.397,Stroop task,,2025.1.1,59.99275287,2025-08-26 00h49.05.627333 +0530
BLUE,red,r,I,203,3,50,r,1,0.8300513,None,50,3,203,2,244.0863019,,,,,,,,,244.0710311,244.0863019,244.5694136,244.5694136,244.5694136,245.4030429,r,1,0.8300513,None,,,,,447702,1,2025-08-26_00h49.04.397,Stroop task,,2025.1.1,59.99275287,2025-08-26 00h49.05.627333 +0530
RED,blue,b,I,204,0,51,b,1,0.5151128,None,51,0,204,1,245.4194208,,,,,,,,,245.404488,245.4194208,245.9026344,245.9026344,245.9026344,246.4191969,b,1,0.5151128,None,,,,,447702,1,2025-08-26_00h49.04.397,Stroop task,,2025.1.1,59.99275287,2025-08-26 00h49.05.627333 +0530
RED,red,r,C,205,1,51,r,1,0.6375018,None,51,1,205,0,246.4359056,,,,,,,,,246.4194629,246.4359056,246.9192083,246.9192083,246.9192083,247.569532,r,1,0.6375018,None,,,,,447702,1,2025-08-26_00h49.04.397,Stroop task,,2025.1.1,59.99275287,2025-08-26 00h49.05.627333 +0530
BLUE,red,r,I,206,2,51,r,1,0.5404917,None,51,2,206,2,247.5858518,,,,,,,,,247.5710565,247.5858518,248.0695302,248.0695302,248.0695302,248.6194803,r,1,0.5404917,None,,,,,447702,1,2025-08-26_00h49.04.397,Stroop task,,2025.1.1,59.99275287,2025-08-26 00h49.05.627333 +0530
BLUE,blue,b,C,207,3,51,b,1,0.4938726,None,51,3,207,3,248.6358617,,,,,,,,,248.6197664,248.6358617,249.1191318,249.1191318,249.1191318,249.6191779,b,1,0.4938726,None,,,,,447702,1,2025-08-26_00h49.04.397,Stroop task,,2025.1.1,59.99275287,2025-08-26 00h49.05.627333 +0530
BLUE,red,r,I,208,0,52,r,1,0.5827794,None,52,0,208,2,249.6358707,,,,,,,,,249.6194522,249.6358707,250.1194864,250.1194864,250.1194864,250.7031999,r,1,0.5827794,None,,,,,447702,1,2025-08-26_00h49.04.397,Stroop task,,2025.1.1,59.99275287,2025-08-26 00h49.05.627333 +0530
BLUE,blue,b,C,209,1,52,b,1,0.5839508,None,52,1,209,3,250.7189843,,,,,,,,,250.7034763,250.7189843,251.2024885,251.2024885,251.2024885,251.7894781,b,1,0.5839508,None,,,,,447702,1,2025-08-26_00h49.04.397,Stroop task,,2025.1.1,59.99275287,2025-08-26 00h49.05.627333 +0530
RED,red,r,C,210,2,52,r,1,0.5372646,None,52,2,210,0,251.8024828,,,,,,,,,251.791514,251.8024828,252.3028464,252.3028464,252.3028464,252.8531857,r,1,0.5372646,None,,,,,447702,1,2025-08-26_00h49.04.397,Stroop task,,2025.1.1,59.99275287,2025-08-26 00h49.05.627333 +0530
RED,blue,b,I,211,3,52,b,1,0.9399676,None,52,3,211,1,252.8693027,,,,,,,,,252.8535,252.8693027,253.3523095,253.3523095,253.3523095,254.3031644,b,1,0.9399676,None,,,,,447702,1,2025-08-26_00h49.04.397,Stroop task,,2025.1.1,59.99275287,2025-08-26 00h49.05.627333 +0530
RED,blue,b,I,212,0,53,b,1,0.6385769,None,53,0,212,1,254.3194249,,,,,,,,,254.3034434,254.3194249,254.8025422,254.8025422,254.8025422,255.4531376,b,1,0.6385769,None,,,,,447702,1,2025-08-26_00h49.04.397,Stroop task,,2025.1.1,59.99275287,2025-08-26 00h49.05.627333 +0530
RED,red,r,C,213,1,53,r,1,0.6761597,None,53,1,213,0,255.4693899,,,,,,,,,255.4534256,255.4693899,255.9527957,255.9527957,255.9527957,256.6365141,r,1,0.6761597,None,,,,,447702,1,2025-08-26_00h49.04.397,Stroop task,,2025.1.1,59.99275287,2025-08-26 00h49.05.627333 +0530
BLUE,red,r,I,214,2,53,r,1,0.6080454,None,53,2,214,2,256.652959,,,,,,,,,256.6381503,256.652959,257.1369273,257.1369273,257.1369273,257.7527046,r,1,0.6080454,None,,,,,447702,1,2025-08-26_00h49.04.397,Stroop task,,2025.1.1,59.99275287,2025-08-26 00h49.05.627333 +0530
BLUE,blue,b,C,215,3,53,b,1,0.5870816,None,53,3,215,3,257.7691038,,,,,,,,,257.7529796,257.7691038,258.2525083,258.2525083,258.2525083,258.8527382,b,1,0.5870816,None,,,,,447702,1,2025-08-26_00h49.04.397,Stroop task,,2025.1.1,59.99275287,2025-08-26 00h49.05.627333 +0530
BLUE,red,r,I,216,0,54,r,1,1.1267898,None,54,0,216,2,258.8690027,,,,,,,,,258.8530196,258.8690027,259.3523321,259.3523321,259.3523321,260.4858452,r,1,1.1267898,None,,,,,447702,1,2025-08-26_00h49.04.397,Stroop task,,2025.1.1,59.99275287,2025-08-26 00h49.05.627333 +0530
RED,red,r,C,217,1,54,r,1,0.3602413,None,54,1,217,0,260.5024699,,,,,,,,,260.4872437,260.5024699,260.9860463,260.9860463,260.9860463,261.3531391,r,1,0.3602413,None,,,,,447702,1,2025-08-26_00h49.04.397,Stroop task,,2025.1.1,59.99275287,2025-08-26 00h49.05.627333 +0530
RED,blue,b,I,218,2,54,b,1,0.7322252,None,54,2,218,1,261.3691198,,,,,,,,,261.3534182,261.3691198,261.8524499,261.8524499,261.8524499,262.5862465,b,1,0.7322252,None,,,,,447702,1,2025-08-26_00h49.04.397,Stroop task,,2025.1.1,59.99275287,2025-08-26 00h49.05.627333 +0530
BLUE,blue,b,C,219,3,54,b,1,0.4062031,None,54,3,219,3,262.602676,,,,,,,,,262.5876877,262.602676,263.0856299,263.0856299,263.0856299,263.5027905,b,1,0.4062031,None,,,,,447702,1,2025-08-26_00h49.04.397,Stroop task,,2025.1.1,59.99275287,2025-08-26 00h49.05.627333 +0530
RED,red,r,C,220,0,55,r,1,0.5639549,None,55,0,220,0,263.5189987,,,,,,,,,263.504338,263.5189987,264.0019889,264.0019889,264.0019889,264.5688918,r,1,0.5639549,None,,,,,447702,1,2025-08-26_00h49.04.397,Stroop task,,2025.1.1,59.99275287,2025-08-26 00h49.05.627333 +0530
BLUE,blue,b,C,221,1,55,b,1,0.7728821,None,55,1,221,3,264.5853913,,,,,,,,,264.5703263,264.5853913,265.0690057,265.0690057,265.0690057,265.8536122,b,1,0.7728821,None,,,,,447702,1,2025-08-26_00h49.04.397,Stroop task,,2025.1.1,59.99275287,2025-08-26 00h49.05.627333 +0530
RED,blue,b,I,222,2,55,b,1,0.5823353,None,55,2,222,1,265.868777,,,,,,,,,265.8549749,265.868777,266.3692424,266.3692424,266.3692424,266.9531631,b,1,0.5823353,None,,,,,447702,1,2025-08-26_00h49.04.397,Stroop task,,2025.1.1,59.99275287,2025-08-26 00h49.05.627333 +0530
BLUE,red,r,I,223,3,55,r,1,0.556514,None,55,3,223,2,266.9688785,,,,,,,,,266.9547261,266.9688785,267.45259,267.45259,267.45259,268.019357,r,1,0.556514,None,,,,,447702,1,2025-08-26_00h49.04.397,Stroop task,,2025.1.1,59.99275287,2025-08-26 00h49.05.627333 +0530
RED,red,r,C,224,0,56,r,1,0.5159555,None,56,0,224,0,268.0359234,,,,,,,,,268.0208322,268.0359234,268.5189145,268.5189145,268.5189145,269.0364336,r,1,0.5159555,None,,,,,447702,1,2025-08-26_00h49.04.397,Stroop task,,2025.1.1,59.99275287,2025-08-26 00h49.05.627333 +0530
BLUE,red,r,I,225,1,56,r,1,0.8172077,None,56,1,225,2,269.0525536,,,,,,,,,269.037934,269.0525536,269.5352704,269.5352704,269.5352704,270.3529012,r,1,0.8172077,None,,,,,447702,1,2025-08-26_00h49.04.397,Stroop task,,2025.1.1,59.99275287,2025-08-26 00h49.05.627333 +0530
RED,blue,b,I,226,2,56,b,1,0.5790732,None,56,2,226,1,270.3689328,,,,,,,,,270.3544203,270.3689328,270.8525322,270.8525322,270.8525322,271.4357743,b,1,0.5790732,None,,,,,447702,1,2025-08-26_00h49.04.397,Stroop task,,2025.1.1,59.99275287,2025-08-26 00h49.05.627333 +0530
BLUE,blue,b,C,227,3,56,b,1,0.5398744,None,56,3,227,3,271.4521937,,,,,,,,,271.4373722,271.4521937,271.9355553,271.9355553,271.9355553,272.4858101,b,1,0.5398744,None,,,,,447702,1,2025-08-26_00h49.04.397,Stroop task,,2025.1.1,59.99275287,2025-08-26 00h49.05.627333 +0530
BLUE,red,r,I,228,0,57,r,1,0.9366643,None,57,0,228,2,272.5021397,,,,,,,,,272.4860964,272.5021397,272.9854105,272.9854105,272.9854105,273.9358422,r,1,0.9366643,None,,,,,447702,1,2025-08-26_00h49.04.397,Stroop task,,2025.1.1,59.99275287,2025-08-26 00h49.05.627333 +0530
RED,blue,b,I,229,1,57,b,1,0.5612687,None,57,1,229,1,273.9521299,,,,,,,,,273.9374468,273.9521299,274.4358064,274.4358064,274.4358064,275.0028367,b,1,0.5612687,None,,,,,447702,1,2025-08-26_00h49.04.397,Stroop task,,2025.1.1,59.99275287,2025-08-26 00h49.05.627333 +0530
BLUE,blue,b,C,230,2,57,b,1,0.5284154,None,57,2,230,3,275.0191149,,,,,,,,,275.0043989,275.0191149,275.5022148,275.5022148,275.5022148,276.0361679,b,1,0.5284154,None,,,,,447702,1,2025-08-26_00h49.04.397,Stroop task,,2025.1.1,59.99275287,2025-08-26 00h49.05.627333 +0530
RED,red,r,C,231,3,57,r,1,0.5886302,None,57,3,231,0,276.0524497,,,,,,,,,276.037846,276.0524497,276.5357427,276.5357427,276.5357427,277.1358963,r,1,0.5886302,None,,,,,447702,1,2025-08-26_00h49.04.397,Stroop task,,2025.1.1,59.99275287,2025-08-26 00h49.05.627333 +0530
RED,blue,b,I,232,0,58,b,1,0.7730038,None,58,0,232,1,277.1524503,,,,,,,,,277.1361731,277.1524503,277.6357674,277.6357674,277.6357674,278.4190498,b,1,0.7730038,None,,,,,447702,1,2025-08-26_00h49.04.397,Stroop task,,2025.1.1,59.99275287,2025-08-26 00h49.05.627333 +0530
RED,red,r,C,233,1,58,r,1,0.533325,None,58,1,233,0,278.4354312,,,,,,,,,278.4193344,278.4354312,278.9187641,278.9187641,278.9187641,279.4524713,r,1,0.533325,None,,,,,447702,1,2025-08-26_00h49.04.397,Stroop task,,2025.1.1,59.99275287,2025-08-26 00h49.05.627333 +0530
BLUE,red,r,I,234,2,58,r,1,1.1390142,None,58,2,234,2,279.4685582,,,,,,,,,279.4540382,279.4685582,279.9524099,279.9524099,279.9524099,281.1022724,r,1,1.1390142,None,,,,,447702,1,2025-08-26_00h49.04.397,Stroop task,,2025.1.1,59.99275287,2025-08-26 00h49.05.627333 +0530
BLUE,blue,b,C,235,3,58,b,1,0.6579117,None,58,3,235,3,281.1187295,,,,,,,,,281.1025371,281.1187295,281.6026181,281.6026181,281.6026181,282.2689798,b,1,0.6579117,None,,,,,447702,1,2025-08-26_00h49.04.397,Stroop task,,2025.1.1,59.99275287,2025-08-26 00h49.05.627333 +0530
RED,red,r,C,236,0,59,r,1,0.6601581,None,59,0,236,0,282.2853377,,,,,,,,,282.2707093,282.2853377,282.7689787,282.7689787,282.7689787,283.4354681,r,1,0.6601581,None,,,,,447702,1,2025-08-26_00h49.04.397,Stroop task,,2025.1.1,59.99275287,2025-08-26 00h49.05.627333 +0530
BLUE,blue,b,C,237,1,59,b,1,0.3509826,None,59,1,237,3,283.4517835,,,,,,,,,283.4369743,283.4517835,283.935481,283.935481,283.935481,284.3026478,b,1,0.3509826,None,,,,,447702,1,2025-08-26_00h49.04.397,Stroop task,,2025.1.1,59.99275287,2025-08-26 00h49.05.627333 +0530
BLUE,red,r,I,238,2,59,r,1,0.6140956,None,59,2,238,2,284.3189332,,,,,,,,,284.3029242,284.3189332,284.8018078,284.8018078,284.8018078,285.4189107,r,1,0.6140956,None,,,,,447702,1,2025-08-26_00h49.04.397,Stroop task,,2025.1.1,59.99275287,2025-08-26 00h49.05.627333 +0530
RED,blue,b,I,239,3,59,b,1,0.5510948,None,59,3,239,1,285.4352694,,,,,,,,,285.4206616,285.4352694,285.9187748,285.9187748,285.9187748,286.4852774,b,1,0.5510948,None,,,,,447702,1,2025-08-26_00h49.04.397,Stroop task,,2025.1.1,59.99275287,2025-08-26 00h49.05.627333 +0530
RED,blue,b,I,240,0,60,b,1,0.799622,None,60,0,240,1,286.5020426,,,,,,,,,286.485541,286.5020426,286.9856145,286.9856145,286.9856145,287.7856921,b,1,0.799622,None,,,,,447702,1,2025-08-26_00h49.04.397,Stroop task,,2025.1.1,59.99275287,2025-08-26 00h49.05.627333 +0530
RED,red,r,C,241,1,60,r,1,0.5436341,None,60,1,241,0,287.8017963,,,,,,,,,287.7860432,287.8017963,288.2856124,288.2856124,288.2856124,288.8355086,r,1,0.5436341,None,,,,,447702,1,2025-08-26_00h49.04.397,Stroop task,,2025.1.1,59.99275287,2025-08-26 00h49.05.627333 +0530
BLUE,blue,b,C,242,2,60,b,1,0.607943,None,60,2,242,3,288.8520459,,,,,,,,,288.8369115,288.8520459,289.3353388,289.3353388,289.3353388,289.9522809,b,1,0.607943,None,,,,,447702,1,2025-08-26_00h49.04.397,Stroop task,,2025.1.1,59.99275287,2025-08-26 00h49.05.627333 +0530
BLUE,red,r,I,243,3,60,r,1,0.7667225,None,60,3,243,2,289.9685558,,,,,,,,,289.952569,289.9685558,290.4518463,290.4518463,290.4518463,291.2189501,r,1,0.7667225,None,,,,,447702,1,2025-08-26_00h49.04.397,Stroop task,,2025.1.1,59.99275287,2025-08-26 00h49.05.627333 +0530
RED,red,r,C,244,0,61,r,1,0.5238767,None,61,0,244,0,291.2349713,,,,,,,,,291.2204695,291.2349713,291.7182809,291.7182809,291.7182809,292.2520095,r,1,0.5238767,None,,,,,447702,1,2025-08-26_00h49.04.397,Stroop task,,2025.1.1,59.99275287,2025-08-26 00h49.05.627333 +0530
BLUE,blue,b,C,245,1,61,b,1,0.5794787,None,61,1,245,3,292.2683827,,,,,,,,,292.2535235,292.2683827,292.7518426,292.7518426,292.7518426,293.3354778,b,1,0.5794787,None,,,,,447702,1,2025-08-26_00h49.04.397,Stroop task,,2025.1.1,59.99275287,2025-08-26 00h49.05.627333 +0530
BLUE,red,r,I,246,2,61,r,1,0.669683,None,61,2,246,2,293.3518553,,,,,,,,,293.3357531,293.3518553,293.8355248,293.8355248,293.8355248,294.5187181,r,1,0.669683,None,,,,,447702,1,2025-08-26_00h49.04.397,Stroop task,,2025.1.1,59.99275287,2025-08-26 00h49.05.627333 +0530
RED,blue,b,I,247,3,61,b,1,0.7528298,None,61,3,247,1,294.5351356,,,,,,,,,294.5203026,294.5351356,295.0181919,295.0181919,295.0181919,295.7853597,b,1,0.7528298,None,,,,,447702,1,2025-08-26_00h49.04.397,Stroop task,,2025.1.1,59.99275287,2025-08-26 00h49.05.627333 +0530
RED,blue,b,I,248,0,62,b,1,0.4591964,None,62,0,248,1,295.8016153,,,,,,,,,295.7856261,295.8016153,296.2851188,296.2851188,296.2851188,296.7524922,b,1,0.4591964,None,,,,,447702,1,2025-08-26_00h49.04.397,Stroop task,,2025.1.1,59.99275287,2025-08-26 00h49.05.627333 +0530
BLUE,blue,b,C,249,1,62,b,1,0.5303277,None,62,1,249,3,296.7687591,,,,,,,,,296.7539095,296.7687591,297.2517,297.2517,297.2517,297.7854171,b,1,0.5303277,None,,,,,447702,1,2025-08-26_00h49.04.397,Stroop task,,2025.1.1,59.99275287,2025-08-26 00h49.05.627333 +0530
BLUE,red,r,I,250,2,62,r,1,0.5916368,None,62,2,250,2,297.8022071,,,,,,,,,297.7857538,297.8022071,298.284836,298.284836,298.284836,298.8857415,r,1,0.5916368,None,,,,,447702,1,2025-08-26_00h49.04.397,Stroop task,,2025.1.1,59.99275287,2025-08-26 00h49.05.627333 +0530
RED,red,r,C,251,3,62,r,1,0.5243694,None,62,3,251,0,298.9020161,,,,,,,,,298.8873953,298.9020161,299.3851244,299.3851244,299.3851244,299.9206699,r,1,0.5243694,None,,,,,447702,1,2025-08-26_00h49.04.397,Stroop task,,2025.1.1,59.99275287,2025-08-26 00h49.05.627333 +0530
BLUE,red,r,I,252,0,63,r,1,0.6841044,None,63,0,252,2,299.9350024,,,,,,,,,299.9220683,299.9350024,300.4349362,300.4349362,300.4349362,301.1194858,r,1,0.6841044,None,,,,,447702,1,2025-08-26_00h49.04.397,Stroop task,,2025.1.1,59.99275287,2025-08-26 00h49.05.627333 +0530
RED,red,r,C,253,1,63,r,1,0.4273432,None,63,1,253,0,301.1354393,,,,,,,,,301.12108,301.1354393,301.6353153,301.6353153,301.6353153,302.0686213,r,1,0.4273432,None,,,,,447702,1,2025-08-26_00h49.04.397,Stroop task,,2025.1.1,59.99275287,2025-08-26 00h49.05.627333 +0530
BLUE,blue,b,C,254,2,63,b,1,0.4978433,None,63,2,254,3,302.0853842,,,,,,,,,302.0702763,302.0853842,302.5681426,302.5681426,302.5681426,303.0687562,b,1,0.4978433,None,,,,,447702,1,2025-08-26_00h49.04.397,Stroop task,,2025.1.1,59.99275287,2025-08-26 00h49.05.627333 +0530
RED,blue,b,I,255,3,63,b,1,0.5601445,None,63,3,255,1,303.0853918,,,,,,,,,303.0704247,303.0853918,303.5684627,303.5684627,303.5684627,304.135397,b,1,0.5601445,None,,,,,447702,1,2025-08-26_00h49.04.397,Stroop task,,2025.1.1,59.99275287,2025-08-26 00h49.05.627333 +0530
BLUE,blue,b,C,256,0,64,b,1,0.613226,None,64,0,256,3,304.1522101,,,,,,,,,304.1368723,304.1522101,304.6353356,304.6353356,304.6353356,305.2520716,b,1,0.613226,None,,,,,447702,1,2025-08-26_00h49.04.397,Stroop task,,2025.1.1,59.99275287,2025-08-26 00h49.05.627333 +0530
RED,red,r,C,257,1,64,r,1,0.5241887,None,64,1,257,0,305.2686238,,,,,,,,,305.2536164,305.2686238,305.7517529,305.7517529,305.7517529,306.2852798,r,1,0.5241887,None,,,,,447702,1,2025-08-26_00h49.04.397,Stroop task,,2025.1.1,59.99275287,2025-08-26 00h49.05.627333 +0530
BLUE,red,r,I,258,2,64,r,1,0.610503,None,64,2,258,2,306.3016296,,,,,,,,,306.2868985,306.3016296,306.785011,306.785011,306.785011,307.402279,r,1,0.610503,None,,,,,447702,1,2025-08-26_00h49.04.397,Stroop task,,2025.1.1,59.99275287,2025-08-26 00h49.05.627333 +0530
RED,blue,b,I,259,3,64,b,1,0.4493678,None,64,3,259,1,307.4185852,,,,,,,,,307.4036899,307.4185852,307.901552,307.901552,307.901552,308.3524892,b,1,0.4493678,None,,,,,447702,1,2025-08-26_00h49.04.397,Stroop task,,2025.1.1,59.99275287,2025-08-26 00h49.05.627333 +0530
RED,blue,b,I,260,0,65,b,1,0.4982929,None,65,0,260,1,308.3683478,,,,,,,,,308.3527706,308.3683478,308.868388,308.868388,308.868388,309.3683526,b,1,0.4982929,None,,,,,447702,1,2025-08-26_00h49.04.397,Stroop task,,2025.1.1,59.99275287,2025-08-26 00h49.05.627333 +0530
RED,red,r,C,261,1,65,r,1,0.7077728,None,65,1,261,0,309.3846352,,,,,,,,,309.3686374,309.3846352,309.8682756,309.8682756,309.8682756,310.5851868,r,1,0.7077728,None,,,,,447702,1,2025-08-26_00h49.04.397,Stroop task,,2025.1.1,59.99275287,2025-08-26 00h49.05.627333 +0530
BLUE,blue,b,C,262,2,65,b,1,0.5273509,None,65,2,262,3,310.6015552,,,,,,,,,310.5866319,310.6015552,311.0852666,311.0852666,311.0852666,311.6186737,b,1,0.5273509,None,,,,,447702,1,2025-08-26_00h49.04.397,Stroop task,,2025.1.1,59.99275287,2025-08-26 00h49.05.627333 +0530
BLUE,red,r,I,263,3,65,r,1,0.7419424,None,65,3,263,2,311.6348878,,,,,,,,,311.6189421,311.6348878,312.1179498,312.1179498,312.1179498,312.8685468,r,1,0.7419424,None,,,,,447702,1,2025-08-26_00h49.04.397,Stroop task,,2025.1.1,59.99275287,2025-08-26 00h49.05.627333 +0530
BLUE,red,r,I,264,0,66,r,1,0.8166056,None,66,0,264,2,312.8850414,,,,,,,,,312.8688164,312.8850414,313.3683168,313.3683168,313.3683168,314.1853092,r,1,0.8166056,None,,,,,447702,1,2025-08-26_00h49.04.397,Stroop task,,2025.1.1,59.99275287,2025-08-26 00h49.05.627333 +0530
RED,blue,b,I,265,1,66,b,1,0.5244283,None,66,1,265,1,314.2014571,,,,,,,,,314.1869114,314.2014571,314.6849512,314.6849512,314.6849512,315.218759,b,1,0.5244283,None,,,,,447702,1,2025-08-26_00h49.04.397,Stroop task,,2025.1.1,59.99275287,2025-08-26 00h49.05.627333 +0530
BLUE,blue,b,C,266,2,66,b,1,0.8101458,None,66,2,266,3,315.2349376,,,,,,,,,315.2202603,315.2349376,315.7191888,315.7191888,315.7191888,316.5350627,b,1,0.8101458,None,,,,,447702,1,2025-08-26_00h49.04.397,Stroop task,,2025.1.1,59.99275287,2025-08-26 00h49.05.627333 +0530
RED,red,r,C,267,3,66,r,1,0.5943659,None,66,3,267,0,316.5518822,,,,,,,,,316.536716,316.5518822,317.0349029,317.0349029,317.0349029,317.6353736,r,1,0.5943659,None,,,,,447702,1,2025-08-26_00h49.04.397,Stroop task,,2025.1.1,59.99275287,2025-08-26 00h49.05.627333 +0530
RED,red,r,C,268,0,67,r,1,0.4002569,None,67,0,268,0,317.6516111,,,,,,,,,317.6356844,317.6516111,318.1351442,318.1351442,318.1351442,318.5358771,r,1,0.4002569,None,,,,,447702,1,2025-08-26_00h49.04.397,Stroop task,,2025.1.1,59.99275287,2025-08-26 00h49.05.627333 +0530
BLUE,red,r,I,269,1,67,r,1,0.6838189,None,67,1,269,2,318.5515758,,,,,,,,,318.5376517,318.5515758,319.0514271,319.0514271,319.0514271,319.7357223,r,1,0.6838189,None,,,,,447702,1,2025-08-26_00h49.04.397,Stroop task,,2025.1.1,59.99275287,2025-08-26 00h49.05.627333 +0530
RED,blue,b,I,270,2,67,b,1,0.5326678,None,67,2,270,1,319.751689,,,,,,,,,319.7374839,319.751689,320.2513895,320.2513895,320.2513895,320.7855996,b,1,0.5326678,None,,,,,447702,1,2025-08-26_00h49.04.397,Stroop task,,2025.1.1,59.99275287,2025-08-26 00h49.05.627333 +0530
BLUE,blue,b,C,271,3,67,b,1,0.4664937,None,67,3,271,3,320.8014991,,,,,,,,,320.7869951,320.8014991,321.285104,321.285104,321.285104,321.7520288,b,1,0.4664937,None,,,,,447702,1,2025-08-26_00h49.04.397,Stroop task,,2025.1.1,59.99275287,2025-08-26 00h49.05.627333 +0530
BLUE,red,r,I,272,0,68,r,1,0.6316703,None,68,0,272,2,321.7680068,,,,,,,,,321.7523625,321.7680068,322.2513833,322.2513833,322.2513833,322.8848186,r,1,0.6316703,None,,,,,447702,1,2025-08-26_00h49.04.397,Stroop task,,2025.1.1,59.99275287,2025-08-26 00h49.05.627333 +0530
RED,blue,b,I,273,1,68,b,1,1.0538022,None,68,1,273,1,322.9011415,,,,,,,,,322.8863227,322.9011415,323.3847926,323.3847926,323.3847926,324.4517062,b,1,1.0538022,None,,,,,447702,1,2025-08-26_00h49.04.397,Stroop task,,2025.1.1,59.99275287,2025-08-26 00h49.05.627333 +0530
RED,red,r,C,274,2,68,r,1,0.5506078,None,68,2,274,0,324.4679715,,,,,,,,,324.4519809,324.4679715,324.9512778,324.9512778,324.9512778,325.5023138,r,1,0.5506078,None,,,,,447702,1,2025-08-26_00h49.04.397,Stroop task,,2025.1.1,59.99275287,2025-08-26 00h49.05.627333 +0530
BLUE,blue,b,C,275,3,68,b,1,0.5095698,None,68,3,275,3,325.5183178,,,,,,,,,325.5040262,325.5183178,326.0013357,326.0013357,326.0013357,326.5183661,b,1,0.5095698,None,,,,,447702,1,2025-08-26_00h49.04.397,Stroop task,,2025.1.1,59.99275287,2025-08-26 00h49.05.627333 +0530
BLUE,red,r,I,276,0,69,r,1,0.6718855,None,69,0,276,2,326.535009,,,,,,,,,326.5186454,326.535009,327.0178985,327.0178985,327.0178985,327.7016573,r,1,0.6718855,None,,,,,447702,1,2025-08-26_00h49.04.397,Stroop task,,2025.1.1,59.99275287,2025-08-26 00h49.05.627333 +0530
RED,blue,b,I,277,1,69,b,1,1.5553677,None,69,1,277,1,327.717923,,,,,,,,,327.7032764,327.717923,328.2012252,328.2012252,328.2012252,329.768207,b,1,1.5553677,None,,,,,447702,1,2025-08-26_00h49.04.397,Stroop task,,2025.1.1,59.99275287,2025-08-26 00h49.05.627333 +0530
RED,red,r,C,278,2,69,r,1,1.2387208,None,69,2,278,0,329.7845517,,,,,,,,,329.7684741,329.7845517,330.2678897,330.2678897,330.2678897,331.5180362,r,1,1.2387208,None,,,,,447702,1,2025-08-26_00h49.04.397,Stroop task,,2025.1.1,59.99275287,2025-08-26 00h49.05.627333 +0530
BLUE,blue,b,C,279,3,69,b,1,0.5166185,None,69,3,279,3,331.5346667,,,,,,,,,331.5194546,331.5346667,332.0178372,332.0178372,332.0178372,332.5349896,b,1,0.5166185,None,,,,,447702,1,2025-08-26_00h49.04.397,Stroop task,,2025.1.1,59.99275287,2025-08-26 00h49.05.627333 +0530
BLUE,red,r,I,280,0,70,r,1,0.7095693,None,70,0,280,2,332.551234,,,,,,,,,332.5352676,332.551234,333.0343634,333.0343634,333.0343634,333.7514673,r,1,0.7095693,None,,,,,447702,1,2025-08-26_00h49.04.397,Stroop task,,2025.1.1,59.99275287,2025-08-26 00h49.05.627333 +0530
BLUE,blue,b,C,281,1,70,b,1,0.5727534,None,70,1,281,3,333.7678123,,,,,,,,,333.751732,333.7678123,334.2512145,334.2512145,334.2512145,334.8363489,b,1,0.5727534,None,,,,,447702,1,2025-08-26_00h49.04.397,Stroop task,,2025.1.1,59.99275287,2025-08-26 00h49.05.627333 +0530
RED,blue,b,I,282,2,70,b,1,0.4980331,None,70,2,282,1,334.8513124,,,,,,,,,334.837822,334.8513124,335.3515378,335.3515378,335.3515378,335.8513482,b,1,0.4980331,None,,,,,447702,1,2025-08-26_00h49.04.397,Stroop task,,2025.1.1,59.99275287,2025-08-26 00h49.05.627333 +0530
RED,red,r,C,283,3,70,r,1,0.5631624,None,70,3,283,0,335.8682433,,,,,,,,,335.8516251,335.8682433,336.351507,336.351507,336.351507,336.9180524,r,1,0.5631624,None,,,,,447702,1,2025-08-26_00h49.04.397,Stroop task,,2025.1.1,59.99275287,2025-08-26 00h49.05.627333 +0530
BLUE,blue,b,C,284,0,71,b,1,0.5198368,None,71,0,284,3,336.9344646,,,,,,,,,336.9200567,336.9344646,337.4181327,337.4181327,337.4181327,337.9514168,b,1,0.5198368,None,,,,,447702,1,2025-08-26_00h49.04.397,Stroop task,,2025.1.1,59.99275287,2025-08-26 00h49.05.627333 +0530
RED,blue,b,I,285,1,71,b,1,0.6781561,None,71,1,285,1,337.9676523,,,,,,,,,337.9528813,337.9676523,338.4525149,338.4525149,338.4525149,339.1351612,b,1,0.6781561,None,,,,,447702,1,2025-08-26_00h49.04.397,Stroop task,,2025.1.1,59.99275287,2025-08-26 00h49.05.627333 +0530
RED,red,r,C,286,2,71,r,1,0.6460897,None,71,2,286,0,339.1509951,,,,,,,,,339.1354459,339.1509951,339.6343228,339.6343228,339.6343228,340.2851331,r,1,0.6460897,None,,,,,447702,1,2025-08-26_00h49.04.397,Stroop task,,2025.1.1,59.99275287,2025-08-26 00h49.05.627333 +0530
BLUE,red,r,I,287,3,71,r,1,0.6628617,None,71,3,287,2,340.3014087,,,,,,,,,340.2871831,340.3014087,340.7845237,340.7845237,340.7845237,341.4516935,r,1,0.6628617,None,,,,,447702,1,2025-08-26_00h49.04.397,Stroop task,,2025.1.1,59.99275287,2025-08-26 00h49.05.627333 +0530
BLUE,blue,b,C,288,0,72,b,1,0.5543607,None,72,0,288,3,341.4678215,,,,,,,,,341.4519635,341.4678215,341.9510288,341.9510288,341.9510288,342.5182173,b,1,0.5543607,None,,,,,447702,1,2025-08-26_00h49.04.397,Stroop task,,2025.1.1,59.99275287,2025-08-26 00h49.05.627333 +0530
RED,red,r,C,289,1,72,r,1,0.5070019,None,72,1,289,0,342.5347468,,,,,,,,,342.5198398,342.5347468,343.0175643,343.0175643,343.0175643,343.5349314,r,1,0.5070019,None,,,,,447702,1,2025-08-26_00h49.04.397,Stroop task,,2025.1.1,59.99275287,2025-08-26 00h49.05.627333 +0530
RED,blue,b,I,290,2,72,b,1,0.7242888,None,72,2,290,1,343.5511085,,,,,,,,,343.5351975,343.5511085,344.0342643,344.0342643,344.0342643,344.7679869,b,1,0.7242888,None,,,,,447702,1,2025-08-26_00h49.04.397,Stroop task,,2025.1.1,59.99275287,2025-08-26 00h49.05.627333 +0530
BLUE,red,r,I,291,3,72,r,1,1.0156759,None,72,3,291,2,344.7842701,,,,,,,,,344.7694007,344.7842701,345.2679975,345.2679975,345.2679975,346.2852779,r,1,1.0156759,None,,,,,447702,1,2025-08-26_00h49.04.397,Stroop task,,2025.1.1,59.99275287,2025-08-26 00h49.05.627333 +0530
BLUE,blue,b,C,292,0,73,b,1,0.4488397,None,73,0,292,3,346.3012916,,,,,,,,,346.2855548,346.3012916,346.7846882,346.7846882,346.7846882,347.2350505,b,1,0.4488397,None,,,,,447702,1,2025-08-26_00h49.04.397,Stroop task,,2025.1.1,59.99275287,2025-08-26 00h49.05.627333 +0530
BLUE,red,r,I,293,1,73,r,1,1.0156094,None,73,1,293,2,347.2514034,,,,,,,,,347.2353269,347.2514034,347.7511866,347.7511866,347.7511866,348.7722297,r,1,1.0156094,None,,,,,447702,1,2025-08-26_00h49.04.397,Stroop task,,2025.1.1,59.99275287,2025-08-26 00h49.05.627333 +0530
RED,blue,b,I,294,2,73,b,1,1.1159209,None,73,2,294,1,348.7842543,,,,,,,,,348.7736912,348.7842543,349.284363,349.284363,349.284363,350.4019052,b,1,1.1159209,None,,,,,447702,1,2025-08-26_00h49.04.397,Stroop task,,2025.1.1,59.99275287,2025-08-26 00h49.05.627333 +0530
RED,red,r,C,295,3,73,r,1,0.602241,None,73,3,295,0,350.417603,,,,,,,,,350.4021806,350.417603,350.9012865,350.9012865,350.9012865,351.5179793,r,1,0.602241,None,,,,,447702,1,2025-08-26_00h49.04.397,Stroop task,,2025.1.1,59.99275287,2025-08-26 00h49.05.627333 +0530
RED,blue,b,I,296,0,74,b,1,1.5885823,None,74,0,296,1,351.534213,,,,,,,,,351.5182592,351.534213,352.0175275,352.0175275,352.0175275,353.6181185,b,1,1.5885823,None,,,,,447702,1,2025-08-26_00h49.04.397,Stroop task,,2025.1.1,59.99275287,2025-08-26 00h49.05.627333 +0530
RED,red,r,C,297,1,74,r,1,1.0908599,None,74,1,297,0,353.6345722,,,,,,,,,353.6183931,353.6345722,354.1178757,354.1178757,354.1178757,355.2176554,r,1,1.0908599,None,,,,,447702,1,2025-08-26_00h49.04.397,Stroop task,,2025.1.1,59.99275287,2025-08-26 00h49.05.627333 +0530
BLUE,blue,b,C,298,2,74,b,1,0.4384852,None,74,2,298,3,355.234114,,,,,,,,,355.2191758,355.234114,355.7173899,355.7173899,355.7173899,356.1677929,b,1,0.4384852,None,,,,,447702,1,2025-08-26_00h49.04.397,Stroop task,,2025.1.1,59.99275287,2025-08-26 00h49.05.627333 +0530
BLUE,red,r,I,299,3,74,r,1,0.839995,None,74,3,299,2,356.1841672,,,,,,,,,356.1680709,356.1841672,356.6675809,356.6675809,356.6675809,357.5181948,r,1,0.839995,None,,,,,447702,1,2025-08-26_00h49.04.397,Stroop task,,2025.1.1,59.99275287,2025-08-26 00h49.05.627333 +0530
BLUE,blue,b,C,300,0,75,b,1,0.5327008,None,75,0,300,3,357.5345342,,,,,,,,,357.5184861,357.5345342,358.0176324,358.0176324,358.0176324,358.5514461,b,1,0.5327008,None,,,,,447702,1,2025-08-26_00h49.04.397,Stroop task,,2025.1.1,59.99275287,2025-08-26 00h49.05.627333 +0530
RED,blue,b,I,301,1,75,b,1,1.0519455,None,75,1,301,1,358.5677279,,,,,,,,,358.5529708,358.5677279,359.051111,359.051111,359.051111,360.1178162,b,1,1.0519455,None,,,,,447702,1,2025-08-26_00h49.04.397,Stroop task,,2025.1.1,59.99275287,2025-08-26 00h49.05.627333 +0530
RED,red,r,C,302,2,75,r,1,0.4646849,None,75,2,302,0,360.1342303,,,,,,,,,360.1180971,360.1342303,360.6172819,360.6172819,360.6172819,361.0845622,r,1,0.4646849,None,,,,,447702,1,2025-08-26_00h49.04.397,Stroop task,,2025.1.1,59.99275287,2025-08-26 00h49.05.627333 +0530
BLUE,red,r,I,303,3,75,r,1,0.7228521,None,75,3,303,2,361.1011125,,,,,,,,,361.0862092,361.1011125,361.5840964,361.5840964,361.5840964,362.3179439,r,1,0.7228521,None,,,,,447702,1,2025-08-26_00h49.04.397,Stroop task,,2025.1.1,59.99275287,2025-08-26 00h49.05.627333 +0530
RED,blue,b,I,304,0,76,b,1,0.8908485,None,76,0,304,1,362.3344842,,,,,,,,,362.3193553,362.3344842,362.8175865,362.8175865,362.8175865,363.7181494,b,1,0.8908485,None,,,,,447702,1,2025-08-26_00h49.04.397,Stroop task,,2025.1.1,59.99275287,2025-08-26 00h49.05.627333 +0530
BLUE,red,r,I,305,1,76,r,1,1.5113705,None,76,1,305,2,363.7341518,,,,,,,,,363.7198655,363.7341518,364.2173262,364.2173262,364.2173262,365.7341846,r,1,1.5113705,None,,,,,447702,1,2025-08-26_00h49.04.397,Stroop task,,2025.1.1,59.99275287,2025-08-26 00h49.05.627333 +0530
BLUE,blue,b,C,306,2,76,b,1,0.5332408,None,76,2,306,3,365.7505964,,,,,,,,,365.7344565,365.7505964,366.233998,366.233998,366.233998,366.7680045,b,1,0.5332408,None,,,,,447702,1,2025-08-26_00h49.04.397,Stroop task,,2025.1.1,59.99275287,2025-08-26 00h49.05.627333 +0530
RED,red,r,C,307,3,76,r,1,0.876197,None,76,3,307,0,366.7837309,,,,,,,,,366.7695523,366.7837309,367.2676483,367.2676483,367.2676483,368.1514878,r,1,0.876197,None,,,,,447702,1,2025-08-26_00h49.04.397,Stroop task,,2025.1.1,59.99275287,2025-08-26 00h49.05.627333 +0530
RED,red,r,C,308,0,77,r,1,0.4822819,None,77,0,308,0,368.1676804,,,,,,,,,368.151771,368.1676804,368.6510597,368.6510597,368.6510597,369.1347885,r,1,0.4822819,None,,,,,447702,1,2025-08-26_00h49.04.397,Stroop task,,2025.1.1,59.99275287,2025-08-26 00h49.05.627333 +0530
BLUE,red,r,I,309,1,77,r,1,0.6364629,None,77,1,309,2,369.150711,,,,,,,,,369.1364006,369.150711,369.6343942,369.6343942,369.6343942,370.2843197,r,1,0.6364629,None,,,,,447702,1,2025-08-26_00h49.04.397,Stroop task,,2025.1.1,59.99275287,2025-08-26 00h49.05.627333 +0530
RED,blue,b,I,310,2,77,b,1,0.4651919,None,77,2,310,1,370.3006251,,,,,,,,,370.2859427,370.3006251,370.7843426,370.7843426,370.7843426,371.2511564,b,1,0.4651919,None,,,,,447702,1,2025-08-26_00h49.04.397,Stroop task,,2025.1.1,59.99275287,2025-08-26 00h49.05.627333 +0530
BLUE,blue,b,C,311,3,77,b,1,0.4994705,None,77,3,311,3,371.2676743,,,,,,,,,371.2526815,371.2676743,371.7504448,371.7504448,371.7504448,372.251497,b,1,0.4994705,None,,,,,447702,1,2025-08-26_00h49.04.397,Stroop task,,2025.1.1,59.99275287,2025-08-26 00h49.05.627333 +0530
BLUE,blue,b,C,312,0,78,b,1,0.5248129,None,78,0,312,3,372.2668666,,,,,,,,,372.2517621,372.2668666,372.7507847,372.7507847,372.7507847,373.2842588,b,1,0.5248129,None,,,,,447702,1,2025-08-26_00h49.04.397,Stroop task,,2025.1.1,59.99275287,2025-08-26 00h49.05.627333 +0530
RED,blue,b,I,313,1,78,b,1,0.4896114,None,78,1,313,1,373.3005686,,,,,,,,,373.2857591,373.3005686,373.7838427,373.7838427,373.7838427,374.2840824,b,1,0.4896114,None,,,,,447702,1,2025-08-26_00h49.04.397,Stroop task,,2025.1.1,59.99275287,2025-08-26 00h49.05.627333 +0530
RED,red,r,C,314,2,78,r,1,0.567662,None,78,2,314,0,374.3009222,,,,,,,,,374.2843467,374.3009222,374.7839037,374.7839037,374.7839037,375.3679076,r,1,0.567662,None,,,,,447702,1,2025-08-26_00h49.04.397,Stroop task,,2025.1.1,59.99275287,2025-08-26 00h49.05.627333 +0530
BLUE,red,r,I,315,3,78,r,1,0.4778108,None,78,3,315,2,375.3840825,,,,,,,,,375.3699363,375.3840825,375.867345,375.867345,375.867345,376.3508554,r,1,0.4778108,None,,,,,447702,1,2025-08-26_00h49.04.397,Stroop task,,2025.1.1,59.99275287,2025-08-26 00h49.05.627333 +0530
RED,blue,b,I,316,0,79,b,1,0.4821758,None,79,0,316,1,376.3671283,,,,,,,,,376.3523546,376.3671283,376.8508055,376.8508055,376.8508055,377.3341504,b,1,0.4821758,None,,,,,447702,1,2025-08-26_00h49.04.397,Stroop task,,2025.1.1,59.99275287,2025-08-26 00h49.05.627333 +0530
BLUE,red,r,I,317,1,79,r,1,0.5830043,None,79,1,317,2,377.3504864,,,,,,,,,377.3356265,377.3504864,377.8342001,377.8342001,377.8342001,378.417415,r,1,0.5830043,None,,,,,447702,1,2025-08-26_00h49.04.397,Stroop task,,2025.1.1,59.99275287,2025-08-26 00h49.05.627333 +0530
BLUE,blue,b,C,318,2,79,b,1,0.6640045,None,79,2,318,3,378.43385,,,,,,,,,378.4176821,378.43385,378.9172365,378.9172365,378.9172365,379.5838521,b,1,0.6640045,None,,,,,447702,1,2025-08-26_00h49.04.397,Stroop task,,2025.1.1,59.99275287,2025-08-26 00h49.05.627333 +0530
RED,red,r,C,319,3,79,r,1,0.6993316,None,79,3,319,0,379.6004201,,,,,,,,,379.585264,379.6004201,380.0837924,380.0837924,380.0837924,380.7846919,r,1,0.6993316,None,,,,,447702,1,2025-08-26_00h49.04.397,Stroop task,,2025.1.1,59.99275287,2025-08-26 00h49.05.627333 +0530
RED,blue,b,I,320,0,80,b,1,0.8232764,None,80,0,320,1,380.8007281,,,,,,,,,380.7849674,380.8007281,381.2838151,381.2838151,381.2838151,382.1177426,b,1,0.8232764,None,,,,,447702,1,2025-08-26_00h49.04.397,Stroop task,,2025.1.1,59.99275287,2025-08-26 00h49.05.627333 +0530
BLUE,red,r,I,321,1,80,r,1,0.998018,None,80,1,321,2,382.1341115,,,,,,,,,382.119149,382.1341115,382.61705,382.61705,382.61705,383.6170945,r,1,0.998018,None,,,,,447702,1,2025-08-26_00h49.04.397,Stroop task,,2025.1.1,59.99275287,2025-08-26 00h49.05.627333 +0530
BLUE,blue,b,C,322,2,80,b,1,0.5119427,None,80,2,322,3,383.6341079,,,,,,,,,383.6173648,383.6341079,384.1170543,384.1170543,384.1170543,384.634124,b,1,0.5119427,None,,,,,447702,1,2025-08-26_00h49.04.397,Stroop task,,2025.1.1,59.99275287,2025-08-26 00h49.05.627333 +0530
RED,red,r,C,323,3,80,r,1,0.8341479,None,80,3,323,0,384.6505722,,,,,,,,,384.6357345,384.6505722,385.1340963,385.1340963,385.1340963,385.9841496,r,1,0.8341479,None,,,,,447702,1,2025-08-26_00h49.04.397,Stroop task,,2025.1.1,59.99275287,2025-08-26 00h49.05.627333 +0530
BLUE,red,r,I,324,0,81,r,1,0.8208408,None,81,0,324,2,386.0007784,,,,,,,,,385.9855069,386.0007784,386.4834926,386.4834926,386.4834926,387.3171654,r,1,0.8208408,None,,,,,447702,1,2025-08-26_00h49.04.397,Stroop task,,2025.1.1,59.99275287,2025-08-26 00h49.05.627333 +0530
RED,red,r,C,325,1,81,r,1,0.67305,None,81,1,325,0,387.333604,,,,,,,,,387.3186724,387.333604,387.8169672,387.8169672,387.8169672,388.5010473,r,1,0.67305,None,,,,,447702,1,2025-08-26_00h49.04.397,Stroop task,,2025.1.1,59.99275287,2025-08-26 00h49.05.627333 +0530
BLUE,blue,b,C,326,2,81,b,1,0.9235488,None,81,2,326,3,388.5168864,,,,,,,,,388.5023911,388.5168864,389.0001896,389.0001896,389.0001896,389.9343562,b,1,0.9235488,None,,,,,447702,1,2025-08-26_00h49.04.397,Stroop task,,2025.1.1,59.99275287,2025-08-26 00h49.05.627333 +0530
RED,blue,b,I,327,3,81,b,1,0.5808651,None,81,3,327,1,389.9506854,,,,,,,,,389.9359837,389.9506854,390.4335789,390.4335789,390.4335789,391.0172336,b,1,0.5808651,None,,,,,447702,1,2025-08-26_00h49.04.397,Stroop task,,2025.1.1,59.99275287,2025-08-26 00h49.05.627333 +0530
BLUE,blue,b,C,328,0,82,b,1,0.4459179,None,82,0,328,3,391.0336097,,,,,,,,,391.0185804,391.0336097,391.516954,391.516954,391.516954,391.9691768,b,1,0.4459179,None,,,,,447702,1,2025-08-26_00h49.04.397,Stroop task,,2025.1.1,59.99275287,2025-08-26 00h49.05.627333 +0530
RED,red,r,C,329,1,82,r,1,0.5619456,None,82,1,329,0,391.9834502,,,,,,,,,391.9705715,391.9834502,392.4838056,392.4838056,392.4838056,393.0514001,r,1,0.5619456,None,,,,,447702,1,2025-08-26_00h49.04.397,Stroop task,,2025.1.1,59.99275287,2025-08-26 00h49.05.627333 +0530
RED,blue,b,I,330,2,82,b,1,0.8301996,None,82,2,330,1,393.0669736,,,,,,,,,393.0516946,393.0669736,393.5669253,393.5669253,393.5669253,394.4007469,b,1,0.8301996,None,,,,,447702,1,2025-08-26_00h49.04.397,Stroop task,,2025.1.1,59.99275287,2025-08-26 00h49.05.627333 +0530
BLUE,red,r,I,331,3,82,r,1,0.6661483,None,82,3,331,2,394.4172375,,,,,,,,,394.4022114,394.4172375,394.9002456,394.9002456,394.9002456,395.5676642,r,1,0.6661483,None,,,,,447702,1,2025-08-26_00h49.04.397,Stroop task,,2025.1.1,59.99275287,2025-08-26 00h49.05.627333 +0530
BLUE,red,r,I,332,0,83,r,1,0.5395262,None,83,0,332,2,395.5834253,,,,,,,,,395.5679461,395.5834253,396.0669683,396.0669683,396.0669683,396.6169618,r,1,0.5395262,None,,,,,447702,1,2025-08-26_00h49.04.397,Stroop task,,2025.1.1,59.99275287,2025-08-26 00h49.05.627333 +0530
RED,blue,b,I,333,1,83,b,1,0.6875153,None,83,1,333,1,396.6341716,,,,,,,,,396.6185713,396.6341716,397.1171546,397.1171546,397.1171546,397.817195,b,1,0.6875153,None,,,,,447702,1,2025-08-26_00h49.04.397,Stroop task,,2025.1.1,59.99275287,2025-08-26 00h49.05.627333 +0530
BLUE,blue,b,C,334,2,83,b,1,0.5117866,None,83,2,334,3,397.8339015,,,,,,,,,397.8188726,397.8339015,398.3171847,398.3171847,398.3171847,398.8341745,b,1,0.5117866,None,,,,,447702,1,2025-08-26_00h49.04.397,Stroop task,,2025.1.1,59.99275287,2025-08-26 00h49.05.627333 +0530
RED,red,r,C,335,3,83,r,1,0.633519,None,83,3,335,0,398.8502543,,,,,,,,,398.8356893,398.8502543,399.3338511,399.3338511,399.3338511,399.9676014,r,1,0.633519,None,,,,,447702,1,2025-08-26_00h49.04.397,Stroop task,,2025.1.1,59.99275287,2025-08-26 00h49.05.627333 +0530
BLUE,blue,b,C,336,0,84,b,1,1.6328399,None,84,0,336,3,399.9838499,,,,,,,,,399.9690828,399.9838499,400.4666935,400.4666935,400.4666935,402.1006037,b,1,1.6328399,None,,,,,447702,1,2025-08-26_00h49.04.397,Stroop task,,2025.1.1,59.99275287,2025-08-26 00h49.05.627333 +0530
BLUE,red,r,I,337,1,84,r,1,0.8399378,None,84,1,337,2,402.1165924,,,,,,,,,402.1008896,402.1165924,402.600239,402.600239,402.600239,403.4502937,r,1,0.8399378,None,,,,,447702,1,2025-08-26_00h49.04.397,Stroop task,,2025.1.1,59.99275287,2025-08-26 00h49.05.627333 +0530
RED,blue,b,I,338,2,84,b,1,0.8002573,None,84,2,338,1,403.4670011,,,,,,,,,403.4518832,403.4670011,403.9504723,403.9504723,403.9504723,404.751029,b,1,0.8002573,None,,,,,447702,1,2025-08-26_00h49.04.397,Stroop task,,2025.1.1,59.99275287,2025-08-26 00h49.05.627333 +0530
RED,red,r,C,339,3,84,r,1,0.5157191,None,84,3,339,0,404.7665736,,,,,,,,,404.7513145,404.7665736,405.250257,405.250257,405.250257,405.7677365,r,1,0.5157191,None,,,,,447702,1,2025-08-26_00h49.04.397,Stroop task,,2025.1.1,59.99275287,2025-08-26 00h49.05.627333 +0530
RED,blue,b,I,340,0,85,b,1,0.5141118,None,85,0,340,1,405.7837947,,,,,,,,,405.7679966,405.7837947,406.2833944,406.2833944,406.2833944,406.8005667,b,1,0.5141118,None,,,,,447702,1,2025-08-26_00h49.04.397,Stroop task,,2025.1.1,59.99275287,2025-08-26 00h49.05.627333 +0530
BLUE,red,r,I,341,1,85,r,1,0.8730138,None,85,1,341,2,406.8164617,,,,,,,,,406.8022663,406.8164617,407.3004116,407.3004116,407.3004116,408.1838898,r,1,0.8730138,None,,,,,447702,1,2025-08-26_00h49.04.397,Stroop task,,2025.1.1,59.99275287,2025-08-26 00h49.05.627333 +0530
RED,red,r,C,342,2,85,r,1,0.6188142,None,85,2,342,0,408.2004079,,,,,,,,,408.1856396,408.2004079,408.6835,408.6835,408.6835,409.3188183,r,1,0.6188142,None,,,,,447702,1,2025-08-26_00h49.04.397,Stroop task,,2025.1.1,59.99275287,2025-08-26 00h49.05.627333 +0530
BLUE,blue,b,C,343,3,85,b,1,0.5881363,None,85,3,343,3,409.3334224,,,,,,,,,409.3204605,409.3334224,409.8337521,409.8337521,409.8337521,410.4337063,b,1,0.5881363,None,,,,,447702,1,2025-08-26_00h49.04.397,Stroop task,,2025.1.1,59.99275287,2025-08-26 00h49.05.627333 +0530
RED,red,r,C,344,0,86,r,1,0.6105308,None,86,0,344,0,410.450037,,,,,,,,,410.4354724,410.450037,410.9336807,410.9336807,410.9336807,411.5506805,r,1,0.6105308,None,,,,,447702,1,2025-08-26_00h49.04.397,Stroop task,,2025.1.1,59.99275287,2025-08-26 00h49.05.627333 +0530
RED,blue,b,I,345,1,86,b,1,0.4448669,None,86,1,345,1,411.5674912,,,,,,,,,411.5509581,411.5674912,412.0503361,412.0503361,412.0503361,412.5005926,b,1,0.4448669,None,,,,,447702,1,2025-08-26_00h49.04.397,Stroop task,,2025.1.1,59.99275287,2025-08-26 00h49.05.627333 +0530
BLUE,red,r,I,346,2,86,r,1,0.8827243,None,86,2,346,2,412.5165794,,,,,,,,,412.5021552,412.5165794,412.9997099,412.9997099,412.9997099,413.8839096,r,1,0.8827243,None,,,,,447702,1,2025-08-26_00h49.04.397,Stroop task,,2025.1.1,59.99275287,2025-08-26 00h49.05.627333 +0530
BLUE,blue,b,C,347,3,86,b,1,0.5250139,None,86,3,347,3,413.9002997,,,,,,,,,413.8841866,413.9002997,414.3832914,414.3832914,414.3832914,414.9168985,b,1,0.5250139,None,,,,,447702,1,2025-08-26_00h49.04.397,Stroop task,,2025.1.1,59.99275287,2025-08-26 00h49.05.627333 +0530
BLUE,blue,b,C,348,0,87,b,1,0.5499345,None,87,0,348,3,414.9331687,,,,,,,,,414.9171778,414.9331687,415.4168544,415.4168544,415.4168544,415.9672188,b,1,0.5499345,None,,,,,447702,1,2025-08-26_00h49.04.397,Stroop task,,2025.1.1,59.99275287,2025-08-26 00h49.05.627333 +0530
BLUE,red,r,I,349,1,87,r,1,0.4893526,None,87,1,349,2,415.9831529,,,,,,,,,415.9675508,415.9831529,416.4668922,416.4668922,416.4668922,416.9672308,r,1,0.4893526,None,,,,,447702,1,2025-08-26_00h49.04.397,Stroop task,,2025.1.1,59.99275287,2025-08-26 00h49.05.627333 +0530
RED,red,r,C,350,2,87,r,1,0.577589,None,87,2,350,0,416.9835716,,,,,,,,,416.9686063,416.9835716,417.4663593,417.4663593,417.4663593,418.0503287,r,1,0.577589,None,,,,,447702,1,2025-08-26_00h49.04.397,Stroop task,,2025.1.1,59.99275287,2025-08-26 00h49.05.627333 +0530
RED,blue,b,I,351,3,87,b,1,0.683191,None,87,3,351,1,418.0667896,,,,,,,,,418.0506082,418.0667896,418.5502429,418.5502429,418.5502429,419.2338623,b,1,0.683191,None,,,,,447702,1,2025-08-26_00h49.04.397,Stroop task,,2025.1.1,59.99275287,2025-08-26 00h49.05.627333 +0530
RED,red,r,C,352,0,88,r,1,0.5032938,None,88,0,352,0,419.2508565,,,,,,,,,419.2341817,419.2508565,419.7333723,419.7333723,419.7333723,420.2500427,r,1,0.5032938,None,,,,,447702,1,2025-08-26_00h49.04.397,Stroop task,,2025.1.1,59.99275287,2025-08-26 00h49.05.627333 +0530
BLUE,blue,b,C,353,1,88,b,1,0.5710383,None,88,1,353,3,420.2663946,,,,,,,,,420.2517559,420.2663946,420.7502388,420.7502388,420.7502388,421.3338851,b,1,0.5710383,None,,,,,447702,1,2025-08-26_00h49.04.397,Stroop task,,2025.1.1,59.99275287,2025-08-26 00h49.05.627333 +0530
BLUE,red,r,I,354,2,88,r,1,0.6584333,None,88,2,354,2,421.3500218,,,,,,,,,421.334166,421.3500218,421.8331222,421.8331222,421.8331222,422.5003496,r,1,0.6584333,None,,,,,447702,1,2025-08-26_00h49.04.397,Stroop task,,2025.1.1,59.99275287,2025-08-26 00h49.05.627333 +0530
RED,blue,b,I,355,3,88,b,1,0.6829184,None,88,3,355,1,422.516499,,,,,,,,,422.5019892,422.516499,422.9995848,422.9995848,422.9995848,423.6840803,b,1,0.6829184,None,,,,,447702,1,2025-08-26_00h49.04.397,Stroop task,,2025.1.1,59.99275287,2025-08-26 00h49.05.627333 +0530
RED,red,r,C,356,0,89,r,1,0.54821,None,89,0,356,0,423.7002153,,,,,,,,,423.6843609,423.7002153,424.1995747,424.1995747,424.1995747,424.7500493,r,1,0.54821,None,,,,,447702,1,2025-08-26_00h49.04.397,Stroop task,,2025.1.1,59.99275287,2025-08-26 00h49.05.627333 +0530
BLUE,blue,b,C,357,1,89,b,1,0.5624109,None,89,1,357,3,424.7664804,,,,,,,,,424.7515501,424.7664804,425.2495535,425.2495535,425.2495535,425.8169213,b,1,0.5624109,None,,,,,447702,1,2025-08-26_00h49.04.397,Stroop task,,2025.1.1,59.99275287,2025-08-26 00h49.05.627333 +0530
RED,blue,b,I,358,2,89,b,1,0.6901599,None,89,2,358,1,425.8331995,,,,,,,,,425.8185945,425.8331995,426.3160645,426.3160645,426.3160645,427.0170357,b,1,0.6901599,None,,,,,447702,1,2025-08-26_00h49.04.397,Stroop task,,2025.1.1,59.99275287,2025-08-26 00h49.05.627333 +0530
BLUE,red,r,I,359,3,89,r,1,0.5786812,None,89,3,359,2,427.0331718,,,,,,,,,427.0185323,427.0331718,427.5167132,427.5167132,427.5167132,428.0999063,r,1,0.5786812,None,,,,,447702,1,2025-08-26_00h49.04.397,Stroop task,,2025.1.1,59.99275287,2025-08-26 00h49.05.627333 +0530
BLUE,red,r,I,360,0,90,r,1,0.9922062,None,90,0,360,2,428.1163628,,,,,,,,,428.1001855,428.1163628,428.6000813,428.6000813,428.6000813,429.6000573,r,1,0.9922062,None,,,,,447702,1,2025-08-26_00h49.04.397,Stroop task,,2025.1.1,59.99275287,2025-08-26 00h49.05.627333 +0530
RED,red,r,C,361,1,90,r,1,0.6015044,None,90,1,361,0,429.6168702,,,,,,,,,429.6018383,429.6168702,430.0996697,430.0996697,430.0996697,430.716763,r,1,0.6015044,None,,,,,447702,1,2025-08-26_00h49.04.397,Stroop task,,2025.1.1,59.99275287,2025-08-26 00h49.05.627333 +0530
BLUE,blue,b,C,362,2,90,b,1,0.4126028,None,90,2,362,3,430.732876,,,,,,,,,430.7185393,430.732876,431.2165151,431.2165151,431.2165151,431.6334922,b,1,0.4126028,None,,,,,447702,1,2025-08-26_00h49.04.397,Stroop task,,2025.1.1,59.99275287,2025-08-26 00h49.05.627333 +0530
RED,blue,b,I,363,3,90,b,1,0.4333716,None,90,3,363,1,431.6494002,,,,,,,,,431.6348545,431.6494002,432.1330993,432.1330993,432.1330993,432.5669068,b,1,0.4333716,None,,,,,447702,1,2025-08-26_00h49.04.397,Stroop task,,2025.1.1,59.99275287,2025-08-26 00h49.05.627333 +0530
BLUE,red,r,I,364,0,91,r,1,1.1583828,None,91,0,364,2,432.5829607,,,,,,,,,432.5692215,432.5829607,433.0662638,433.0662638,433.0662638,434.2332067,r,1,1.1583828,None,,,,,447702,1,2025-08-26_00h49.04.397,Stroop task,,2025.1.1,59.99275287,2025-08-26 00h49.05.627333 +0530
BLUE,blue,b,C,365,1,91,b,1,0.5152899,None,91,1,365,3,434.2493937,,,,,,,,,434.2334951,434.2493937,434.7333146,434.7333146,434.7333146,435.2501742,b,1,0.5152899,None,,,,,447702,1,2025-08-26_00h49.04.397,Stroop task,,2025.1.1,59.99275287,2025-08-26 00h49.05.627333 +0530
RED,blue,b,I,366,2,91,b,1,0.5924276,None,91,2,366,1,435.266394,,,,,,,,,435.2515759,435.266394,435.749482,435.749482,435.749482,436.3499323,b,1,0.5924276,None,,,,,447702,1,2025-08-26_00h49.04.397,Stroop task,,2025.1.1,59.99275287,2025-08-26 00h49.05.627333 +0530
RED,red,r,C,367,3,91,r,1,0.535432,None,91,3,367,0,436.3661128,,,,,,,,,436.3502109,436.3661128,436.8497716,436.8497716,436.8497716,437.3999896,r,1,0.535432,None,,,,,447702,1,2025-08-26_00h49.04.397,Stroop task,,2025.1.1,59.99275287,2025-08-26 00h49.05.627333 +0530
RED,red,r,C,368,0,92,r,1,0.5304977,None,92,0,368,0,437.4161478,,,,,,,,,437.4002661,437.4161478,437.8994945,437.8994945,437.8994945,438.4333893,r,1,0.5304977,None,,,,,447702,1,2025-08-26_00h49.04.397,Stroop task,,2025.1.1,59.99275287,2025-08-26 00h49.05.627333 +0530
BLUE,blue,b,C,369,1,92,b,1,0.5193034,None,92,1,369,3,438.4499104,,,,,,,,,438.4350077,438.4499104,438.9329063,438.9329063,438.9329063,439.4665329,b,1,0.5193034,None,,,,,447702,1,2025-08-26_00h49.04.397,Stroop task,,2025.1.1,59.99275287,2025-08-26 00h49.05.627333 +0530
RED,blue,b,I,370,2,92,b,1,0.3785181,None,92,2,370,1,439.4828755,,,,,,,,,439.4681776,439.4828755,439.9660992,439.9660992,439.9660992,440.3498718,b,1,0.3785181,None,,,,,447702,1,2025-08-26_00h49.04.397,Stroop task,,2025.1.1,59.99275287,2025-08-26 00h49.05.627333 +0530
BLUE,red,r,I,371,3,92,r,1,0.615014,None,92,3,371,2,440.3660303,,,,,,,,,440.3512532,440.3660303,440.849632,440.849632,440.849632,441.4670002,r,1,0.615014,None,,,,,447702,1,2025-08-26_00h49.04.397,Stroop task,,2025.1.1,59.99275287,2025-08-26 00h49.05.627333 +0530
BLUE,red,r,I,372,0,93,r,1,0.5788621,None,93,0,372,2,441.4830598,,,,,,,,,441.467274,441.4830598,441.9663377,441.9663377,441.9663377,442.5501749,r,1,0.5788621,None,,,,,447702,1,2025-08-26_00h49.04.397,Stroop task,,2025.1.1,59.99275287,2025-08-26 00h49.05.627333 +0530
BLUE,blue,b,C,373,1,93,b,1,0.4803753,None,93,1,373,3,442.5664621,,,,,,,,,442.5504485,442.5664621,443.0495534,443.0495534,443.0495534,443.5332399,b,1,0.4803753,None,,,,,447702,1,2025-08-26_00h49.04.397,Stroop task,,2025.1.1,59.99275287,2025-08-26 00h49.05.627333 +0530
RED,red,r,C,374,2,93,r,1,1.5433458,None,93,2,374,0,443.5494131,,,,,,,,,443.5346458,443.5494131,444.0323847,444.0323847,444.0323847,445.5834278,r,1,1.5433458,None,,,,,447702,1,2025-08-26_00h49.04.397,Stroop task,,2025.1.1,59.99275287,2025-08-26 00h49.05.627333 +0530
RED,blue,b,I,375,3,93,b,1,0.3935947,None,93,3,375,1,445.5996297,,,,,,,,,445.5837018,445.5996297,446.0827832,446.0827832,446.0827832,446.483054,b,1,0.3935947,None,,,,,447702,1,2025-08-26_00h49.04.397,Stroop task,,2025.1.1,59.99275287,2025-08-26 00h49.05.627333 +0530
RED,blue,b,I,376,0,94,b,1,0.4907614,None,94,0,376,1,446.4994141,,,,,,,,,446.4833254,446.4994141,446.9826379,446.9826379,446.9826379,447.4832833,b,1,0.4907614,None,,,,,447702,1,2025-08-26_00h49.04.397,Stroop task,,2025.1.1,59.99275287,2025-08-26 00h49.05.627333 +0530
BLUE,blue,b,C,377,1,94,b,1,0.5274866,None,94,1,377,3,447.4997752,,,,,,,,,447.4847244,447.4997752,447.9830883,447.9830883,447.9830883,448.5163454,b,1,0.5274866,None,,,,,447702,1,2025-08-26_00h49.04.397,Stroop task,,2025.1.1,59.99275287,2025-08-26 00h49.05.627333 +0530
BLUE,red,r,I,378,2,94,r,1,0.3791703,None,94,2,378,2,448.5327247,,,,,,,,,448.5166132,448.5327247,449.0157239,449.0157239,449.0157239,449.4000972,r,1,0.3791703,None,,,,,447702,1,2025-08-26_00h49.04.397,Stroop task,,2025.1.1,59.99275287,2025-08-26 00h49.05.627333 +0530
RED,red,r,C,379,3,94,r,1,0.4138053,None,94,3,379,0,449.4162316,,,,,,,,,449.4015554,449.4162316,449.8994034,449.8994034,449.8994034,450.3164485,r,1,0.4138053,None,,,,,447702,1,2025-08-26_00h49.04.397,Stroop task,,2025.1.1,59.99275287,2025-08-26 00h49.05.627333 +0530
RED,red,r,C,380,0,95,r,1,0.5213403,None,95,0,380,0,450.3328681,,,,,,,,,450.3167313,450.3328681,450.816551,450.816551,450.816551,451.3498712,r,1,0.5213403,None,,,,,447702,1,2025-08-26_00h49.04.397,Stroop task,,2025.1.1,59.99275287,2025-08-26 00h49.05.627333 +0530
RED,blue,b,I,381,1,95,b,1,0.5117038,None,95,1,381,1,451.3663425,,,,,,,,,451.3501349,451.3663425,451.849869,451.849869,451.849869,452.3672726,b,1,0.5117038,None,,,,,447702,1,2025-08-26_00h49.04.397,Stroop task,,2025.1.1,59.99275287,2025-08-26 00h49.05.627333 +0530
BLUE,blue,b,C,382,2,95,b,1,0.3915381,None,95,2,382,3,452.3825296,,,,,,,,,452.3688197,452.3825296,452.8825831,452.8825831,452.8825831,453.2830575,b,1,0.3915381,None,,,,,447702,1,2025-08-26_00h49.04.397,Stroop task,,2025.1.1,59.99275287,2025-08-26 00h49.05.627333 +0530
BLUE,red,r,I,383,3,95,r,1,0.6391215,None,95,3,383,2,453.2993008,,,,,,,,,453.2833452,453.2993008,453.7830167,453.7830167,453.7830167,454.4327171,r,1,0.6391215,None,,,,,447702,1,2025-08-26_00h49.04.397,Stroop task,,2025.1.1,59.99275287,2025-08-26 00h49.05.627333 +0530
RED,red,r,C,384,0,96,r,1,0.5762488,None,96,0,384,0,454.4490196,,,,,,,,,454.4341642,454.4490196,454.9327303,454.9327303,454.9327303,455.5160721,r,1,0.5762488,None,,,,,447702,1,2025-08-26_00h49.04.397,Stroop task,,2025.1.1,59.99275287,2025-08-26 00h49.05.627333 +0530
BLUE,red,r,I,385,1,96,r,1,0.8493394,None,96,1,385,2,455.5327586,,,,,,,,,455.5176162,455.5327586,456.0159043,456.0159043,456.0159043,456.8668138,r,1,0.8493394,None,,,,,447702,1,2025-08-26_00h49.04.397,Stroop task,,2025.1.1,59.99275287,2025-08-26 00h49.05.627333 +0530
RED,blue,b,I,386,2,96,b,1,0.540827,None,96,2,386,1,456.8831087,,,,,,,,,456.8686182,456.8831087,457.3660056,457.3660056,457.3660056,457.9162512,b,1,0.540827,None,,,,,447702,1,2025-08-26_00h49.04.397,Stroop task,,2025.1.1,59.99275287,2025-08-26 00h49.05.627333 +0530
BLUE,blue,b,C,387,3,96,b,1,0.4990272,None,96,3,387,3,457.9326046,,,,,,,,,457.9179496,457.9326046,458.4161602,458.4161602,458.4161602,458.9167832,b,1,0.4990272,None,,,,,447702,1,2025-08-26_00h49.04.397,Stroop task,,2025.1.1,59.99275287,2025-08-26 00h49.05.627333 +0530
RED,red,r,C,388,0,97,r,1,0.8660907,None,97,0,388,0,458.9329531,,,,,,,,,458.918275,458.9329531,459.4158069,459.4158069,459.4158069,460.2834942,r,1,0.8660907,None,,,,,447702,1,2025-08-26_00h49.04.397,Stroop task,,2025.1.1,59.99275287,2025-08-26 00h49.05.627333 +0530
BLUE,red,r,I,389,1,97,r,1,0.5501731,None,97,1,389,2,460.2995757,,,,,,,,,460.2849725,460.2995757,460.7991836,460.7991836,460.7991836,461.3497914,r,1,0.5501731,None,,,,,447702,1,2025-08-26_00h49.04.397,Stroop task,,2025.1.1,59.99275287,2025-08-26 00h49.05.627333 +0530
RED,blue,b,I,390,2,97,b,1,0.7400921,None,97,2,390,1,461.3659225,,,,,,,,,461.351171,461.3659225,461.849571,461.849571,461.849571,462.5995631,b,1,0.7400921,None,,,,,447702,1,2025-08-26_00h49.04.397,Stroop task,,2025.1.1,59.99275287,2025-08-26 00h49.05.627333 +0530
BLUE,blue,b,C,391,3,97,b,1,0.5751869,None,97,3,391,3,462.6159102,,,,,,,,,462.6010621,462.6159102,463.0995498,463.0995498,463.0995498,463.6827808,b,1,0.5751869,None,,,,,447702,1,2025-08-26_00h49.04.397,Stroop task,,2025.1.1,59.99275287,2025-08-26 00h49.05.627333 +0530
BLUE,blue,b,C,392,0,98,b,1,0.4996167,None,98,0,392,3,463.6995369,,,,,,,,,463.6830608,463.6995369,464.1826591,464.1826591,464.1826591,464.6831961,b,1,0.4996167,None,,,,,447702,1,2025-08-26_00h49.04.397,Stroop task,,2025.1.1,59.99275287,2025-08-26 00h49.05.627333 +0530
RED,blue,b,I,393,1,98,b,1,0.6685263,None,98,1,393,1,464.6992556,,,,,,,,,464.6845714,464.6992556,465.1825089,465.1825089,465.1825089,465.8664792,b,1,0.6685263,None,,,,,447702,1,2025-08-26_00h49.04.397,Stroop task,,2025.1.1,59.99275287,2025-08-26 00h49.05.627333 +0530
BLUE,red,r,I,394,2,98,r,1,0.5726315,None,98,2,394,2,465.8825263,,,,,,,,,465.8682621,465.8825263,466.3659343,466.3659343,466.3659343,466.9495624,r,1,0.5726315,None,,,,,447702,1,2025-08-26_00h49.04.397,Stroop task,,2025.1.1,59.99275287,2025-08-26 00h49.05.627333 +0530
RED,red,r,C,395,3,98,r,1,0.5949589,None,98,3,395,0,466.9666844,,,,,,,,,466.9511153,466.9666844,467.4494555,467.4494555,467.4494555,468.0498271,r,1,0.5949589,None,,,,,447702,1,2025-08-26_00h49.04.397,Stroop task,,2025.1.1,59.99275287,2025-08-26 00h49.05.627333 +0530
BLUE,blue,b,C,396,0,99,b,1,0.4319841,None,99,0,396,3,468.0660722,,,,,,,,,468.0513663,468.0660722,468.5494584,468.5494584,468.5494584,468.9829744,b,1,0.4319841,None,,,,,447702,1,2025-08-26_00h49.04.397,Stroop task,,2025.1.1,59.99275287,2025-08-26 00h49.05.627333 +0530
RED,red,r,C,397,1,99,r,1,0.55791,None,99,1,397,0,468.9990792,,,,,,,,,468.9846911,468.9990792,469.4827708,469.4827708,469.4827708,470.0498831,r,1,0.55791,None,,,,,447702,1,2025-08-26_00h49.04.397,Stroop task,,2025.1.1,59.99275287,2025-08-26 00h49.05.627333 +0530
BLUE,red,r,I,398,2,99,r,1,0.7658178,None,99,2,398,2,470.0661262,,,,,,,,,470.0514552,470.0661262,470.5491595,470.5491595,470.5491595,471.3157036,r,1,0.7658178,None,,,,,447702,1,2025-08-26_00h49.04.397,Stroop task,,2025.1.1,59.99275287,2025-08-26 00h49.05.627333 +0530
RED,blue,b,I,399,3,99,b,1,0.9774201,None,99,3,399,1,471.3323056,,,,,,,,,471.3171632,471.3323056,471.8155463,471.8155463,471.8155463,472.7996404,b,1,0.9774201,None,,,,,447702,1,2025-08-26_00h49.04.397,Stroop task,,2025.1.1,59.99275287,2025-08-26 00h49.05.627333 +0530
,,,,,,,,,,,,,,,,,,,,,,,,,,,,,,,,,,472.7997104,472.815759,473.8153597,473.7995534,447702,1,2025-08-26_00h49.04.397,Stroop task,,2025.1.1,59.99275287,2025-08-26 00h49.05.627333 +0530
,,,,,,,,,,,,,,,,,,,,,,,,,,,,,,,,,,,,,,,,,,,,,
,,,,,,,,,,,,,,,,,,,,,,,,,,,,,,,,,,,,,,,,,,,,,
Raw Data:-,,,,,Congruent,Incongruent,,,,,,,,,,,,,,,,,,,,,,,,,,,,,,,,,,,,,,,
C RTs,I RTs,,,Mean,610.4825465,729.4177107,,,,,,,,,,,,,,,,,,,,,,,,,,,,,,,,,,,,,,,
0.5581101,0.6968007,,,Std deviation,236.6721883,328.2454469,,,,,,,,,,,,,,,,,,,,,,,,,,,,,,,,,,,,,,,
0.5272608,0.8882088,,,Std error,23.66721883,32.82454469,,,,,,,,,,,,,,,,,,,,,,,,,,,,,,,,,,,,,,,
0.5751123,0.6455637,,,,,,,,,,,,,,,,,,,,,,,,,,,,,,,,,,,,,,,,,,,,
0.4175215,0.4501833,,,t-test,5.44E-05,,,,,,,,,,,,,,,,,,,,,,,,,,,,,,,,,,,,,,,,
0.4993038,0.4718994,,,,,,,,,,,,,,,,,,,,,,,,,,,,,,,,,,,,,,,,,,,,
0.5429955,0.3938152,,,,,,,,,,,,,,,,,,,,,,,,,,,,,,,,,,,,,,,,,,,,
0.5019251,0.4283001,,,,,,,,,,,,,,,,,,,,,,,,,,,,,,,,,,,,,,,,,,,,
0.5114089,0.7227944,,,,,,,,,,,,,,,,,,,,,,,,,,,,,,,,,,,,,,,,,,,,
0.5280714,0.5522446,,,,,,,,,,,,,,,,,,,,,,,,,,,,,,,,,,,,,,,,,,,,
0.640514,0.786048,,,,,,,,,,,,,,,,,,,,,,,,,,,,,,,,,,,,,,,,,,,,
0.734286,0.9989731,,,,,,,,,,,,,,,,,,,,,,,,,,,,,,,,,,,,,,,,,,,,
0.5225906,0.8342097,,,,,,,,,,,,,,,,,,,,,,,,,,,,,,,,,,,,,,,,,,,,
0.5539283,0.4473192,,,,,,,,,,,,,,,,,,,,,,,,,,,,,,,,,,,,,,,,,,,,
0.5175395,0.4672423,,,,,,,,,,,,,,,,,,,,,,,,,,,,,,,,,,,,,,,,,,,,
0.4984248,0.7183569,,,,,,,,,,,,,,,,,,,,,,,,,,,,,,,,,,,,,,,,,,,,
0.5287049,0.8714884,,,,,,,,,,,,,,,,,,,,,,,,,,,,,,,,,,,,,,,,,,,,
0.6429504,0.6379257,,,,,,,,,,,,,,,,,,,,,,,,,,,,,,,,,,,,,,,,,,,,
1.022626,0.8680165,,,,,,,,,,,,,,,,,,,,,,,,,,,,,,,,,,,,,,,,,,,,
0.5269281,0.5604673,,,,,,,,,,,,,,,,,,,,,,,,,,,,,,,,,,,,,,,,,,,,
0.7931425,0.8535387,,,,,,,,,,,,,,,,,,,,,,,,,,,,,,,,,,,,,,,,,,,,
0.5523322,0.6751963,,,,,,,,,,,,,,,,,,,,,,,,,,,,,,,,,,,,,,,,,,,,
0.7890152,0.837916,,,,,,,,,,,,,,,,,,,,,,,,,,,,,,,,,,,,,,,,,,,,
0.4564412,0.421884,,,,,,,,,,,,,,,,,,,,,,,,,,,,,,,,,,,,,,,,,,,,
0.4870341,0.3770351,,,,,,,,,,,,,,,,,,,,,,,,,,,,,,,,,,,,,,,,,,,,
0.6134533,0.5053061,,,,,,,,,,,,,,,,,,,,,,,,,,,,,,,,,,,,,,,,,,,,
0.5303332,0.733646,,,,,,,,,,,,,,,,,,,,,,,,,,,,,,,,,,,,,,,,,,,,
0.6290695,0.6804484,,,,,,,,,,,,,,,,,,,,,,,,,,,,,,,,,,,,,,,,,,,,
0.8516562,0.6307824,,,,,,,,,,,,,,,,,,,,,,,,,,,,,,,,,,,,,,,,,,,,
1.3844518,0.8397446,,,,,,,,,,,,,,,,,,,,,,,,,,,,,,,,,,,,,,,,,,,,
0.5810098,0.5084622,,,,,,,,,,,,,,,,,,,,,,,,,,,,,,,,,,,,,,,,,,,,
1.0658742,0.6305822,,,,,,,,,,,,,,,,,,,,,,,,,,,,,,,,,,,,,,,,,,,,
0.5354206,0.5789611,,,,,,,,,,,,,,,,,,,,,,,,,,,,,,,,,,,,,,,,,,,,
0.6404896,0.9573286,,,,,,,,,,,,,,,,,,,,,,,,,,,,,,,,,,,,,,,,,,,,
1.1160551,0.6254442,,,,,,,,,,,,,,,,,,,,,,,,,,,,,,,,,,,,,,,,,,,,
0.6501026,0.9202289,,,,,,,,,,,,,,,,,,,,,,,,,,,,,,,,,,,,,,,,,,,,
0.606489,0.8858031,,,,,,,,,,,,,,,,,,,,,,,,,,,,,,,,,,,,,,,,,,,,
0.5523059,0.6711038,,,,,,,,,,,,,,,,,,,,,,,,,,,,,,,,,,,,,,,,,,,,
0.5641629,1.2523654,,,,,,,,,,,,,,,,,,,,,,,,,,,,,,,,,,,,,,,,,,,,
0.5814638,0.6655338,,,,,,,,,,,,,,,,,,,,,,,,,,,,,,,,,,,,,,,,,,,,
0.6157457,0.5673113,,,,,,,,,,,,,,,,,,,,,,,,,,,,,,,,,,,,,,,,,,,,
0.5359875,2.1346218,,,,,,,,,,,,,,,,,,,,,,,,,,,,,,,,,,,,,,,,,,,,
0.3827767,0.9470137,,,,,,,,,,,,,,,,,,,,,,,,,,,,,,,,,,,,,,,,,,,,
0.455644,0.4564909,,,,,,,,,,,,,,,,,,,,,,,,,,,,,,,,,,,,,,,,,,,,
1.8770603,0.5686466,,,,,,,,,,,,,,,,,,,,,,,,,,,,,,,,,,,,,,,,,,,,
0.4642994,0.5698378,,,,,,,,,,,,,,,,,,,,,,,,,,,,,,,,,,,,,,,,,,,,
0.3339369,0.4672575,,,,,,,,,,,,,,,,,,,,,,,,,,,,,,,,,,,,,,,,,,,,
0.5080221,0.4997804,,,,,,,,,,,,,,,,,,,,,,,,,,,,,,,,,,,,,,,,,,,,
0.4852463,0.578169,,,,,,,,,,,,,,,,,,,,,,,,,,,,,,,,,,,,,,,,,,,,
0.5305584,0.5157378,,,,,,,,,,,,,,,,,,,,,,,,,,,,,,,,,,,,,,,,,,,,
0.5198287,0.5276047,,,,,,,,,,,,,,,,,,,,,,,,,,,,,,,,,,,,,,,,,,,,
0.6401189,0.5682576,,,,,,,,,,,,,,,,,,,,,,,,,,,,,,,,,,,,,,,,,,,,
0.7497347,0.9540691,,,,,,,,,,,,,,,,,,,,,,,,,,,,,,,,,,,,,,,,,,,,
0.7758659,0.6230915,,,,,,,,,,,,,,,,,,,,,,,,,,,,,,,,,,,,,,,,,,,,
0.5877093,0.6170523,,,,,,,,,,,,,,,,,,,,,,,,,,,,,,,,,,,,,,,,,,,,
0.4726239,0.5187784,,,,,,,,,,,,,,,,,,,,,,,,,,,,,,,,,,,,,,,,,,,,
0.4682852,0.3785401,,,,,,,,,,,,,,,,,,,,,,,,,,,,,,,,,,,,,,,,,,,,
0.4448639,0.8394592,,,,,,,,,,,,,,,,,,,,,,,,,,,,,,,,,,,,,,,,,,,,
0.3964829,0.5422614,,,,,,,,,,,,,,,,,,,,,,,,,,,,,,,,,,,,,,,,,,,,
0.4709265,0.632599,,,,,,,,,,,,,,,,,,,,,,,,,,,,,,,,,,,,,,,,,,,,
0.4542554,0.6897358,,,,,,,,,,,,,,,,,,,,,,,,,,,,,,,,,,,,,,,,,,,,
0.4830256,0.689898,,,,,,,,,,,,,,,,,,,,,,,,,,,,,,,,,,,,,,,,,,,,
0.9995596,2.5481465,,,,,,,,,,,,,,,,,,,,,,,,,,,,,,,,,,,,,,,,,,,,
0.583487,0.5389759,,,,,,,,,,,,,,,,,,,,,,,,,,,,,,,,,,,,,,,,,,,,
0.552051,0.5616798,,,,,,,,,,,,,,,,,,,,,,,,,,,,,,,,,,,,,,,,,,,,
0.5222771,0.7162299,,,,,,,,,,,,,,,,,,,,,,,,,,,,,,,,,,,,,,,,,,,,
0.4466239,0.5869375,,,,,,,,,,,,,,,,,,,,,,,,,,,,,,,,,,,,,,,,,,,,
1.5393288,0.7153303,,,,,,,,,,,,,,,,,,,,,,,,,,,,,,,,,,,,,,,,,,,,
0.4749141,0.5902509,,,,,,,,,,,,,,,,,,,,,,,,,,,,,,,,,,,,,,,,,,,,
1.3795694,0.6208622,,,,,,,,,,,,,,,,,,,,,,,,,,,,,,,,,,,,,,,,,,,,
1.4004331,0.6441499,,,,,,,,,,,,,,,,,,,,,,,,,,,,,,,,,,,,,,,,,,,,
0.4530425,0.8416931,,,,,,,,,,,,,,,,,,,,,,,,,,,,,,,,,,,,,,,,,,,,
0.5855326,0.6251822,,,,,,,,,,,,,,,,,,,,,,,,,,,,,,,,,,,,,,,,,,,,
0.6381977,0.8199326,,,,,,,,,,,,,,,,,,,,,,,,,,,,,,,,,,,,,,,,,,,,
0.5066033,0.7953205,,,,,,,,,,,,,,,,,,,,,,,,,,,,,,,,,,,,,,,,,,,,
0.4758053,0.923841,,,,,,,,,,,,,,,,,,,,,,,,,,,,,,,,,,,,,,,,,,,,
0.6100679,0.4842833,,,,,,,,,,,,,,,,,,,,,,,,,,,,,,,,,,,,,,,,,,,,
0.4919316,0.4823236,,,,,,,,,,,,,,,,,,,,,,,,,,,,,,,,,,,,,,,,,,,,
0.4941701,1.9350791,,,,,,,,,,,,,,,,,,,,,,,,,,,,,,,,,,,,,,,,,,,,
0.7479014,0.9732843,,,,,,,,,,,,,,,,,,,,,,,,,,,,,,,,,,,,,,,,,,,,
0.5270164,0.7283667,,,,,,,,,,,,,,,,,,,,,,,,,,,,,,,,,,,,,,,,,,,,
0.5278768,0.7798836,,,,,,,,,,,,,,,,,,,,,,,,,,,,,,,,,,,,,,,,,,,,
0.5071505,3.0240401,,,,,,,,,,,,,,,,,,,,,,,,,,,,,,,,,,,,,,,,,,,,
1.611154,0.5289067,,,,,,,,,,,,,,,,,,,,,,,,,,,,,,,,,,,,,,,,,,,,
0.4943217,1.1293245,,,,,,,,,,,,,,,,,,,,,,,,,,,,,,,,,,,,,,,,,,,,
0.8171235,1.0137744,,,,,,,,,,,,,,,,,,,,,,,,,,,,,,,,,,,,,,,,,,,,
0.523879,0.5900051,,,,,,,,,,,,,,,,,,,,,,,,,,,,,,,,,,,,,,,,,,,,
0.6509898,0.8447321,,,,,,,,,,,,,,,,,,,,,,,,,,,,,,,,,,,,,,,,,,,,
0.543348,0.6199751,,,,,,,,,,,,,,,,,,,,,,,,,,,,,,,,,,,,,,,,,,,,
0.5516211,0.7166356,,,,,,,,,,,,,,,,,,,,,,,,,,,,,,,,,,,,,,,,,,,,
0.5177406,0.765278,,,,,,,,,,,,,,,,,,,,,,,,,,,,,,,,,,,,,,,,,,,,
0.4798915,0.3867386,,,,,,,,,,,,,,,,,,,,,,,,,,,,,,,,,,,,,,,,,,,,
0.7063976,0.5832243,,,,,,,,,,,,,,,,,,,,,,,,,,,,,,,,,,,,,,,,,,,,
0.5610412,0.422764,,,,,,,,,,,,,,,,,,,,,,,,,,,,,,,,,,,,,,,,,,,,
0.7356791,0.5083644,,,,,,,,,,,,,,,,,,,,,,,,,,,,,,,,,,,,,,,,,,,,
0.5705268,1.0160458,,,,,,,,,,,,,,,,,,,,,,,,,,,,,,,,,,,,,,,,,,,,
0.5662316,0.9208792,,,,,,,,,,,,,,,,,,,,,,,,,,,,,,,,,,,,,,,,,,,,
0.5097683,0.3700897,,,,,,,,,,,,,,,,,,,,,,,,,,,,,,,,,,,,,,,,,,,,
0.6588535,1.0148073,,,,,,,,,,,,,,,,,,,,,,,,,,,,,,,,,,,,,,,,,,,,
0.4480223,0.8300513,,,,,,,,,,,,,,,,,,,,,,,,,,,,,,,,,,,,,,,,,,,,
0.3687635,0.5151128,,,,,,,,,,,,,,,,,,,,,,,,,,,,,,,,,,,,,,,,,,,,
0.3771596,0.5404917,,,,,,,,,,,,,,,,,,,,,,,,,,,,,,,,,,,,,,,,,,,,
0.4875028,0.5827794,,,,,,,,,,,,,,,,,,,,,,,,,,,,,,,,,,,,,,,,,,,,
0.6375018,0.9399676,,,,,,,,,,,,,,,,,,,,,,,,,,,,,,,,,,,,,,,,,,,,
0.4938726,0.6385769,,,,,,,,,,,,,,,,,,,,,,,,,,,,,,,,,,,,,,,,,,,,
0.5839508,0.6080454,,,,,,,,,,,,,,,,,,,,,,,,,,,,,,,,,,,,,,,,,,,,
0.5372646,1.1267898,,,,,,,,,,,,,,,,,,,,,,,,,,,,,,,,,,,,,,,,,,,,
0.6761597,0.7322252,,,,,,,,,,,,,,,,,,,,,,,,,,,,,,,,,,,,,,,,,,,,
0.5870816,0.5823353,,,,,,,,,,,,,,,,,,,,,,,,,,,,,,,,,,,,,,,,,,,,
0.3602413,0.556514,,,,,,,,,,,,,,,,,,,,,,,,,,,,,,,,,,,,,,,,,,,,
0.4062031,0.8172077,,,,,,,,,,,,,,,,,,,,,,,,,,,,,,,,,,,,,,,,,,,,
0.5639549,0.5790732,,,,,,,,,,,,,,,,,,,,,,,,,,,,,,,,,,,,,,,,,,,,
0.7728821,0.9366643,,,,,,,,,,,,,,,,,,,,,,,,,,,,,,,,,,,,,,,,,,,,
0.5159555,0.5612687,,,,,,,,,,,,,,,,,,,,,,,,,,,,,,,,,,,,,,,,,,,,
0.5398744,0.7730038,,,,,,,,,,,,,,,,,,,,,,,,,,,,,,,,,,,,,,,,,,,,
0.5284154,1.1390142,,,,,,,,,,,,,,,,,,,,,,,,,,,,,,,,,,,,,,,,,,,,
0.5886302,0.6140956,,,,,,,,,,,,,,,,,,,,,,,,,,,,,,,,,,,,,,,,,,,,
0.533325,0.5510948,,,,,,,,,,,,,,,,,,,,,,,,,,,,,,,,,,,,,,,,,,,,
0.6579117,0.799622,,,,,,,,,,,,,,,,,,,,,,,,,,,,,,,,,,,,,,,,,,,,
0.6601581,0.7667225,,,,,,,,,,,,,,,,,,,,,,,,,,,,,,,,,,,,,,,,,,,,
0.3509826,0.669683,,,,,,,,,,,,,,,,,,,,,,,,,,,,,,,,,,,,,,,,,,,,
0.5436341,0.7528298,,,,,,,,,,,,,,,,,,,,,,,,,,,,,,,,,,,,,,,,,,,,
0.607943,0.4591964,,,,,,,,,,,,,,,,,,,,,,,,,,,,,,,,,,,,,,,,,,,,
0.5238767,0.5916368,,,,,,,,,,,,,,,,,,,,,,,,,,,,,,,,,,,,,,,,,,,,
0.5794787,0.6841044,,,,,,,,,,,,,,,,,,,,,,,,,,,,,,,,,,,,,,,,,,,,
0.5303277,0.5601445,,,,,,,,,,,,,,,,,,,,,,,,,,,,,,,,,,,,,,,,,,,,
0.5243694,0.610503,,,,,,,,,,,,,,,,,,,,,,,,,,,,,,,,,,,,,,,,,,,,
0.4273432,0.4493678,,,,,,,,,,,,,,,,,,,,,,,,,,,,,,,,,,,,,,,,,,,,
0.4978433,0.4982929,,,,,,,,,,,,,,,,,,,,,,,,,,,,,,,,,,,,,,,,,,,,
0.613226,0.7419424,,,,,,,,,,,,,,,,,,,,,,,,,,,,,,,,,,,,,,,,,,,,
0.5241887,0.8166056,,,,,,,,,,,,,,,,,,,,,,,,,,,,,,,,,,,,,,,,,,,,
0.7077728,0.5244283,,,,,,,,,,,,,,,,,,,,,,,,,,,,,,,,,,,,,,,,,,,,
0.5273509,0.6838189,,,,,,,,,,,,,,,,,,,,,,,,,,,,,,,,,,,,,,,,,,,,
0.8101458,0.5326678,,,,,,,,,,,,,,,,,,,,,,,,,,,,,,,,,,,,,,,,,,,,
0.5943659,0.6316703,,,,,,,,,,,,,,,,,,,,,,,,,,,,,,,,,,,,,,,,,,,,
0.4002569,1.0538022,,,,,,,,,,,,,,,,,,,,,,,,,,,,,,,,,,,,,,,,,,,,
0.4664937,0.6718855,,,,,,,,,,,,,,,,,,,,,,,,,,,,,,,,,,,,,,,,,,,,
0.5506078,1.5553677,,,,,,,,,,,,,,,,,,,,,,,,,,,,,,,,,,,,,,,,,,,,
0.5095698,0.7095693,,,,,,,,,,,,,,,,,,,,,,,,,,,,,,,,,,,,,,,,,,,,
1.2387208,0.4980331,,,,,,,,,,,,,,,,,,,,,,,,,,,,,,,,,,,,,,,,,,,,
0.5166185,0.6781561,,,,,,,,,,,,,,,,,,,,,,,,,,,,,,,,,,,,,,,,,,,,
0.5727534,0.6628617,,,,,,,,,,,,,,,,,,,,,,,,,,,,,,,,,,,,,,,,,,,,
0.5631624,0.7242888,,,,,,,,,,,,,,,,,,,,,,,,,,,,,,,,,,,,,,,,,,,,
0.5198368,1.0156759,,,,,,,,,,,,,,,,,,,,,,,,,,,,,,,,,,,,,,,,,,,,
0.6460897,1.0156094,,,,,,,,,,,,,,,,,,,,,,,,,,,,,,,,,,,,,,,,,,,,
0.5543607,1.1159209,,,,,,,,,,,,,,,,,,,,,,,,,,,,,,,,,,,,,,,,,,,,
0.5070019,1.5885823,,,,,,,,,,,,,,,,,,,,,,,,,,,,,,,,,,,,,,,,,,,,
0.4488397,0.839995,,,,,,,,,,,,,,,,,,,,,,,,,,,,,,,,,,,,,,,,,,,,
0.602241,1.0519455,,,,,,,,,,,,,,,,,,,,,,,,,,,,,,,,,,,,,,,,,,,,
1.0908599,0.7228521,,,,,,,,,,,,,,,,,,,,,,,,,,,,,,,,,,,,,,,,,,,,
0.4384852,0.8908485,,,,,,,,,,,,,,,,,,,,,,,,,,,,,,,,,,,,,,,,,,,,
0.5327008,1.5113705,,,,,,,,,,,,,,,,,,,,,,,,,,,,,,,,,,,,,,,,,,,,
0.4646849,0.6364629,,,,,,,,,,,,,,,,,,,,,,,,,,,,,,,,,,,,,,,,,,,,
0.5332408,0.4651919,,,,,,,,,,,,,,,,,,,,,,,,,,,,,,,,,,,,,,,,,,,,
0.876197,0.4896114,,,,,,,,,,,,,,,,,,,,,,,,,,,,,,,,,,,,,,,,,,,,
0.4822819,0.4778108,,,,,,,,,,,,,,,,,,,,,,,,,,,,,,,,,,,,,,,,,,,,
0.4994705,0.4821758,,,,,,,,,,,,,,,,,,,,,,,,,,,,,,,,,,,,,,,,,,,,
0.5248129,0.5830043,,,,,,,,,,,,,,,,,,,,,,,,,,,,,,,,,,,,,,,,,,,,
0.567662,0.8232764,,,,,,,,,,,,,,,,,,,,,,,,,,,,,,,,,,,,,,,,,,,,
0.6640045,0.998018,,,,,,,,,,,,,,,,,,,,,,,,,,,,,,,,,,,,,,,,,,,,
0.6993316,0.8208408,,,,,,,,,,,,,,,,,,,,,,,,,,,,,,,,,,,,,,,,,,,,
0.5119427,0.5808651,,,,,,,,,,,,,,,,,,,,,,,,,,,,,,,,,,,,,,,,,,,,
0.8341479,0.8301996,,,,,,,,,,,,,,,,,,,,,,,,,,,,,,,,,,,,,,,,,,,,
0.67305,0.6661483,,,,,,,,,,,,,,,,,,,,,,,,,,,,,,,,,,,,,,,,,,,,
0.9235488,0.5395262,,,,,,,,,,,,,,,,,,,,,,,,,,,,,,,,,,,,,,,,,,,,
0.4459179,0.6875153,,,,,,,,,,,,,,,,,,,,,,,,,,,,,,,,,,,,,,,,,,,,
0.5619456,0.8399378,,,,,,,,,,,,,,,,,,,,,,,,,,,,,,,,,,,,,,,,,,,,
0.5117866,0.8002573,,,,,,,,,,,,,,,,,,,,,,,,,,,,,,,,,,,,,,,,,,,,
0.633519,0.5141118,,,,,,,,,,,,,,,,,,,,,,,,,,,,,,,,,,,,,,,,,,,,
1.6328399,0.8730138,,,,,,,,,,,,,,,,,,,,,,,,,,,,,,,,,,,,,,,,,,,,
0.5157191,0.4448669,,,,,,,,,,,,,,,,,,,,,,,,,,,,,,,,,,,,,,,,,,,,
0.6188142,0.8827243,,,,,,,,,,,,,,,,,,,,,,,,,,,,,,,,,,,,,,,,,,,,
0.5881363,0.4893526,,,,,,,,,,,,,,,,,,,,,,,,,,,,,,,,,,,,,,,,,,,,
0.6105308,0.683191,,,,,,,,,,,,,,,,,,,,,,,,,,,,,,,,,,,,,,,,,,,,
0.5250139,0.6584333,,,,,,,,,,,,,,,,,,,,,,,,,,,,,,,,,,,,,,,,,,,,
0.5499345,0.6829184,,,,,,,,,,,,,,,,,,,,,,,,,,,,,,,,,,,,,,,,,,,,
0.577589,0.6901599,,,,,,,,,,,,,,,,,,,,,,,,,,,,,,,,,,,,,,,,,,,,
0.5032938,0.5786812,,,,,,,,,,,,,,,,,,,,,,,,,,,,,,,,,,,,,,,,,,,,
0.5710383,0.9922062,,,,,,,,,,,,,,,,,,,,,,,,,,,,,,,,,,,,,,,,,,,,
0.54821,0.4333716,,,,,,,,,,,,,,,,,,,,,,,,,,,,,,,,,,,,,,,,,,,,
0.5624109,1.1583828,,,,,,,,,,,,,,,,,,,,,,,,,,,,,,,,,,,,,,,,,,,,
0.6015044,0.5924276,,,,,,,,,,,,,,,,,,,,,,,,,,,,,,,,,,,,,,,,,,,,
0.4126028,0.3785181,,,,,,,,,,,,,,,,,,,,,,,,,,,,,,,,,,,,,,,,,,,,
0.5152899,0.615014,,,,,,,,,,,,,,,,,,,,,,,,,,,,,,,,,,,,,,,,,,,,
0.535432,0.5788621,,,,,,,,,,,,,,,,,,,,,,,,,,,,,,,,,,,,,,,,,,,,
0.5304977,0.3935947,,,,,,,,,,,,,,,,,,,,,,,,,,,,,,,,,,,,,,,,,,,,
0.5193034,0.4907614,,,,,,,,,,,,,,,,,,,,,,,,,,,,,,,,,,,,,,,,,,,,
0.4803753,0.3791703,,,,,,,,,,,,,,,,,,,,,,,,,,,,,,,,,,,,,,,,,,,,
1.5433458,0.5117038,,,,,,,,,,,,,,,,,,,,,,,,,,,,,,,,,,,,,,,,,,,,
0.5274866,0.6391215,,,,,,,,,,,,,,,,,,,,,,,,,,,,,,,,,,,,,,,,,,,,
0.4138053,0.8493394,,,,,,,,,,,,,,,,,,,,,,,,,,,,,,,,,,,,,,,,,,,,
0.5213403,0.540827,,,,,,,,,,,,,,,,,,,,,,,,,,,,,,,,,,,,,,,,,,,,
0.3915381,0.5501731,,,,,,,,,,,,,,,,,,,,,,,,,,,,,,,,,,,,,,,,,,,,
0.5762488,0.7400921,,,,,,,,,,,,,,,,,,,,,,,,,,,,,,,,,,,,,,,,,,,,
0.4990272,0.6685263,,,,,,,,,,,,,,,,,,,,,,,,,,,,,,,,,,,,,,,,,,,,
0.8660907,0.5726315,,,,,,,,,,,,,,,,,,,,,,,,,,,,,,,,,,,,,,,,,,,,
0.5751869,0.7658178,,,,,,,,,,,,,,,,,,,,,,,,,,,,,,,,,,,,,,,,,,,,
0.4996167,0.9774201,,,,,,,,,,,,,,,,,,,,,,,,,,,,,,,,,,,,,,,,,,,,
0.5949589,,,,,,,,,,,,,,,,,,,,,,,,,,,,,,,,,,,,,,,,,,,,,
0.4319841,,,,,,,,,,,,,,,,,,,,,,,,,,,,,,,,,,,,,,,,,,,,,
0.55791,,,,,,,,,,,,,,,,,,,,,,,,,,,,,,,,,,,,,,,,,,,,,
