word,colour,correct_res,stim_condition,thisN,thisTrialN,thisRepN,key_resp.keys,key_resp.corr,key_resp.rt,key_resp.duration,trials.thisRepN,trials.thisTrialN,trials.thisN,trials.thisIndex,thisRow.t,notes,Instruction.started,text_2.started,key_resp_2.started,Instruction.stopped,key_resp_2.keys,key_resp_2.rt,key_resp_2.duration,trial.started,fixation.started,fixation.stopped,key_resp.started,text.started,trial.stopped,trials.key_resp.keys,trials.key_resp.corr,trials.key_resp.rt,trials.key_resp.duration,text.stopped,thanks.started,text_3.started,text_3.stopped,thanks.stopped,participant,session,date,expName,expVersion,psychopyVersion,frameRate,expStart
,,,,,,,,,,,,,,,,,0.0024151,0.0056634,0.0056634,7.6470587,space,7.6240392,None,,,,,,,,,,,,,,,,595355,1,2025-08-26_23h16.46.933,Stroop task,,2025.1.1,60.05919434,2025-08-26 23h16.48.194506 +0530
RED,red,r,C,0,0,0,r,1,0.5983771,None,0,0,0,0,7.6645301,,,,,,,,,7.6612404,7.6645301,8.1491297,8.1491297,8.1491297,8.7487032,r,1,0.5983771,None,,,,,,595355,1,2025-08-26_23h16.46.933,Stroop task,,2025.1.1,60.05919434,2025-08-26 23h16.48.194506 +0530
RED,blue,b,I,1,1,0,b,1,0.9004059,None,0,1,1,1,8.7649722,,,,,,,,,8.7489856,8.7649722,9.2483979,9.2483979,9.2483979,10.1491941,b,1,0.9004059,None,,,,,,595355,1,2025-08-26_23h16.46.933,Stroop task,,2025.1.1,60.05919434,2025-08-26 23h16.48.194506 +0530
BLUE,red,r,I,2,2,0,r,1,0.9959292,None,0,2,2,2,10.1648496,,,,,,,,,10.1522999,10.1648496,10.6487074,10.6487074,10.6487074,11.6485598,r,1,0.9959292,None,,,,,,595355,1,2025-08-26_23h16.46.933,Stroop task,,2025.1.1,60.05919434,2025-08-26 23h16.48.194506 +0530
BLUE,blue,b,C,3,3,0,b,1,0.6184703,None,0,3,3,3,11.6657956,,,,,,,,,11.648837,11.6657956,12.1495391,12.1495391,12.1495391,12.7816788,b,1,0.6184703,None,,,,,,595355,1,2025-08-26_23h16.46.933,Stroop task,,2025.1.1,60.05919434,2025-08-26 23h16.48.194506 +0530
BLUE,blue,b,C,4,0,1,b,1,0.4436937,None,1,0,4,3,12.7982972,,,,,,,,,12.7819466,12.7982972,13.2815314,13.2815314,13.2815314,13.7320969,b,1,0.4436937,None,,,,,,595355,1,2025-08-26_23h16.46.933,Stroop task,,2025.1.1,60.05919434,2025-08-26 23h16.48.194506 +0530
RED,blue,b,I,5,1,1,b,1,0.7036633,None,1,1,5,1,13.7488081,,,,,,,,,13.7358914,13.7488081,14.2315553,14.2315553,14.2315553,14.9488725,b,1,0.7036633,None,,,,,,595355,1,2025-08-26_23h16.46.933,Stroop task,,2025.1.1,60.05919434,2025-08-26 23h16.48.194506 +0530
BLUE,red,r,I,6,2,1,r,1,0.8460299,None,1,2,6,2,14.9648438,,,,,,,,,14.9503655,14.9648438,15.448203,15.448203,15.448203,16.2987282,r,1,0.8460299,None,,,,,,595355,1,2025-08-26_23h16.46.933,Stroop task,,2025.1.1,60.05919434,2025-08-26 23h16.48.194506 +0530
RED,red,r,C,7,3,1,r,1,0.5136143,None,1,3,7,0,16.3149962,,,,,,,,,16.3007419,16.3149962,16.7984045,16.7984045,16.7984045,17.3149568,r,1,0.5136143,None,,,,,,595355,1,2025-08-26_23h16.46.933,Stroop task,,2025.1.1,60.05919434,2025-08-26 23h16.48.194506 +0530
RED,red,r,C,8,0,2,r,1,0.5350925,None,2,0,8,0,17.3316786,,,,,,,,,17.3152268,17.3316786,17.814694,17.814694,17.814694,18.3652156,r,1,0.5350925,None,,,,,,595355,1,2025-08-26_23h16.46.933,Stroop task,,2025.1.1,60.05919434,2025-08-26 23h16.48.194506 +0530
BLUE,red,r,I,9,1,2,r,1,0.9049449,None,2,1,9,2,18.3814662,,,,,,,,,18.3666118,18.3814662,18.8650839,18.8650839,18.8650839,19.7819707,r,1,0.9049449,None,,,,,,595355,1,2025-08-26_23h16.46.933,Stroop task,,2025.1.1,60.05919434,2025-08-26 23h16.48.194506 +0530
BLUE,blue,b,C,10,2,2,b,1,1.060133,None,2,2,10,3,19.798019,,,,,,,,,19.7822458,19.798019,20.2813901,20.2813901,20.2813901,21.3521555,b,1,1.060133,None,,,,,,595355,1,2025-08-26_23h16.46.933,Stroop task,,2025.1.1,60.05919434,2025-08-26 23h16.48.194506 +0530
RED,blue,b,I,11,3,2,b,1,0.8723033,None,2,3,11,1,21.3647908,,,,,,,,,21.3537518,21.3647908,21.8648336,21.8648336,21.8648336,22.7502618,b,1,0.8723033,None,,,,,,595355,1,2025-08-26_23h16.46.933,Stroop task,,2025.1.1,60.05919434,2025-08-26 23h16.48.194506 +0530
BLUE,blue,b,C,12,0,3,b,1,0.9833646,None,3,0,12,3,22.7648938,,,,,,,,,22.7516292,22.7648938,23.2649963,23.2649963,23.2649963,24.2487972,b,1,0.9833646,None,,,,,,595355,1,2025-08-26_23h16.46.933,Stroop task,,2025.1.1,60.05919434,2025-08-26 23h16.48.194506 +0530
RED,red,r,C,13,1,3,r,1,0.7549624,None,3,1,13,0,24.2655021,,,,,,,,,24.2516988,24.2655021,24.7482089,24.7482089,24.7482089,25.5157191,r,1,0.7549624,None,,,,,,595355,1,2025-08-26_23h16.46.933,Stroop task,,2025.1.1,60.05919434,2025-08-26 23h16.48.194506 +0530
RED,blue,b,I,14,2,3,b,1,1.2986743,None,3,2,14,1,25.5314886,,,,,,,,,25.5163765,25.5314886,26.0150085,26.0150085,26.0150085,27.3152468,b,1,1.2986743,None,,,,,,595355,1,2025-08-26_23h16.46.933,Stroop task,,2025.1.1,60.05919434,2025-08-26 23h16.48.194506 +0530
BLUE,red,r,I,15,3,3,r,1,0.8262369,None,3,3,15,2,27.3313142,,,,,,,,,27.3169103,27.3313142,27.8149744,27.8149744,27.8149744,28.6484896,r,1,0.8262369,None,,,,,,595355,1,2025-08-26_23h16.46.933,Stroop task,,2025.1.1,60.05919434,2025-08-26 23h16.48.194506 +0530
RED,blue,b,I,16,0,4,b,1,0.7972276,None,4,0,16,1,28.6646294,,,,,,,,,28.6498477,28.6646294,29.1485453,29.1485453,29.1485453,29.9486374,b,1,0.7972276,None,,,,,,595355,1,2025-08-26_23h16.46.933,Stroop task,,2025.1.1,60.05919434,2025-08-26 23h16.48.194506 +0530
BLUE,blue,b,C,17,1,4,b,1,0.7122083,None,4,1,17,3,29.9646862,,,,,,,,,29.950145,29.9646862,30.4478367,30.4478367,30.4478367,31.1649755,b,1,0.7122083,None,,,,,,595355,1,2025-08-26_23h16.46.933,Stroop task,,2025.1.1,60.05919434,2025-08-26 23h16.48.194506 +0530
RED,red,r,C,18,2,4,r,1,0.724676,None,4,2,18,0,31.1813352,,,,,,,,,31.1665228,31.1813352,31.6649291,31.6649291,31.6649291,32.3990196,r,1,0.724676,None,,,,,,595355,1,2025-08-26_23h16.46.933,Stroop task,,2025.1.1,60.05919434,2025-08-26 23h16.48.194506 +0530
BLUE,red,r,I,19,3,4,r,1,1.1075675,None,4,3,19,2,32.4147638,,,,,,,,,32.4010203,32.4147638,32.8984692,32.8984692,32.8984692,34.0151454,r,1,1.1075675,None,,,,,,595355,1,2025-08-26_23h16.46.933,Stroop task,,2025.1.1,60.05919434,2025-08-26 23h16.48.194506 +0530
RED,blue,b,I,20,0,5,b,1,1.0782073,None,5,0,20,1,34.0312418,,,,,,,,,34.0167374,34.0312418,34.5147331,34.5147331,34.5147331,35.5982478,b,1,1.0782073,None,,,,,,595355,1,2025-08-26_23h16.46.933,Stroop task,,2025.1.1,60.05919434,2025-08-26 23h16.48.194506 +0530
RED,red,r,C,21,1,5,r,1,0.6740017,None,5,1,21,0,35.6147788,,,,,,,,,35.5988415,35.6147788,36.0980848,36.0980848,36.0980848,36.7820833,r,1,0.6740017,None,,,,,,595355,1,2025-08-26_23h16.46.933,Stroop task,,2025.1.1,60.05919434,2025-08-26 23h16.48.194506 +0530
BLUE,blue,b,C,22,2,5,b,1,0.9460514,None,5,2,22,3,36.7978455,,,,,,,,,36.7838511,36.7978455,37.2814158,37.2814158,37.2814158,38.2314864,b,1,0.9460514,None,,,,,,595355,1,2025-08-26_23h16.46.933,Stroop task,,2025.1.1,60.05919434,2025-08-26 23h16.48.194506 +0530
BLUE,red,r,I,23,3,5,r,1,1.6816711,None,5,3,23,2,38.2477944,,,,,,,,,38.2322688,38.2477944,38.7320785,38.7320785,38.7320785,40.4145514,r,1,1.6816711,None,,,,,,595355,1,2025-08-26_23h16.46.933,Stroop task,,2025.1.1,60.05919434,2025-08-26 23h16.48.194506 +0530
BLUE,red,r,I,24,0,6,r,1,1.927122,None,6,0,24,2,40.4309205,,,,,,,,,40.4148115,40.4309205,40.9146273,40.9146273,40.9146273,42.8482117,r,1,1.927122,None,,,,,,595355,1,2025-08-26_23h16.46.933,Stroop task,,2025.1.1,60.05919434,2025-08-26 23h16.48.194506 +0530
BLUE,blue,b,C,25,1,6,b,1,0.6170114,None,6,1,25,3,42.8645113,,,,,,,,,42.8484843,42.8645113,43.3479864,43.3479864,43.3479864,43.9823324,b,1,0.6170114,None,,,,,,595355,1,2025-08-26_23h16.46.933,Stroop task,,2025.1.1,60.05919434,2025-08-26 23h16.48.194506 +0530
RED,blue,b,I,26,2,6,b,1,0.9041592,None,6,2,26,1,43.9977841,,,,,,,,,43.9840485,43.9977841,44.4979332,44.4979332,44.4979332,45.4153337,b,1,0.9041592,None,,,,,,595355,1,2025-08-26_23h16.46.933,Stroop task,,2025.1.1,60.05919434,2025-08-26 23h16.48.194506 +0530
RED,red,r,C,27,3,6,r,1,0.8423625,None,6,3,27,0,45.4307756,,,,,,,,,45.4156224,45.4307756,45.9144721,45.9144721,45.9144721,46.7654735,r,1,0.8423625,None,,,,,,595355,1,2025-08-26_23h16.46.933,Stroop task,,2025.1.1,60.05919434,2025-08-26 23h16.48.194506 +0530
RED,blue,b,I,28,0,7,b,1,1.5253085,None,7,0,28,1,46.7811369,,,,,,,,,46.7657471,46.7811369,47.2810446,47.2810446,47.2810446,48.8149135,b,1,1.5253085,None,,,,,,595355,1,2025-08-26_23h16.46.933,Stroop task,,2025.1.1,60.05919434,2025-08-26 23h16.48.194506 +0530
RED,red,r,C,29,1,7,r,1,1.2950319,None,7,1,29,0,48.8312239,,,,,,,,,48.8151934,48.8312239,49.3145476,49.3145476,49.3145476,50.6148889,r,1,1.2950319,None,,,,,,595355,1,2025-08-26_23h16.46.933,Stroop task,,2025.1.1,60.05919434,2025-08-26 23h16.48.194506 +0530
BLUE,blue,b,C,30,2,7,b,1,1.4343042,None,7,2,30,3,50.6308437,,,,,,,,,50.6166138,50.6308437,51.1147993,51.1147993,51.1147993,52.5644403,b,1,1.4343042,None,,,,,,595355,1,2025-08-26_23h16.46.933,Stroop task,,2025.1.1,60.05919434,2025-08-26 23h16.48.194506 +0530
BLUE,red,r,I,31,3,7,r,1,0.8974159,None,7,3,31,2,52.5810039,,,,,,,,,52.5647089,52.5810039,53.0642986,53.0642986,53.0642986,53.9656121,r,1,0.8974159,None,,,,,,595355,1,2025-08-26_23h16.46.933,Stroop task,,2025.1.1,60.05919434,2025-08-26 23h16.48.194506 +0530
BLUE,red,r,I,32,0,8,r,1,0.9259326,None,8,0,32,2,53.9812076,,,,,,,,,53.9659004,53.9812076,54.464617,54.464617,54.464617,55.398682,r,1,0.9259326,None,,,,,,595355,1,2025-08-26_23h16.46.933,Stroop task,,2025.1.1,60.05919434,2025-08-26 23h16.48.194506 +0530
RED,red,r,C,33,1,8,r,1,0.6398397,None,8,1,33,0,55.414545,,,,,,,,,55.4005209,55.414545,55.9142663,55.9142663,55.9142663,56.5645583,r,1,0.6398397,None,,,,,,595355,1,2025-08-26_23h16.46.933,Stroop task,,2025.1.1,60.05919434,2025-08-26 23h16.48.194506 +0530
RED,blue,b,I,34,2,8,b,1,1.1069816,None,8,2,34,1,56.5813896,,,,,,,,,56.5648237,56.5813896,57.0640668,57.0640668,57.0640668,58.181548,b,1,1.1069816,None,,,,,,595355,1,2025-08-26_23h16.46.933,Stroop task,,2025.1.1,60.05919434,2025-08-26 23h16.48.194506 +0530
BLUE,blue,b,C,35,3,8,b,1,0.613369,None,8,3,35,3,58.1976826,,,,,,,,,58.1831618,58.1976826,58.681324,58.681324,58.681324,59.2981246,b,1,0.613369,None,,,,,,595355,1,2025-08-26_23h16.46.933,Stroop task,,2025.1.1,60.05919434,2025-08-26 23h16.48.194506 +0530
RED,blue,b,I,36,0,9,b,1,1.5266115,None,9,0,36,1,59.3142574,,,,,,,,,59.2995138,59.3142574,59.7980908,59.7980908,59.7980908,61.331051,b,1,1.5266115,None,,,,,,595355,1,2025-08-26_23h16.46.933,Stroop task,,2025.1.1,60.05919434,2025-08-26 23h16.48.194506 +0530
RED,red,r,C,37,1,9,r,1,1.2870489,None,9,1,37,0,61.3483296,,,,,,,,,61.331334,61.3483296,61.830732,61.830732,61.830732,63.1315368,r,1,1.2870489,None,,,,,,595355,1,2025-08-26_23h16.46.933,Stroop task,,2025.1.1,60.05919434,2025-08-26 23h16.48.194506 +0530
BLUE,blue,b,C,38,2,9,b,1,0.5645814,None,9,2,38,3,63.1478651,,,,,,,,,63.133339,63.1478651,63.6315261,63.6315261,63.6315261,64.1980434,b,1,0.5645814,None,,,,,,595355,1,2025-08-26_23h16.46.933,Stroop task,,2025.1.1,60.05919434,2025-08-26 23h16.48.194506 +0530
BLUE,red,r,I,39,3,9,r,1,0.8283807,None,9,3,39,2,64.2139911,,,,,,,,,64.1986087,64.2139911,64.6974936,64.6974936,64.6974936,65.5312894,r,1,0.8283807,None,,,,,,595355,1,2025-08-26_23h16.46.933,Stroop task,,2025.1.1,60.05919434,2025-08-26 23h16.48.194506 +0530
BLUE,blue,b,C,40,0,10,b,1,0.7539812,None,10,0,40,3,65.5473287,,,,,,,,,65.5318143,65.5473287,66.0315013,66.0315013,66.0315013,66.7987056,b,1,0.7539812,None,,,,,,595355,1,2025-08-26_23h16.46.933,Stroop task,,2025.1.1,60.05919434,2025-08-26 23h16.48.194506 +0530
BLUE,red,r,I,41,1,10,r,1,1.4519676,None,10,1,41,2,66.8141447,,,,,,,,,66.7990116,66.8141447,67.2978549,67.2978549,67.2978549,68.7644725,r,1,1.4519676,None,,,,,,595355,1,2025-08-26_23h16.46.933,Stroop task,,2025.1.1,60.05919434,2025-08-26 23h16.48.194506 +0530
RED,blue,b,I,42,2,10,b,1,1.2247854,None,10,2,42,1,68.7809485,,,,,,,,,68.7662762,68.7809485,69.2642898,69.2642898,69.2642898,70.4979846,b,1,1.2247854,None,,,,,,595355,1,2025-08-26_23h16.46.933,Stroop task,,2025.1.1,60.05919434,2025-08-26 23h16.48.194506 +0530
RED,red,r,C,43,3,10,r,1,0.5031602,None,10,3,43,0,70.5141807,,,,,,,,,70.4982651,70.5141807,70.9972981,70.9972981,70.9972981,71.5152088,r,1,0.5031602,None,,,,,,595355,1,2025-08-26_23h16.46.933,Stroop task,,2025.1.1,60.05919434,2025-08-26 23h16.48.194506 +0530
RED,red,r,C,44,0,11,r,1,0.5582786,None,11,0,44,0,71.5307667,,,,,,,,,71.5154852,71.5307667,72.0305504,72.0305504,72.0305504,72.5976376,r,1,0.5582786,None,,,,,,595355,1,2025-08-26_23h16.46.933,Stroop task,,2025.1.1,60.05919434,2025-08-26 23h16.48.194506 +0530
BLUE,blue,b,C,45,1,11,b,1,0.7311509,None,11,1,45,3,72.6143581,,,,,,,,,72.6000317,72.6143581,73.0974339,73.0974339,73.0974339,73.8312267,b,1,0.7311509,None,,,,,,595355,1,2025-08-26_23h16.46.933,Stroop task,,2025.1.1,60.05919434,2025-08-26 23h16.48.194506 +0530
BLUE,red,r,I,46,2,11,r,1,1.0485013,None,11,2,46,2,73.8476953,,,,,,,,,73.831506,73.8476953,74.3313036,74.3313036,74.3313036,75.380676,r,1,1.0485013,None,,,,,,595355,1,2025-08-26_23h16.46.933,Stroop task,,2025.1.1,60.05919434,2025-08-26 23h16.48.194506 +0530
RED,blue,b,I,47,3,11,b,1,2.6265263,None,11,3,47,1,75.3979527,,,,,,,,,75.3822979,75.3979527,75.8818807,75.8818807,75.8818807,78.5149348,b,1,2.6265263,None,,,,,,595355,1,2025-08-26_23h16.46.933,Stroop task,,2025.1.1,60.05919434,2025-08-26 23h16.48.194506 +0530
RED,red,r,C,48,0,12,r,1,0.6616176,None,12,0,48,0,78.5306229,,,,,,,,,78.5152074,78.5306229,79.0304443,79.0304443,79.0304443,79.6992616,r,1,0.6616176,None,,,,,,595355,1,2025-08-26_23h16.46.933,Stroop task,,2025.1.1,60.05919434,2025-08-26 23h16.48.194506 +0530
RED,blue,b,I,49,1,12,b,1,1.5074943,None,12,1,49,1,79.7139329,,,,,,,,,79.6995313,79.7139329,80.214498,80.214498,80.214498,81.7305848,b,1,1.5074943,None,,,,,,595355,1,2025-08-26_23h16.46.933,Stroop task,,2025.1.1,60.05919434,2025-08-26 23h16.48.194506 +0530
BLUE,red,r,I,50,2,12,r,1,0.877445,None,12,2,50,2,81.7474284,,,,,,,,,81.7319913,81.7474284,82.2304985,82.2304985,82.2304985,83.114476,r,1,0.877445,None,,,,,,595355,1,2025-08-26_23h16.46.933,Stroop task,,2025.1.1,60.05919434,2025-08-26 23h16.48.194506 +0530
BLUE,blue,b,C,51,3,12,b,1,0.7170064,None,12,3,51,3,83.1303439,,,,,,,,,83.1148212,83.1303439,83.6141889,83.6141889,83.6141889,84.3474153,b,1,0.7170064,None,,,,,,595355,1,2025-08-26_23h16.46.933,Stroop task,,2025.1.1,60.05919434,2025-08-26 23h16.48.194506 +0530
RED,red,r,C,52,0,13,r,1,2.5424502,None,13,0,52,0,84.3638207,,,,,,,,,84.3488,84.3638207,84.8474705,84.8474705,84.8474705,87.397399,r,1,2.5424502,None,,,,,,595355,1,2025-08-26_23h16.46.933,Stroop task,,2025.1.1,60.05919434,2025-08-26 23h16.48.194506 +0530
RED,blue,b,I,53,1,13,b,1,0.8778287,None,13,1,53,1,87.4142317,,,,,,,,,87.3976642,87.4142317,87.8975264,87.8975264,87.8975264,88.7806392,b,1,0.8778287,None,,,,,,595355,1,2025-08-26_23h16.46.933,Stroop task,,2025.1.1,60.05919434,2025-08-26 23h16.48.194506 +0530
BLUE,blue,b,C,54,2,13,b,1,1.383366,None,13,2,54,3,88.7972041,,,,,,,,,88.7834833,88.7972041,89.2807342,89.2807342,89.2807342,90.6807804,b,1,1.383366,None,,,,,,595355,1,2025-08-26_23h16.46.933,Stroop task,,2025.1.1,60.05919434,2025-08-26 23h16.48.194506 +0530
BLUE,red,r,I,55,3,13,r,1,0.833894,None,13,3,55,2,90.6974796,,,,,,,,,90.6810967,90.6974796,91.1802498,91.1802498,91.1802498,92.0304453,r,1,0.833894,None,,,,,,595355,1,2025-08-26_23h16.46.933,Stroop task,,2025.1.1,60.05919434,2025-08-26 23h16.48.194506 +0530
BLUE,blue,b,C,56,0,14,b,1,0.839657,None,14,0,56,3,92.0469943,,,,,,,,,92.0307088,92.0469943,92.5304637,92.5304637,92.5304637,93.3808648,b,1,0.839657,None,,,,,,595355,1,2025-08-26_23h16.46.933,Stroop task,,2025.1.1,60.05919434,2025-08-26 23h16.48.194506 +0530
RED,blue,b,I,57,1,14,b,1,2.0232619,None,14,1,57,1,93.3973089,,,,,,,,,93.3823016,93.3973089,93.8804464,93.8804464,93.8804464,95.9147678,b,1,2.0232619,None,,,,,,595355,1,2025-08-26_23h16.46.933,Stroop task,,2025.1.1,60.05919434,2025-08-26 23h16.48.194506 +0530
RED,red,r,C,58,2,14,r,1,1.8513051,None,14,2,58,0,95.9301538,,,,,,,,,95.9150569,95.9301538,96.4301872,96.4301872,96.4301872,98.297194,r,1,1.8513051,None,,,,,,595355,1,2025-08-26_23h16.46.933,Stroop task,,2025.1.1,60.05919434,2025-08-26 23h16.48.194506 +0530
BLUE,red,r,I,59,3,14,r,1,0.7241401,None,14,3,59,2,98.3145429,,,,,,,,,98.2999047,98.3145429,98.7968377,98.7968377,98.7968377,99.5312838,r,1,0.7241401,None,,,,,,595355,1,2025-08-26_23h16.46.933,Stroop task,,2025.1.1,60.05919434,2025-08-26 23h16.48.194506 +0530
RED,red,r,C,60,0,15,r,1,0.5166466,None,15,0,60,0,99.5468552,,,,,,,,,99.5326269,99.5468552,100.0469172,100.0469172,100.0469172,100.5651648,r,1,0.5166466,None,,,,,,595355,1,2025-08-26_23h16.46.933,Stroop task,,2025.1.1,60.05919434,2025-08-26 23h16.48.194506 +0530
BLUE,red,r,I,61,1,15,r,1,1.6653564,None,15,1,61,2,100.5802878,,,,,,,,,100.5667742,100.5802878,101.0802102,101.0802102,101.0802102,102.7470267,r,1,1.6653564,None,,,,,,595355,1,2025-08-26_23h16.46.933,Stroop task,,2025.1.1,60.05919434,2025-08-26 23h16.48.194506 +0530
BLUE,blue,b,C,62,2,15,b,1,0.7633285,None,15,2,62,3,102.7637721,,,,,,,,,102.7472928,102.7637721,103.2466198,103.2466198,103.2466198,104.0141036,b,1,0.7633285,None,,,,,,595355,1,2025-08-26_23h16.46.933,Stroop task,,2025.1.1,60.05919434,2025-08-26 23h16.48.194506 +0530
RED,blue,b,I,63,3,15,b,1,0.5801374,None,15,3,63,1,104.0301195,,,,,,,,,104.0155128,104.0301195,104.5133378,104.5133378,104.5133378,105.0974556,b,1,0.5801374,None,,,,,,595355,1,2025-08-26_23h16.46.933,Stroop task,,2025.1.1,60.05919434,2025-08-26 23h16.48.194506 +0530
BLUE,blue,b,C,64,0,16,b,1,0.605202,None,16,0,64,3,105.1136629,,,,,,,,,105.0988113,105.1136629,105.5972632,105.5972632,105.5972632,106.2140524,b,1,0.605202,None,,,,,,595355,1,2025-08-26_23h16.46.933,Stroop task,,2025.1.1,60.05919434,2025-08-26 23h16.48.194506 +0530
BLUE,red,r,I,65,1,16,r,1,1.0600941,None,16,1,65,2,106.2305262,,,,,,,,,106.2143275,106.2305262,106.7133953,106.7133953,106.7133953,107.7803661,r,1,1.0600941,None,,,,,,595355,1,2025-08-26_23h16.46.933,Stroop task,,2025.1.1,60.05919434,2025-08-26 23h16.48.194506 +0530
RED,red,r,C,66,2,16,r,1,0.5161068,None,16,2,66,0,107.7970283,,,,,,,,,107.7817248,107.7970283,108.2803163,108.2803163,108.2803163,108.7972069,r,1,0.5161068,None,,,,,,595355,1,2025-08-26_23h16.46.933,Stroop task,,2025.1.1,60.05919434,2025-08-26 23h16.48.194506 +0530
RED,blue,b,I,67,3,16,b,1,1.006145,None,16,3,67,1,108.8136056,,,,,,,,,108.7974793,108.8136056,109.296647,109.296647,109.296647,110.3138636,b,1,1.006145,None,,,,,,595355,1,2025-08-26_23h16.46.933,Stroop task,,2025.1.1,60.05919434,2025-08-26 23h16.48.194506 +0530
BLUE,blue,b,C,68,0,17,b,1,0.9759619,None,17,0,68,3,110.3301084,,,,,,,,,110.3153003,110.3301084,110.8139687,110.8139687,110.8139687,111.7974912,b,1,0.9759619,None,,,,,,595355,1,2025-08-26_23h16.46.933,Stroop task,,2025.1.1,60.05919434,2025-08-26 23h16.48.194506 +0530
RED,blue,b,I,69,1,17,b,1,0.8876314,None,17,1,69,1,111.8137179,,,,,,,,,111.7995546,111.8137179,112.2966783,112.2966783,112.2966783,113.1982337,b,1,0.8876314,None,,,,,,595355,1,2025-08-26_23h16.46.933,Stroop task,,2025.1.1,60.05919434,2025-08-26 23h16.48.194506 +0530
RED,red,r,C,70,2,17,r,1,0.8767165,None,17,2,70,0,113.2136403,,,,,,,,,113.1985413,113.2136403,113.7132798,113.7132798,113.7132798,114.5971207,r,1,0.8767165,None,,,,,,595355,1,2025-08-26_23h16.46.933,Stroop task,,2025.1.1,60.05919434,2025-08-26 23h16.48.194506 +0530
BLUE,red,r,I,71,3,17,r,1,0.8988471,None,17,3,71,2,114.6134271,,,,,,,,,114.6000078,114.6134271,115.0972264,115.0972264,115.0972264,115.9976071,r,1,0.8988471,None,,,,,,595355,1,2025-08-26_23h16.46.933,Stroop task,,2025.1.1,60.05919434,2025-08-26 23h16.48.194506 +0530
BLUE,blue,b,C,72,0,18,b,1,0.6327944,None,18,0,72,3,116.0133743,,,,,,,,,115.9978753,116.0133743,116.4964692,116.4964692,116.4964692,117.130859,b,1,0.6327944,None,,,,,,595355,1,2025-08-26_23h16.46.933,Stroop task,,2025.1.1,60.05919434,2025-08-26 23h16.48.194506 +0530
RED,blue,b,I,73,1,18,b,1,1.3320051,None,18,1,73,1,117.1467718,,,,,,,,,117.1325592,117.1467718,117.6472645,117.6472645,117.6472645,118.9807374,b,1,1.3320051,None,,,,,,595355,1,2025-08-26_23h16.46.933,Stroop task,,2025.1.1,60.05919434,2025-08-26 23h16.48.194506 +0530
RED,red,r,C,74,2,18,r,1,0.6264773,None,18,2,74,0,118.9970989,,,,,,,,,118.9810219,118.9970989,119.4803134,119.4803134,119.4803134,120.1137402,r,1,0.6264773,None,,,,,,595355,1,2025-08-26_23h16.46.933,Stroop task,,2025.1.1,60.05919434,2025-08-26 23h16.48.194506 +0530
BLUE,red,r,I,75,3,18,r,1,0.5664438,None,18,3,75,2,120.1298076,,,,,,,,,120.1151405,120.1298076,120.6137113,120.6137113,120.6137113,121.1805859,r,1,0.5664438,None,,,,,,595355,1,2025-08-26_23h16.46.933,Stroop task,,2025.1.1,60.05919434,2025-08-26 23h16.48.194506 +0530
BLUE,blue,b,C,76,0,19,b,1,0.8247744,None,19,0,76,3,121.1966971,,,,,,,,,121.180898,121.1966971,121.6800954,121.6800954,121.6800954,122.513447,b,1,0.8247744,None,,,,,,595355,1,2025-08-26_23h16.46.933,Stroop task,,2025.1.1,60.05919434,2025-08-26 23h16.48.194506 +0530
RED,blue,b,I,77,1,19,b,1,0.8117432,None,19,1,77,1,122.5305956,,,,,,,,,122.5150172,122.5305956,123.0135845,123.0135845,123.0135845,123.8302488,b,1,0.8117432,None,,,,,,595355,1,2025-08-26_23h16.46.933,Stroop task,,2025.1.1,60.05919434,2025-08-26 23h16.48.194506 +0530
BLUE,red,r,I,78,2,19,r,1,0.5835684,None,19,2,78,2,123.8466181,,,,,,,,,123.8318839,123.8466181,124.3297656,124.3297656,124.3297656,124.9137545,r,1,0.5835684,None,,,,,,595355,1,2025-08-26_23h16.46.933,Stroop task,,2025.1.1,60.05919434,2025-08-26 23h16.48.194506 +0530
RED,red,r,C,79,3,19,r,1,0.8118106,None,19,3,79,0,124.9299965,,,,,,,,,124.9154209,124.9299965,125.4135592,125.4135592,125.4135592,126.2306117,r,1,0.8118106,None,,,,,,595355,1,2025-08-26_23h16.46.933,Stroop task,,2025.1.1,60.05919434,2025-08-26 23h16.48.194506 +0530
BLUE,blue,b,C,80,0,20,b,1,0.758379,None,20,0,80,3,126.2469422,,,,,,,,,126.2323795,126.2469422,126.7302312,126.7302312,126.7302312,127.497263,b,1,0.758379,None,,,,,,595355,1,2025-08-26_23h16.46.933,Stroop task,,2025.1.1,60.05919434,2025-08-26 23h16.48.194506 +0530
RED,blue,b,I,81,1,20,b,1,0.6903382,None,20,1,81,1,127.513583,,,,,,,,,127.4988295,127.513583,127.9966298,127.9966298,127.9966298,128.6972198,b,1,0.6903382,None,,,,,,595355,1,2025-08-26_23h16.46.933,Stroop task,,2025.1.1,60.05919434,2025-08-26 23h16.48.194506 +0530
BLUE,red,r,I,82,2,20,r,1,0.6977299,None,20,2,82,2,128.7133049,,,,,,,,,128.6985871,128.7133049,129.2133025,129.2133025,129.2133025,129.9134341,r,1,0.6977299,None,,,,,,595355,1,2025-08-26_23h16.46.933,Stroop task,,2025.1.1,60.05919434,2025-08-26 23h16.48.194506 +0530
RED,red,r,C,83,3,20,r,1,0.7456671,None,20,3,83,0,129.9295763,,,,,,,,,129.9149665,129.9295763,130.413612,130.413612,130.413612,131.1685041,r,1,0.7456671,None,,,,,,595355,1,2025-08-26_23h16.46.933,Stroop task,,2025.1.1,60.05919434,2025-08-26 23h16.48.194506 +0530
BLUE,red,r,I,84,0,21,r,1,1.334863,None,21,0,84,2,131.179981,,,,,,,,,131.1699341,131.179981,131.6793192,131.6793192,131.6793192,133.030349,r,1,1.334863,None,,,,,,595355,1,2025-08-26_23h16.46.933,Stroop task,,2025.1.1,60.05919434,2025-08-26 23h16.48.194506 +0530
RED,blue,b,I,85,1,21,b,1,0.9000956,None,21,1,85,1,133.0464331,,,,,,,,,133.0317325,133.0464331,133.5297858,133.5297858,133.5297858,134.4302791,b,1,0.9000956,None,,,,,,595355,1,2025-08-26_23h16.46.933,Stroop task,,2025.1.1,60.05919434,2025-08-26 23h16.48.194506 +0530
BLUE,blue,b,C,86,2,21,b,1,0.7845326,None,21,2,86,3,134.4465271,,,,,,,,,134.4318248,134.4465271,134.9299803,134.9299803,134.9299803,135.7147123,b,1,0.7845326,None,,,,,,595355,1,2025-08-26_23h16.46.933,Stroop task,,2025.1.1,60.05919434,2025-08-26 23h16.48.194506 +0530
RED,red,r,C,87,3,21,r,1,0.8631113,None,21,3,87,0,135.7298138,,,,,,,,,135.7161303,135.7298138,136.230428,136.230428,136.230428,137.0967577,r,1,0.8631113,None,,,,,,595355,1,2025-08-26_23h16.46.933,Stroop task,,2025.1.1,60.05919434,2025-08-26 23h16.48.194506 +0530
BLUE,blue,b,C,88,0,22,b,1,1.0655107,None,22,0,88,3,137.1133064,,,,,,,,,137.0984125,137.1133064,137.5965182,137.5965182,137.5965182,138.6633708,b,1,1.0655107,None,,,,,,595355,1,2025-08-26_23h16.46.933,Stroop task,,2025.1.1,60.05919434,2025-08-26 23h16.48.194506 +0530
RED,blue,b,I,89,1,22,b,1,0.8458866,None,22,1,89,1,138.6797969,,,,,,,,,138.6649205,138.6797969,139.1631097,139.1631097,139.1631097,140.0137516,b,1,0.8458866,None,,,,,,595355,1,2025-08-26_23h16.46.933,Stroop task,,2025.1.1,60.05919434,2025-08-26 23h16.48.194506 +0530
BLUE,red,r,I,90,2,22,r,1,1.2168453,None,22,2,90,2,140.0294556,,,,,,,,,140.0151854,140.0294556,140.5132245,140.5132245,140.5132245,141.7302971,r,1,1.2168453,None,,,,,,595355,1,2025-08-26_23h16.46.933,Stroop task,,2025.1.1,60.05919434,2025-08-26 23h16.48.194506 +0530
RED,red,r,C,91,3,22,r,1,0.5279944,None,22,3,91,0,141.7464709,,,,,,,,,141.7317011,141.7464709,142.2297589,142.2297589,142.2297589,142.7639518,r,1,0.5279944,None,,,,,,595355,1,2025-08-26_23h16.46.933,Stroop task,,2025.1.1,60.05919434,2025-08-26 23h16.48.194506 +0530
RED,blue,b,I,92,0,23,b,1,1.417524,None,23,0,92,1,142.7807679,,,,,,,,,142.7642359,142.7807679,143.2798597,143.2798597,143.2798597,144.7131726,b,1,1.417524,None,,,,,,595355,1,2025-08-26_23h16.46.933,Stroop task,,2025.1.1,60.05919434,2025-08-26 23h16.48.194506 +0530
RED,red,r,C,93,1,23,r,1,0.5627632,None,23,1,93,0,144.7296969,,,,,,,,,144.713444,144.7296969,145.2130227,145.2130227,145.2130227,145.7798767,r,1,0.5627632,None,,,,,,595355,1,2025-08-26_23h16.46.933,Stroop task,,2025.1.1,60.05919434,2025-08-26 23h16.48.194506 +0530
BLUE,blue,b,C,94,2,23,b,1,0.4581066,None,23,2,94,3,145.7964112,,,,,,,,,145.7812522,145.7964112,146.2798309,146.2798309,146.2798309,146.7466675,b,1,0.4581066,None,,,,,,595355,1,2025-08-26_23h16.46.933,Stroop task,,2025.1.1,60.05919434,2025-08-26 23h16.48.194506 +0530
BLUE,red,r,I,95,3,23,r,1,1.0384698,None,23,3,95,2,146.7627196,,,,,,,,,146.7471845,146.7627196,147.2467838,147.2467838,147.2467838,148.2965813,r,1,1.0384698,None,,,,,,595355,1,2025-08-26_23h16.46.933,Stroop task,,2025.1.1,60.05919434,2025-08-26 23h16.48.194506 +0530
RED,red,r,C,96,0,24,r,1,0.5961913,None,24,0,96,0,148.3125292,,,,,,,,,148.2983023,148.3125292,148.8326873,148.8326873,148.8326873,149.4304265,r,1,0.5961913,None,,,,,,595355,1,2025-08-26_23h16.46.933,Stroop task,,2025.1.1,60.05919434,2025-08-26 23h16.48.194506 +0530
RED,blue,b,I,97,1,24,b,1,1.4181622,None,24,1,97,1,149.4463374,,,,,,,,,149.4306967,149.4463374,149.9297201,149.9297201,149.9297201,151.3635771,b,1,1.4181622,None,,,,,,595355,1,2025-08-26_23h16.46.933,Stroop task,,2025.1.1,60.05919434,2025-08-26 23h16.48.194506 +0530
BLUE,blue,b,C,98,2,24,b,1,0.5886712,None,24,2,98,3,151.379467,,,,,,,,,151.3652197,151.379467,151.8628577,151.8628577,151.8628577,152.4631599,b,1,0.5886712,None,,,,,,595355,1,2025-08-26_23h16.46.933,Stroop task,,2025.1.1,60.05919434,2025-08-26 23h16.48.194506 +0530
BLUE,red,r,I,99,3,24,r,1,1.5466779,None,24,3,99,2,152.4795163,,,,,,,,,152.4634301,152.4795163,152.9631965,152.9631965,152.9631965,154.5133291,r,1,1.5466779,None,,,,,,595355,1,2025-08-26_23h16.46.933,Stroop task,,2025.1.1,60.05919434,2025-08-26 23h16.48.194506 +0530
BLUE,red,r,I,100,0,25,r,1,1.6822176,None,25,0,100,2,154.529848,,,,,,,,,154.5136097,154.529848,155.0131818,155.0131818,155.0131818,156.6969638,r,1,1.6822176,None,,,,,,595355,1,2025-08-26_23h16.46.933,Stroop task,,2025.1.1,60.05919434,2025-08-26 23h16.48.194506 +0530
RED,red,r,C,101,1,25,r,1,0.5859328,None,25,1,101,0,156.7135762,,,,,,,,,156.698709,156.7135762,157.1962569,157.1962569,157.1962569,157.7969975,r,1,0.5859328,None,,,,,,595355,1,2025-08-26_23h16.46.933,Stroop task,,2025.1.1,60.05919434,2025-08-26 23h16.48.194506 +0530
RED,blue,b,I,102,2,25,b,1,0.7154339,None,25,2,102,1,157.8134473,,,,,,,,,157.7973221,157.8134473,158.2960822,158.2960822,158.2960822,159.0130748,b,1,0.7154339,None,,,,,,595355,1,2025-08-26_23h16.46.933,Stroop task,,2025.1.1,60.05919434,2025-08-26 23h16.48.194506 +0530
BLUE,blue,b,C,103,3,25,b,1,0.5256886,None,25,3,103,3,159.0293856,,,,,,,,,159.0146389,159.0293856,159.5131593,159.5131593,159.5131593,160.0463251,b,1,0.5256886,None,,,,,,595355,1,2025-08-26_23h16.46.933,Stroop task,,2025.1.1,60.05919434,2025-08-26 23h16.48.194506 +0530
RED,red,r,C,104,0,26,r,1,0.9384005,None,26,0,104,0,160.0627732,,,,,,,,,160.0477486,160.0627732,160.5463881,160.5463881,160.5463881,161.4962938,r,1,0.9384005,None,,,,,,595355,1,2025-08-26_23h16.46.933,Stroop task,,2025.1.1,60.05919434,2025-08-26 23h16.48.194506 +0530
RED,blue,b,I,105,1,26,b,1,0.8589975,None,26,1,105,1,161.5127826,,,,,,,,,161.496554,161.5127826,161.9959933,161.9959933,161.9959933,162.8631415,b,1,0.8589975,None,,,,,,595355,1,2025-08-26_23h16.46.933,Stroop task,,2025.1.1,60.05919434,2025-08-26 23h16.48.194506 +0530
BLUE,blue,b,C,106,2,26,b,1,0.5766087,None,26,2,106,3,162.8795097,,,,,,,,,162.864604,162.8795097,163.3626756,163.3626756,163.3626756,163.9466298,b,1,0.5766087,None,,,,,,595355,1,2025-08-26_23h16.46.933,Stroop task,,2025.1.1,60.05919434,2025-08-26 23h16.48.194506 +0530
BLUE,red,r,I,107,3,26,r,1,0.5295085,None,26,3,107,2,163.9628382,,,,,,,,,163.946936,163.9628382,164.446086,164.446086,164.446086,164.9795796,r,1,0.5295085,None,,,,,,595355,1,2025-08-26_23h16.46.933,Stroop task,,2025.1.1,60.05919434,2025-08-26 23h16.48.194506 +0530
RED,red,r,C,108,0,27,r,1,0.6195637,None,27,0,108,0,164.9961217,,,,,,,,,164.9810142,164.9961217,165.479494,165.479494,165.479494,166.1129845,r,1,0.6195637,None,,,,,,595355,1,2025-08-26_23h16.46.933,Stroop task,,2025.1.1,60.05919434,2025-08-26 23h16.48.194506 +0530
BLUE,blue,b,C,109,1,27,b,1,0.5492681,None,27,1,109,3,166.1293562,,,,,,,,,166.1145558,166.1293562,166.6127631,166.6127631,166.6127631,167.1632995,b,1,0.5492681,None,,,,,,595355,1,2025-08-26_23h16.46.933,Stroop task,,2025.1.1,60.05919434,2025-08-26 23h16.48.194506 +0530
RED,blue,b,I,110,2,27,b,1,1.0201291,None,27,2,110,1,167.1791093,,,,,,,,,167.1648141,167.1791093,167.6635447,167.6635447,167.6635447,168.6962456,b,1,1.0201291,None,,,,,,595355,1,2025-08-26_23h16.46.933,Stroop task,,2025.1.1,60.05919434,2025-08-26 23h16.48.194506 +0530
BLUE,red,r,I,111,3,27,r,1,0.7265435,None,27,3,111,2,168.7126699,,,,,,,,,168.697673,168.7126699,169.1961406,169.1961406,169.1961406,169.9296415,r,1,0.7265435,None,,,,,,595355,1,2025-08-26_23h16.46.933,Stroop task,,2025.1.1,60.05919434,2025-08-26 23h16.48.194506 +0530
BLUE,red,r,I,112,0,28,r,1,1.3828813,None,28,0,112,2,169.9457002,,,,,,,,,169.9299252,169.9457002,170.4293383,170.4293383,170.4293383,171.8130975,r,1,1.3828813,None,,,,,,595355,1,2025-08-26_23h16.46.933,Stroop task,,2025.1.1,60.05919434,2025-08-26 23h16.48.194506 +0530
RED,red,r,C,113,1,28,r,1,0.4883203,None,28,1,113,0,171.8295951,,,,,,,,,171.8147573,171.8295951,172.3125796,172.3125796,172.3125796,172.8129053,r,1,0.4883203,None,,,,,,595355,1,2025-08-26_23h16.46.933,Stroop task,,2025.1.1,60.05919434,2025-08-26 23h16.48.194506 +0530
BLUE,blue,b,C,114,2,28,b,1,0.5803499,None,28,2,114,3,172.8303113,,,,,,,,,172.8145958,172.8303113,173.3125534,173.3125534,173.3125534,173.8964008,b,1,0.5803499,None,,,,,,595355,1,2025-08-26_23h16.46.933,Stroop task,,2025.1.1,60.05919434,2025-08-26 23h16.48.194506 +0530
RED,blue,b,I,115,3,28,b,1,0.7511306,None,28,3,115,1,173.9134571,,,,,,,,,173.8980007,173.9134571,174.3957974,174.3957974,174.3957974,175.1629838,b,1,0.7511306,None,,,,,,595355,1,2025-08-26_23h16.46.933,Stroop task,,2025.1.1,60.05919434,2025-08-26 23h16.48.194506 +0530
RED,blue,b,I,116,0,29,b,1,0.5277837,None,29,0,116,1,175.1799432,,,,,,,,,175.1632454,175.1799432,175.6626678,175.6626678,175.6626678,176.1967675,b,1,0.5277837,None,,,,,,595355,1,2025-08-26_23h16.46.933,Stroop task,,2025.1.1,60.05919434,2025-08-26 23h16.48.194506 +0530
RED,red,r,C,117,1,29,r,1,0.5921384,None,29,1,117,0,176.2124619,,,,,,,,,176.197044,176.2124619,176.6961281,176.6961281,176.6961281,177.2962925,r,1,0.5921384,None,,,,,,595355,1,2025-08-26_23h16.46.933,Stroop task,,2025.1.1,60.05919434,2025-08-26 23h16.48.194506 +0530
BLUE,red,r,I,118,2,29,r,1,1.1149994,None,29,2,118,2,177.3128416,,,,,,,,,177.2981509,177.3128416,177.7958726,177.7958726,177.7958726,178.9125669,r,1,1.1149994,None,,,,,,595355,1,2025-08-26_23h16.46.933,Stroop task,,2025.1.1,60.05919434,2025-08-26 23h16.48.194506 +0530
BLUE,blue,b,C,119,3,29,b,1,0.5108801,None,29,3,119,3,178.9292198,,,,,,,,,178.9128401,178.9292198,179.4127885,179.4127885,179.4127885,179.9294783,b,1,0.5108801,None,,,,,,595355,1,2025-08-26_23h16.46.933,Stroop task,,2025.1.1,60.05919434,2025-08-26 23h16.48.194506 +0530
BLUE,red,r,I,120,0,30,r,1,1.1975358,None,30,0,120,2,179.9460858,,,,,,,,,179.9297447,179.9460858,180.429089,180.429089,180.429089,181.6293953,r,1,1.1975358,None,,,,,,595355,1,2025-08-26_23h16.46.933,Stroop task,,2025.1.1,60.05919434,2025-08-26 23h16.48.194506 +0530
RED,blue,b,I,121,1,30,b,1,0.6603658,None,30,1,121,1,181.6457675,,,,,,,,,181.6308196,181.6457675,182.1290838,182.1290838,182.1290838,182.7959461,b,1,0.6603658,None,,,,,,595355,1,2025-08-26_23h16.46.933,Stroop task,,2025.1.1,60.05919434,2025-08-26 23h16.48.194506 +0530
RED,red,r,C,122,2,30,r,1,0.683064,None,30,2,122,0,182.8126207,,,,,,,,,182.7962261,182.8126207,183.295836,183.295836,183.295836,183.9792973,r,1,0.683064,None,,,,,,595355,1,2025-08-26_23h16.46.933,Stroop task,,2025.1.1,60.05919434,2025-08-26 23h16.48.194506 +0530
BLUE,blue,b,C,123,3,30,b,1,0.6739872,None,30,3,123,3,183.9956516,,,,,,,,,183.9809807,183.9956516,184.479029,184.479029,184.479029,185.162674,b,1,0.6739872,None,,,,,,595355,1,2025-08-26_23h16.46.933,Stroop task,,2025.1.1,60.05919434,2025-08-26 23h16.48.194506 +0530
RED,blue,b,I,124,0,31,b,1,0.8449267,None,31,0,124,1,185.1790658,,,,,,,,,185.164257,185.1790658,185.6622854,185.6622854,185.6622854,186.512494,b,1,0.8449267,None,,,,,,595355,1,2025-08-26_23h16.46.933,Stroop task,,2025.1.1,60.05919434,2025-08-26 23h16.48.194506 +0530
RED,red,r,C,125,1,31,r,1,0.8805662,None,31,1,125,0,186.5290047,,,,,,,,,186.5127855,186.5290047,187.0126866,187.0126866,187.0126866,187.8959531,r,1,0.8805662,None,,,,,,595355,1,2025-08-26_23h16.46.933,Stroop task,,2025.1.1,60.05919434,2025-08-26 23h16.48.194506 +0530
BLUE,blue,b,C,126,2,31,b,1,0.7160401,None,31,2,126,3,187.9123156,,,,,,,,,187.8976479,187.9123156,188.3958718,188.3958718,188.3958718,189.1128096,b,1,0.7160401,None,,,,,,595355,1,2025-08-26_23h16.46.933,Stroop task,,2025.1.1,60.05919434,2025-08-26 23h16.48.194506 +0530
BLUE,red,r,I,127,3,31,r,1,1.0510623,None,31,3,127,2,189.1292998,,,,,,,,,189.1130868,189.1292998,189.6124585,189.6124585,189.6124585,190.6797604,r,1,1.0510623,None,,,,,,595355,1,2025-08-26_23h16.46.933,Stroop task,,2025.1.1,60.05919434,2025-08-26 23h16.48.194506 +0530
BLUE,red,r,I,128,0,32,r,1,0.6637052,None,32,0,128,2,190.695737,,,,,,,,,190.680046,190.695737,191.1792689,191.1792689,191.1792689,191.8458073,r,1,0.6637052,None,,,,,,595355,1,2025-08-26_23h16.46.933,Stroop task,,2025.1.1,60.05919434,2025-08-26 23h16.48.194506 +0530
BLUE,blue,b,C,129,1,32,b,1,0.4756558,None,32,1,129,3,191.8620516,,,,,,,,,191.8461256,191.8620516,192.3465593,192.3465593,192.3465593,192.8296211,b,1,0.4756558,None,,,,,,595355,1,2025-08-26_23h16.46.933,Stroop task,,2025.1.1,60.05919434,2025-08-26 23h16.48.194506 +0530
RED,blue,b,I,130,2,32,b,1,0.7504896,None,32,2,130,1,192.845884,,,,,,,,,192.831588,192.845884,193.3289496,193.3289496,193.3289496,194.0798481,b,1,0.7504896,None,,,,,,595355,1,2025-08-26_23h16.46.933,Stroop task,,2025.1.1,60.05919434,2025-08-26 23h16.48.194506 +0530
RED,red,r,C,131,3,32,r,1,0.6336154,None,32,3,131,0,194.0958575,,,,,,,,,194.0802106,194.0958575,194.5792461,194.5792461,194.5792461,195.2130438,r,1,0.6336154,None,,,,,,595355,1,2025-08-26_23h16.46.933,Stroop task,,2025.1.1,60.05919434,2025-08-26 23h16.48.194506 +0530
RED,blue,b,I,132,0,33,b,1,0.6894901,None,33,0,132,1,195.2289317,,,,,,,,,195.213367,195.2289317,195.7123981,195.7123981,195.7123981,196.4126671,b,1,0.6894901,None,,,,,,595355,1,2025-08-26_23h16.46.933,Stroop task,,2025.1.1,60.05919434,2025-08-26 23h16.48.194506 +0530
BLUE,blue,b,C,133,1,33,b,1,0.5976662,None,33,1,133,3,196.4290666,,,,,,,,,196.4141188,196.4290666,196.91255,196.91255,196.91255,197.5121893,b,1,0.5976662,None,,,,,,595355,1,2025-08-26_23h16.46.933,Stroop task,,2025.1.1,60.05919434,2025-08-26 23h16.48.194506 +0530
BLUE,red,r,I,134,2,33,r,1,0.7883648,None,33,2,134,2,197.5288904,,,,,,,,,197.5124692,197.5288904,198.0120033,198.0120033,198.0120033,198.8124648,r,1,0.7883648,None,,,,,,595355,1,2025-08-26_23h16.46.933,Stroop task,,2025.1.1,60.05919434,2025-08-26 23h16.48.194506 +0530
RED,red,r,C,135,3,33,r,1,0.4656265,None,33,3,135,0,198.8288249,,,,,,,,,198.8138554,198.8288249,199.3120777,199.3120777,199.3120777,199.779286,r,1,0.4656265,None,,,,,,595355,1,2025-08-26_23h16.46.933,Stroop task,,2025.1.1,60.05919434,2025-08-26 23h16.48.194506 +0530
BLUE,red,r,I,136,0,34,r,1,0.7174891,None,34,0,136,2,199.7955244,,,,,,,,,199.7806933,199.7955244,200.278806,200.278806,200.278806,200.9965274,r,1,0.7174891,None,,,,,,595355,1,2025-08-26_23h16.46.933,Stroop task,,2025.1.1,60.05919434,2025-08-26 23h16.48.194506 +0530
RED,blue,b,I,137,1,34,b,1,0.7943127,None,34,1,137,1,201.0126123,,,,,,,,,200.9980977,201.0126123,201.5120722,201.5120722,201.5120722,202.3129898,b,1,0.7943127,None,,,,,,595355,1,2025-08-26_23h16.46.933,Stroop task,,2025.1.1,60.05919434,2025-08-26 23h16.48.194506 +0530
BLUE,blue,b,C,138,2,34,b,1,3.0307336,None,34,2,138,3,202.3299332,,,,,,,,,202.3146697,202.3299332,202.8139064,202.8139064,202.8139064,205.846239,b,1,3.0307336,None,,,,,,595355,1,2025-08-26_23h16.46.933,Stroop task,,2025.1.1,60.05919434,2025-08-26 23h16.48.194506 +0530
RED,red,r,C,139,3,34,r,1,0.7563293,None,34,3,139,0,205.8623907,,,,,,,,,205.8476119,205.8623907,206.345702,206.345702,206.345702,207.1124231,r,1,0.7563293,None,,,,,,595355,1,2025-08-26_23h16.46.933,Stroop task,,2025.1.1,60.05919434,2025-08-26 23h16.48.194506 +0530
BLUE,blue,b,C,140,0,35,b,1,0.5586414,None,35,0,140,3,207.1287069,,,,,,,,,207.1140637,207.1287069,207.6119406,207.6119406,207.6119406,208.1790827,b,1,0.5586414,None,,,,,,595355,1,2025-08-26_23h16.46.933,Stroop task,,2025.1.1,60.05919434,2025-08-26 23h16.48.194506 +0530
BLUE,red,r,I,141,1,35,r,1,1.0881826,None,35,1,141,2,208.1953566,,,,,,,,,208.1793697,208.1953566,208.6786781,208.6786781,208.6786781,209.7789893,r,1,1.0881826,None,,,,,,595355,1,2025-08-26_23h16.46.933,Stroop task,,2025.1.1,60.05919434,2025-08-26 23h16.48.194506 +0530
RED,red,r,C,142,2,35,r,1,0.5852532,None,35,2,142,0,209.7952807,,,,,,,,,209.7807161,209.7952807,210.2796041,210.2796041,210.2796041,210.8799908,r,1,0.5852532,None,,,,,,595355,1,2025-08-26_23h16.46.933,Stroop task,,2025.1.1,60.05919434,2025-08-26 23h16.48.194506 +0530
RED,blue,b,I,143,3,35,b,1,2.4215863,None,35,3,143,1,210.8952506,,,,,,,,,210.8803926,210.8952506,211.3952399,211.3952399,211.3952399,213.8289151,b,1,2.4215863,None,,,,,,595355,1,2025-08-26_23h16.46.933,Stroop task,,2025.1.1,60.05919434,2025-08-26 23h16.48.194506 +0530
RED,blue,b,I,144,0,36,b,1,0.540877,None,36,0,144,1,213.8451358,,,,,,,,,213.8291787,213.8451358,214.3289365,214.3289365,214.3289365,214.8789441,b,1,0.540877,None,,,,,,595355,1,2025-08-26_23h16.46.933,Stroop task,,2025.1.1,60.05919434,2025-08-26 23h16.48.194506 +0530
BLUE,red,r,I,145,1,36,r,1,0.6996432,None,36,1,145,2,214.8961635,,,,,,,,,214.880654,214.8961635,215.3789263,215.3789263,215.3789263,216.0789816,r,1,0.6996432,None,,,,,,595355,1,2025-08-26_23h16.46.933,Stroop task,,2025.1.1,60.05919434,2025-08-26 23h16.48.194506 +0530
BLUE,blue,b,C,146,2,36,b,1,0.7110323,None,36,2,146,3,216.0949119,,,,,,,,,216.0792724,216.0949119,216.5786754,216.5786754,216.5786754,217.2955213,b,1,0.7110323,None,,,,,,595355,1,2025-08-26_23h16.46.933,Stroop task,,2025.1.1,60.05919434,2025-08-26 23h16.48.194506 +0530
RED,red,r,C,147,3,36,r,1,0.4942038,None,36,3,147,0,217.3118131,,,,,,,,,217.2972056,217.3118131,217.7953169,217.7953169,217.7953169,218.2958398,r,1,0.4942038,None,,,,,,595355,1,2025-08-26_23h16.46.933,Stroop task,,2025.1.1,60.05919434,2025-08-26 23h16.48.194506 +0530
BLUE,blue,b,C,148,0,37,b,1,0.5618566,None,37,0,148,3,218.3121061,,,,,,,,,218.2974998,218.3121061,218.7960162,218.7960162,218.7960162,219.3623551,b,1,0.5618566,None,,,,,,595355,1,2025-08-26_23h16.46.933,Stroop task,,2025.1.1,60.05919434,2025-08-26 23h16.48.194506 +0530
RED,red,r,C,149,1,37,r,1,0.5789695,None,37,1,149,0,219.3784412,,,,,,,,,219.3639438,219.3784412,219.8618307,219.8618307,219.8618307,220.4454546,r,1,0.5789695,None,,,,,,595355,1,2025-08-26_23h16.46.933,Stroop task,,2025.1.1,60.05919434,2025-08-26 23h16.48.194506 +0530
RED,blue,b,I,150,2,37,b,1,0.814941,None,37,2,150,1,220.4618161,,,,,,,,,220.445734,220.4618161,220.9454518,220.9454518,220.9454518,221.761974,b,1,0.814941,None,,,,,,595355,1,2025-08-26_23h16.46.933,Stroop task,,2025.1.1,60.05919434,2025-08-26 23h16.48.194506 +0530
BLUE,red,r,I,151,3,37,r,1,2.2891596,None,37,3,151,2,221.7786612,,,,,,,,,221.7634755,221.7786612,222.2615443,222.2615443,222.2615443,224.5621076,r,1,2.2891596,None,,,,,,595355,1,2025-08-26_23h16.46.933,Stroop task,,2025.1.1,60.05919434,2025-08-26 23h16.48.194506 +0530
RED,red,r,C,152,0,38,r,1,1.8316994,None,38,0,152,0,224.5784523,,,,,,,,,224.5637454,224.5784523,225.0621124,225.0621124,225.0621124,226.8954259,r,1,1.8316994,None,,,,,,595355,1,2025-08-26_23h16.46.933,Stroop task,,2025.1.1,60.05919434,2025-08-26 23h16.48.194506 +0530
BLUE,red,r,I,153,1,38,r,1,1.5128881,None,38,1,153,2,226.9116468,,,,,,,,,226.8969701,226.9116468,227.3949805,227.3949805,227.3949805,228.9115357,r,1,1.5128881,None,,,,,,595355,1,2025-08-26_23h16.46.933,Stroop task,,2025.1.1,60.05919434,2025-08-26 23h16.48.194506 +0530
RED,blue,b,I,154,2,38,b,1,1.2821131,None,38,2,154,1,228.9282913,,,,,,,,,228.9129067,228.9282913,229.4121846,229.4121846,229.4121846,230.6958341,b,1,1.2821131,None,,,,,,595355,1,2025-08-26_23h16.46.933,Stroop task,,2025.1.1,60.05919434,2025-08-26 23h16.48.194506 +0530
BLUE,blue,b,C,155,3,38,b,1,4.2912249,None,38,3,155,3,230.7115039,,,,,,,,,230.6975425,230.7115039,231.195004,231.195004,231.195004,235.4952142,b,1,4.2912249,None,,,,,,595355,1,2025-08-26_23h16.46.933,Stroop task,,2025.1.1,60.05919434,2025-08-26 23h16.48.194506 +0530
BLUE,red,r,I,156,0,39,r,1,0.9820724,None,39,0,156,2,235.5116098,,,,,,,,,235.4954855,235.5116098,235.9952659,235.9952659,235.9952659,236.9788951,r,1,0.9820724,None,,,,,,595355,1,2025-08-26_23h16.46.933,Stroop task,,2025.1.1,60.05919434,2025-08-26 23h16.48.194506 +0530
BLUE,blue,b,C,157,1,39,b,1,0.6169063,None,39,1,157,3,236.9957284,,,,,,,,,236.9791644,236.9957284,237.4789259,237.4789259,237.4789259,238.1122304,b,1,0.6169063,None,,,,,,595355,1,2025-08-26_23h16.46.933,Stroop task,,2025.1.1,60.05919434,2025-08-26 23h16.48.194506 +0530
RED,blue,b,I,158,2,39,b,1,0.6780455,None,39,2,158,1,238.1285659,,,,,,,,,238.1139266,238.1285659,238.6114448,238.6114448,238.6114448,239.2955164,b,1,0.6780455,None,,,,,,595355,1,2025-08-26_23h16.46.933,Stroop task,,2025.1.1,60.05919434,2025-08-26 23h16.48.194506 +0530
RED,red,r,C,159,3,39,r,1,0.6581214,None,39,3,159,0,239.3115991,,,,,,,,,239.2957984,239.3115991,239.7948835,239.7948835,239.7948835,240.4618372,r,1,0.6581214,None,,,,,,595355,1,2025-08-26_23h16.46.933,Stroop task,,2025.1.1,60.05919434,2025-08-26 23h16.48.194506 +0530
RED,red,r,C,160,0,40,r,1,0.6854078,None,40,0,160,0,240.4779168,,,,,,,,,240.462116,240.4779168,240.9616066,240.9616066,240.9616066,241.6618326,r,1,0.6854078,None,,,,,,595355,1,2025-08-26_23h16.46.933,Stroop task,,2025.1.1,60.05919434,2025-08-26 23h16.48.194506 +0530
RED,blue,b,I,161,1,40,b,1,0.6796403,None,40,1,161,1,241.6780452,,,,,,,,,241.6621071,241.6780452,242.1616712,242.1616712,242.1616712,242.8455381,b,1,0.6796403,None,,,,,,595355,1,2025-08-26_23h16.46.933,Stroop task,,2025.1.1,60.05919434,2025-08-26 23h16.48.194506 +0530
BLUE,blue,b,C,162,2,40,b,1,0.5448329,None,40,2,162,3,242.8646977,,,,,,,,,242.8469598,242.8646977,243.345039,243.345039,243.345039,243.895105,b,1,0.5448329,None,,,,,,595355,1,2025-08-26_23h16.46.933,Stroop task,,2025.1.1,60.05919434,2025-08-26 23h16.48.194506 +0530
BLUE,red,r,I,163,3,40,r,1,0.793009,None,40,3,163,2,243.9114652,,,,,,,,,243.8953798,243.9114652,244.3947549,244.3947549,244.3947549,245.1949877,r,1,0.793009,None,,,,,,595355,1,2025-08-26_23h16.46.933,Stroop task,,2025.1.1,60.05919434,2025-08-26 23h16.48.194506 +0530
BLUE,blue,b,C,164,0,41,b,1,0.5310967,None,41,0,164,3,245.2116463,,,,,,,,,245.1953999,245.2116463,245.6944795,245.6944795,245.6944795,246.2284218,b,1,0.5310967,None,,,,,,595355,1,2025-08-26_23h16.46.933,Stroop task,,2025.1.1,60.05919434,2025-08-26 23h16.48.194506 +0530
BLUE,red,r,I,165,1,41,r,1,0.8324151,None,41,1,165,2,246.2446708,,,,,,,,,246.2286982,246.2446708,246.7281754,246.7281754,246.7281754,247.5618302,r,1,0.8324151,None,,,,,,595355,1,2025-08-26_23h16.46.933,Stroop task,,2025.1.1,60.05919434,2025-08-26 23h16.48.194506 +0530
RED,blue,b,I,166,2,41,b,1,0.6640109,None,41,2,166,1,247.5780146,,,,,,,,,247.5634988,247.5780146,248.0611216,248.0611216,248.0611216,248.7284168,b,1,0.6640109,None,,,,,,595355,1,2025-08-26_23h16.46.933,Stroop task,,2025.1.1,60.05919434,2025-08-26 23h16.48.194506 +0530
RED,red,r,C,167,3,41,r,1,0.4733681,None,41,3,167,0,248.7446756,,,,,,,,,248.7287014,248.7446756,249.2279989,249.2279989,249.2279989,249.7120962,r,1,0.4733681,None,,,,,,595355,1,2025-08-26_23h16.46.933,Stroop task,,2025.1.1,60.05919434,2025-08-26 23h16.48.194506 +0530
BLUE,red,r,I,168,0,42,r,1,0.5234381,None,42,0,168,2,249.7283818,,,,,,,,,249.7139546,249.7283818,250.2114504,250.2114504,250.2114504,250.7450432,r,1,0.5234381,None,,,,,,595355,1,2025-08-26_23h16.46.933,Stroop task,,2025.1.1,60.05919434,2025-08-26 23h16.48.194506 +0530
RED,red,r,C,169,1,42,r,1,0.6276392,None,42,1,169,0,250.7614216,,,,,,,,,250.7467471,250.7614216,251.2450179,251.2450179,251.2450179,251.8782667,r,1,0.6276392,None,,,,,,595355,1,2025-08-26_23h16.46.933,Stroop task,,2025.1.1,60.05919434,2025-08-26 23h16.48.194506 +0530
RED,blue,b,I,170,2,42,b,1,0.8993022,None,42,2,170,1,251.8947613,,,,,,,,,251.8785381,251.8947613,252.3783877,252.3783877,252.3783877,253.2783938,b,1,0.8993022,None,,,,,,595355,1,2025-08-26_23h16.46.933,Stroop task,,2025.1.1,60.05919434,2025-08-26 23h16.48.194506 +0530
BLUE,blue,b,C,171,3,42,b,1,0.5420326,None,42,3,171,3,253.2945859,,,,,,,,,253.2799647,253.2945859,253.778343,253.778343,253.778343,254.3283355,b,1,0.5420326,None,,,,,,595355,1,2025-08-26_23h16.46.933,Stroop task,,2025.1.1,60.05919434,2025-08-26 23h16.48.194506 +0530
BLUE,blue,b,C,172,0,43,b,1,0.5053862,None,43,0,172,3,254.3447431,,,,,,,,,254.3286413,254.3447431,254.8280524,254.8280524,254.8280524,255.345165,b,1,0.5053862,None,,,,,,595355,1,2025-08-26_23h16.46.933,Stroop task,,2025.1.1,60.05919434,2025-08-26 23h16.48.194506 +0530
BLUE,red,r,I,173,1,43,r,1,0.4963816,None,43,1,173,2,255.361702,,,,,,,,,255.3454672,255.361702,255.8444713,255.8444713,255.8444713,256.3460267,r,1,0.4963816,None,,,,,,595355,1,2025-08-26_23h16.46.933,Stroop task,,2025.1.1,60.05919434,2025-08-26 23h16.48.194506 +0530
RED,blue,b,I,174,2,43,b,1,1.0824987,None,43,2,174,1,256.3614123,,,,,,,,,256.3476139,256.3614123,256.861364,256.861364,256.861364,257.9455035,b,1,1.0824987,None,,,,,,595355,1,2025-08-26_23h16.46.933,Stroop task,,2025.1.1,60.05919434,2025-08-26 23h16.48.194506 +0530
RED,red,r,C,175,3,43,r,1,0.6240069,None,43,3,175,0,257.9615861,,,,,,,,,257.9459097,257.9615861,258.4445182,258.4445182,258.4445182,259.0786542,r,1,0.6240069,None,,,,,,595355,1,2025-08-26_23h16.46.933,Stroop task,,2025.1.1,60.05919434,2025-08-26 23h16.48.194506 +0530
RED,red,r,C,176,0,44,r,1,0.5804193,None,44,0,176,0,259.094954,,,,,,,,,259.0789541,259.094954,259.5782426,259.5782426,259.5782426,260.161866,r,1,0.5804193,None,,,,,,595355,1,2025-08-26_23h16.46.933,Stroop task,,2025.1.1,60.05919434,2025-08-26 23h16.48.194506 +0530
BLUE,blue,b,C,177,1,44,b,1,0.4848472,None,44,1,177,3,260.1780187,,,,,,,,,260.1637411,260.1780187,260.6615848,260.6615848,260.6615848,261.1618526,b,1,0.4848472,None,,,,,,595355,1,2025-08-26_23h16.46.933,Stroop task,,2025.1.1,60.05919434,2025-08-26 23h16.48.194506 +0530
BLUE,red,r,I,178,2,44,r,1,0.7245015,None,44,2,178,2,261.1778692,,,,,,,,,261.1621546,261.1778692,261.6611664,261.6611664,261.6611664,262.395118,r,1,0.7245015,None,,,,,,595355,1,2025-08-26_23h16.46.933,Stroop task,,2025.1.1,60.05919434,2025-08-26 23h16.48.194506 +0530
RED,blue,b,I,179,3,44,b,1,0.6457814,None,44,3,179,1,262.411535,,,,,,,,,262.3965712,262.411535,262.894548,262.894548,262.894548,263.5446834,b,1,0.6457814,None,,,,,,595355,1,2025-08-26_23h16.46.933,Stroop task,,2025.1.1,60.05919434,2025-08-26 23h16.48.194506 +0530
BLUE,blue,b,C,180,0,45,b,1,1.297597,None,45,0,180,3,263.5623035,,,,,,,,,263.5466207,263.5623035,264.0442879,264.0442879,264.0442879,265.3448528,b,1,1.297597,None,,,,,,595355,1,2025-08-26_23h16.46.933,Stroop task,,2025.1.1,60.05919434,2025-08-26 23h16.48.194506 +0530
BLUE,red,r,I,181,1,45,r,1,0.7452593,None,45,1,181,2,265.3612652,,,,,,,,,265.3451222,265.3612652,265.8444999,265.8444999,265.8444999,266.5951948,r,1,0.7452593,None,,,,,,595355,1,2025-08-26_23h16.46.933,Stroop task,,2025.1.1,60.05919434,2025-08-26 23h16.48.194506 +0530
RED,blue,b,I,182,2,45,b,1,0.9423109,None,45,2,182,1,266.6108527,,,,,,,,,266.5968121,266.6108527,267.094284,267.094284,267.094284,268.0449946,b,1,0.9423109,None,,,,,,595355,1,2025-08-26_23h16.46.933,Stroop task,,2025.1.1,60.05919434,2025-08-26 23h16.48.194506 +0530
RED,red,r,C,183,3,45,r,1,0.5752257,None,45,3,183,0,268.0611724,,,,,,,,,268.0453057,268.0611724,268.5446165,268.5446165,268.5446165,269.1279817,r,1,0.5752257,None,,,,,,595355,1,2025-08-26_23h16.46.933,Stroop task,,2025.1.1,60.05919434,2025-08-26 23h16.48.194506 +0530
RED,blue,b,I,184,0,46,b,1,1.3907461,None,46,0,184,1,269.1446419,,,,,,,,,269.1282568,269.1446419,269.6280216,269.6280216,269.6280216,271.0280321,b,1,1.3907461,None,,,,,,595355,1,2025-08-26_23h16.46.933,Stroop task,,2025.1.1,60.05919434,2025-08-26 23h16.48.194506 +0530
BLUE,blue,b,C,185,1,46,b,1,0.6743353,None,46,1,185,3,271.0444598,,,,,,,,,271.0295906,271.0444598,271.5279788,271.5279788,271.5279788,272.2112254,b,1,0.6743353,None,,,,,,595355,1,2025-08-26_23h16.46.933,Stroop task,,2025.1.1,60.05919434,2025-08-26 23h16.48.194506 +0530
BLUE,red,r,I,186,2,46,r,1,0.7454781,None,46,2,186,2,272.2278453,,,,,,,,,272.2114876,272.2278453,272.711398,272.711398,272.711398,273.4613523,r,1,0.7454781,None,,,,,,595355,1,2025-08-26_23h16.46.933,Stroop task,,2025.1.1,60.05919434,2025-08-26 23h16.48.194506 +0530
RED,red,r,C,187,3,46,r,1,0.5146007,None,46,3,187,0,273.4775929,,,,,,,,,273.4629622,273.4775929,273.9609722,273.9609722,273.9609722,274.4780232,r,1,0.5146007,None,,,,,,595355,1,2025-08-26_23h16.46.933,Stroop task,,2025.1.1,60.05919434,2025-08-26 23h16.48.194506 +0530
RED,red,r,C,188,0,47,r,1,0.650545,None,47,0,188,0,274.4946182,,,,,,,,,274.4782943,274.4946182,274.9776757,274.9776757,274.9776757,275.6318502,r,1,0.650545,None,,,,,,595355,1,2025-08-26_23h16.46.933,Stroop task,,2025.1.1,60.05919434,2025-08-26 23h16.48.194506 +0530
RED,blue,b,I,189,1,47,b,1,0.5565444,None,47,1,189,1,275.6442106,,,,,,,,,275.6321417,275.6442106,276.1443707,276.1443707,276.1443707,276.7111339,b,1,0.5565444,None,,,,,,595355,1,2025-08-26_23h16.46.933,Stroop task,,2025.1.1,60.05919434,2025-08-26 23h16.48.194506 +0530
BLUE,blue,b,C,190,2,47,b,1,0.5125087,None,47,2,190,3,276.7279878,,,,,,,,,276.7126629,276.7279878,277.2110362,277.2110362,277.2110362,277.727589,b,1,0.5125087,None,,,,,,595355,1,2025-08-26_23h16.46.933,Stroop task,,2025.1.1,60.05919434,2025-08-26 23h16.48.194506 +0530
BLUE,red,r,I,191,3,47,r,1,1.1381531,None,47,3,191,2,277.7438357,,,,,,,,,277.7278686,277.7438357,278.2279345,278.2279345,278.2279345,279.3783393,r,1,1.1381531,None,,,,,,595355,1,2025-08-26_23h16.46.933,Stroop task,,2025.1.1,60.05919434,2025-08-26 23h16.48.194506 +0530
BLUE,blue,b,C,192,0,48,b,1,0.5708213,None,48,0,192,3,279.3943379,,,,,,,,,279.3786231,279.3943379,279.8776925,279.8776925,279.8776925,280.4612734,b,1,0.5708213,None,,,,,,595355,1,2025-08-26_23h16.46.933,Stroop task,,2025.1.1,60.05919434,2025-08-26 23h16.48.194506 +0530
RED,red,r,C,193,1,48,r,1,0.6975153,None,48,1,193,0,280.4776,,,,,,,,,280.4630492,280.4776,280.9606238,280.9606238,280.9606238,281.661182,r,1,0.6975153,None,,,,,,595355,1,2025-08-26_23h16.46.933,Stroop task,,2025.1.1,60.05919434,2025-08-26 23h16.48.194506 +0530
RED,blue,b,I,194,2,48,b,1,0.9373631,None,48,2,194,1,281.6779893,,,,,,,,,281.6614714,281.6779893,282.1608416,282.1608416,282.1608416,283.1115531,b,1,0.9373631,None,,,,,,595355,1,2025-08-26_23h16.46.933,Stroop task,,2025.1.1,60.05919434,2025-08-26 23h16.48.194506 +0530
BLUE,red,r,I,195,3,48,r,1,0.723055,None,48,3,195,2,283.1278802,,,,,,,,,283.1132012,283.1278802,283.6109064,283.6109064,283.6109064,284.3446265,r,1,0.723055,None,,,,,,595355,1,2025-08-26_23h16.46.933,Stroop task,,2025.1.1,60.05919434,2025-08-26 23h16.48.194506 +0530
BLUE,red,r,I,196,0,49,r,1,0.8400843,None,49,0,196,2,284.3610619,,,,,,,,,284.3449058,284.3610619,284.8439874,284.8439874,284.8439874,285.6948136,r,1,0.8400843,None,,,,,,595355,1,2025-08-26_23h16.46.933,Stroop task,,2025.1.1,60.05919434,2025-08-26 23h16.48.194506 +0530
RED,blue,b,I,197,1,49,b,1,0.5667762,None,49,1,197,1,285.7111761,,,,,,,,,285.6964265,285.7111761,286.1941053,286.1941053,286.1941053,286.7613005,b,1,0.5667762,None,,,,,,595355,1,2025-08-26_23h16.46.933,Stroop task,,2025.1.1,60.05919434,2025-08-26 23h16.48.194506 +0530
RED,red,r,C,198,2,49,r,1,0.8488651,None,49,2,198,0,286.7775768,,,,,,,,,286.7615851,286.7775768,287.2611744,287.2611744,287.2611744,288.1113886,r,1,0.8488651,None,,,,,,595355,1,2025-08-26_23h16.46.933,Stroop task,,2025.1.1,60.05919434,2025-08-26 23h16.48.194506 +0530
BLUE,blue,b,C,199,3,49,b,1,0.5232354,None,49,3,199,3,288.128021,,,,,,,,,288.1127794,288.128021,288.6107803,288.6107803,288.6107803,289.1445801,b,1,0.5232354,None,,,,,,595355,1,2025-08-26_23h16.46.933,Stroop task,,2025.1.1,60.05919434,2025-08-26 23h16.48.194506 +0530
BLUE,red,r,I,200,0,50,r,1,0.5665315,None,50,0,200,2,289.1609331,,,,,,,,,289.1448616,289.1609331,289.6441064,289.6441064,289.6441064,290.211044,r,1,0.5665315,None,,,,,,595355,1,2025-08-26_23h16.46.933,Stroop task,,2025.1.1,60.05919434,2025-08-26 23h16.48.194506 +0530
RED,red,r,C,201,1,50,r,1,0.6991429,None,50,1,201,0,290.2274478,,,,,,,,,290.2126915,290.2274478,290.710914,290.710914,290.710914,291.4116831,r,1,0.6991429,None,,,,,,595355,1,2025-08-26_23h16.46.933,Stroop task,,2025.1.1,60.05919434,2025-08-26 23h16.48.194506 +0530
RED,blue,b,I,202,2,50,b,1,0.6624696,None,50,2,202,1,291.4272283,,,,,,,,,291.4119631,291.4272283,291.9108306,291.9108306,291.9108306,292.5777499,b,1,0.6624696,None,,,,,,595355,1,2025-08-26_23h16.46.933,Stroop task,,2025.1.1,60.05919434,2025-08-26 23h16.48.194506 +0530
BLUE,blue,b,C,203,3,50,b,1,0.5498111,None,50,3,203,3,292.5940297,,,,,,,,,292.579228,292.5940297,293.0773811,293.0773811,293.0773811,293.628341,b,1,0.5498111,None,,,,,,595355,1,2025-08-26_23h16.46.933,Stroop task,,2025.1.1,60.05919434,2025-08-26 23h16.48.194506 +0530
RED,red,r,C,204,0,51,r,1,0.7874888,None,51,0,204,0,293.6438039,,,,,,,,,293.6298678,293.6438039,294.1274893,294.1274893,294.1274893,294.927723,r,1,0.7874888,None,,,,,,595355,1,2025-08-26_23h16.46.933,Stroop task,,2025.1.1,60.05919434,2025-08-26 23h16.48.194506 +0530
BLUE,blue,b,C,205,1,51,b,1,0.6925751,None,51,1,205,3,294.9440075,,,,,,,,,294.9292447,294.9440075,295.427707,295.427707,295.427707,296.1280415,b,1,0.6925751,None,,,,,,595355,1,2025-08-26_23h16.46.933,Stroop task,,2025.1.1,60.05919434,2025-08-26 23h16.48.194506 +0530
BLUE,red,r,I,206,2,51,r,1,0.6897691,None,51,2,206,2,296.1441172,,,,,,,,,296.1283166,296.1441172,296.6272636,296.6272636,296.6272636,297.327628,r,1,0.6897691,None,,,,,,595355,1,2025-08-26_23h16.46.933,Stroop task,,2025.1.1,60.05919434,2025-08-26 23h16.48.194506 +0530
RED,blue,b,I,207,3,51,b,1,0.6286133,None,51,3,207,1,297.3438919,,,,,,,,,297.3291061,297.3438919,297.8276479,297.8276479,297.8276479,298.4609961,b,1,0.6286133,None,,,,,,595355,1,2025-08-26_23h16.46.933,Stroop task,,2025.1.1,60.05919434,2025-08-26 23h16.48.194506 +0530
RED,blue,b,I,208,0,52,b,1,0.4597338,None,52,0,208,1,298.477318,,,,,,,,,298.4612698,298.477318,298.9612443,298.9612443,298.9612443,299.4277202,b,1,0.4597338,None,,,,,,595355,1,2025-08-26_23h16.46.933,Stroop task,,2025.1.1,60.05919434,2025-08-26 23h16.48.194506 +0530
RED,red,r,C,209,1,52,r,1,0.6216003,None,52,1,209,0,299.4441587,,,,,,,,,299.4279969,299.4441587,299.9274015,299.9274015,299.9274015,300.5606737,r,1,0.6216003,None,,,,,,595355,1,2025-08-26_23h16.46.933,Stroop task,,2025.1.1,60.05919434,2025-08-26 23h16.48.194506 +0530
BLUE,blue,b,C,210,2,52,b,1,0.4923108,None,52,2,210,3,300.5772487,,,,,,,,,300.5621151,300.5772487,301.0609725,301.0609725,301.0609725,301.5612473,b,1,0.4923108,None,,,,,,595355,1,2025-08-26_23h16.46.933,Stroop task,,2025.1.1,60.05919434,2025-08-26 23h16.48.194506 +0530
BLUE,red,r,I,211,3,52,r,1,0.8095855,None,52,3,211,2,301.5776201,,,,,,,,,301.5615198,301.5776201,302.0605821,302.0605821,302.0605821,302.8779027,r,1,0.8095855,None,,,,,,595355,1,2025-08-26_23h16.46.933,Stroop task,,2025.1.1,60.05919434,2025-08-26 23h16.48.194506 +0530
RED,blue,b,I,212,0,53,b,1,0.4439176,None,53,0,212,1,302.8939655,,,,,,,,,302.8793194,302.8939655,303.3773742,303.3773742,303.3773742,303.8275717,b,1,0.4439176,None,,,,,,595355,1,2025-08-26_23h16.46.933,Stroop task,,2025.1.1,60.05919434,2025-08-26 23h16.48.194506 +0530
BLUE,red,r,I,213,1,53,r,1,0.6068048,None,53,1,213,2,303.844512,,,,,,,,,303.8290426,303.844512,304.327582,304.327582,304.327582,304.9442992,r,1,0.6068048,None,,,,,,595355,1,2025-08-26_23h16.46.933,Stroop task,,2025.1.1,60.05919434,2025-08-26 23h16.48.194506 +0530
RED,red,r,C,214,2,53,r,1,0.9165647,None,53,2,214,0,304.9605888,,,,,,,,,304.9456645,304.9605888,305.4437896,305.4437896,305.4437896,306.361035,r,1,0.9165647,None,,,,,,595355,1,2025-08-26_23h16.46.933,Stroop task,,2025.1.1,60.05919434,2025-08-26 23h16.48.194506 +0530
BLUE,blue,b,C,215,3,53,b,1,0.6780571,None,53,3,215,3,306.377095,,,,,,,,,306.362574,306.377095,306.8605279,306.8605279,306.8605279,307.5445692,b,1,0.6780571,None,,,,,,595355,1,2025-08-26_23h16.46.933,Stroop task,,2025.1.1,60.05919434,2025-08-26 23h16.48.194506 +0530
RED,blue,b,I,216,0,54,b,1,0.7900581,None,54,0,216,1,307.5605931,,,,,,,,,307.546206,307.5605931,308.0438542,308.0438542,308.0438542,308.8444686,b,1,0.7900581,None,,,,,,595355,1,2025-08-26_23h16.46.933,Stroop task,,2025.1.1,60.05919434,2025-08-26 23h16.48.194506 +0530
BLUE,red,r,I,217,1,54,r,1,0.7450731,None,54,1,217,2,308.8608355,,,,,,,,,308.8476311,308.8608355,309.3437349,309.3437349,309.3437349,310.0945299,r,1,0.7450731,None,,,,,,595355,1,2025-08-26_23h16.46.933,Stroop task,,2025.1.1,60.05919434,2025-08-26 23h16.48.194506 +0530
BLUE,blue,b,C,218,2,54,b,1,0.5611582,None,54,2,218,3,310.1102108,,,,,,,,,310.0948175,310.1102108,310.5940955,310.5940955,310.5940955,311.1605013,b,1,0.5611582,None,,,,,,595355,1,2025-08-26_23h16.46.933,Stroop task,,2025.1.1,60.05919434,2025-08-26 23h16.48.194506 +0530
RED,red,r,C,219,3,54,r,1,0.6562459,None,54,3,219,0,311.1770237,,,,,,,,,311.162063,311.1770237,311.6604082,311.6604082,311.6604082,312.3277707,r,1,0.6562459,None,,,,,,595355,1,2025-08-26_23h16.46.933,Stroop task,,2025.1.1,60.05919434,2025-08-26 23h16.48.194506 +0530
BLUE,red,r,I,220,0,55,r,1,1.3856923,None,55,0,220,2,312.3440629,,,,,,,,,312.3293015,312.3440629,312.8270618,312.8270618,312.8270618,314.2276865,r,1,1.3856923,None,,,,,,595355,1,2025-08-26_23h16.46.933,Stroop task,,2025.1.1,60.05919434,2025-08-26 23h16.48.194506 +0530
BLUE,blue,b,C,221,1,55,b,1,0.6627394,None,55,1,221,3,314.2439559,,,,,,,,,314.2280124,314.2439559,314.7268889,314.7268889,314.7268889,315.3943637,b,1,0.6627394,None,,,,,,595355,1,2025-08-26_23h16.46.933,Stroop task,,2025.1.1,60.05919434,2025-08-26 23h16.48.194506 +0530
RED,blue,b,I,222,2,55,b,1,0.755874,None,55,2,222,1,315.4107159,,,,,,,,,315.396007,315.4107159,315.8937424,315.8937424,315.8937424,316.6611372,b,1,0.755874,None,,,,,,595355,1,2025-08-26_23h16.46.933,Stroop task,,2025.1.1,60.05919434,2025-08-26 23h16.48.194506 +0530
RED,red,r,C,223,3,55,r,1,0.5989424,None,55,3,223,0,316.6777718,,,,,,,,,316.6614092,316.6777718,317.1607121,317.1607121,317.1607121,317.7612426,r,1,0.5989424,None,,,,,,595355,1,2025-08-26_23h16.46.933,Stroop task,,2025.1.1,60.05919434,2025-08-26 23h16.48.194506 +0530
RED,blue,b,I,224,0,56,b,1,0.4963161,None,56,0,224,1,317.7772718,,,,,,,,,317.7615183,317.7772718,318.2606927,318.2606927,318.2606927,318.7606397,b,1,0.4963161,None,,,,,,595355,1,2025-08-26_23h16.46.933,Stroop task,,2025.1.1,60.05919434,2025-08-26 23h16.48.194506 +0530
BLUE,red,r,I,225,1,56,r,1,0.9320464,None,56,1,225,2,318.7769273,,,,,,,,,318.7620341,318.7769273,319.260699,319.260699,319.260699,320.1943373,r,1,0.9320464,None,,,,,,595355,1,2025-08-26_23h16.46.933,Stroop task,,2025.1.1,60.05919434,2025-08-26 23h16.48.194506 +0530
BLUE,blue,b,C,226,2,56,b,1,0.5160635,None,56,2,226,3,320.2102831,,,,,,,,,320.1946184,320.2102831,320.6940846,320.6940846,320.6940846,321.2108388,b,1,0.5160635,None,,,,,,595355,1,2025-08-26_23h16.46.933,Stroop task,,2025.1.1,60.05919434,2025-08-26 23h16.48.194506 +0530
RED,red,r,C,227,3,56,r,1,1.504494,None,56,3,227,0,321.2270364,,,,,,,,,321.2126244,321.2270364,321.7102764,321.7102764,321.7102764,323.2272477,r,1,1.504494,None,,,,,,595355,1,2025-08-26_23h16.46.933,Stroop task,,2025.1.1,60.05919434,2025-08-26 23h16.48.194506 +0530
BLUE,red,r,I,228,0,57,r,1,0.7327598,None,57,0,228,2,323.2435803,,,,,,,,,323.2289771,323.2435803,323.7267098,323.7267098,323.7267098,324.4610814,r,1,0.7327598,None,,,,,,595355,1,2025-08-26_23h16.46.933,Stroop task,,2025.1.1,60.05919434,2025-08-26 23h16.48.194506 +0530
RED,blue,b,I,229,1,57,b,1,0.7684623,None,57,1,229,1,324.4768181,,,,,,,,,324.4626254,324.4768181,324.9600513,324.9600513,324.9600513,325.7436142,b,1,0.7684623,None,,,,,,595355,1,2025-08-26_23h16.46.933,Stroop task,,2025.1.1,60.05919434,2025-08-26 23h16.48.194506 +0530
BLUE,blue,b,C,230,2,57,b,1,0.6227115,None,57,2,230,3,325.7602608,,,,,,,,,325.7451217,325.7602608,326.2437879,326.2437879,326.2437879,326.8775856,b,1,0.6227115,None,,,,,,595355,1,2025-08-26_23h16.46.933,Stroop task,,2025.1.1,60.05919434,2025-08-26 23h16.48.194506 +0530
RED,red,r,C,231,3,57,r,1,1.2136262,None,57,3,231,0,326.8938342,,,,,,,,,326.8791234,326.8938342,327.3773114,327.3773114,327.3773114,328.59391,r,1,1.2136262,None,,,,,,595355,1,2025-08-26_23h16.46.933,Stroop task,,2025.1.1,60.05919434,2025-08-26 23h16.48.194506 +0530
RED,red,r,C,232,0,58,r,1,0.5135924,None,58,0,232,0,328.6101175,,,,,,,,,328.5942094,328.6101175,329.0933915,329.0933915,329.0933915,329.6107818,r,1,0.5135924,None,,,,,,595355,1,2025-08-26_23h16.46.933,Stroop task,,2025.1.1,60.05919434,2025-08-26 23h16.48.194506 +0530
BLUE,red,r,I,233,1,58,r,1,0.7603506,None,58,1,233,2,329.6271523,,,,,,,,,329.6122639,329.6271523,330.1105259,330.1105259,330.1105259,330.8774894,r,1,0.7603506,None,,,,,,595355,1,2025-08-26_23h16.46.933,Stroop task,,2025.1.1,60.05919434,2025-08-26 23h16.48.194506 +0530
BLUE,blue,b,C,234,2,58,b,1,0.9213621,None,58,2,234,3,330.8936016,,,,,,,,,330.8777554,330.8936016,331.3768762,331.3768762,331.3768762,332.310514,b,1,0.9213621,None,,,,,,595355,1,2025-08-26_23h16.46.933,Stroop task,,2025.1.1,60.05919434,2025-08-26 23h16.48.194506 +0530
RED,blue,b,I,235,3,58,b,1,0.5296085,None,58,3,235,1,332.3265636,,,,,,,,,332.312104,332.3265636,332.8101156,332.8101156,332.8101156,333.343398,b,1,0.5296085,None,,,,,,595355,1,2025-08-26_23h16.46.933,Stroop task,,2025.1.1,60.05919434,2025-08-26 23h16.48.194506 +0530
BLUE,blue,b,C,236,0,59,b,1,0.528714,None,59,0,236,3,333.3599509,,,,,,,,,333.3447539,333.3599509,333.8437422,333.8437422,333.8437422,334.3771838,b,1,0.528714,None,,,,,,595355,1,2025-08-26_23h16.46.933,Stroop task,,2025.1.1,60.05919434,2025-08-26 23h16.48.194506 +0530
RED,red,r,C,237,1,59,r,1,0.5080473,None,59,1,237,0,334.3934605,,,,,,,,,334.3791578,334.3934605,334.8769758,334.8769758,334.8769758,335.3940412,r,1,0.5080473,None,,,,,,595355,1,2025-08-26_23h16.46.933,Stroop task,,2025.1.1,60.05919434,2025-08-26 23h16.48.194506 +0530
BLUE,red,r,I,238,2,59,r,1,0.8318826,None,59,2,238,2,335.4104359,,,,,,,,,335.3956872,335.4104359,335.8934426,335.8934426,335.8934426,336.7277009,r,1,0.8318826,None,,,,,,595355,1,2025-08-26_23h16.46.933,Stroop task,,2025.1.1,60.05919434,2025-08-26 23h16.48.194506 +0530
RED,blue,b,I,239,3,59,b,1,0.4691278,None,59,3,239,1,336.743312,,,,,,,,,336.7293807,336.743312,337.2433865,337.2433865,337.2433865,337.727065,b,1,0.4691278,None,,,,,,595355,1,2025-08-26_23h16.46.933,Stroop task,,2025.1.1,60.05919434,2025-08-26 23h16.48.194506 +0530
BLUE,blue,b,C,240,0,60,b,1,0.463304,None,60,0,240,3,337.7434155,,,,,,,,,337.7288435,337.7434155,338.2270716,338.2270716,338.2270716,338.6935165,b,1,0.463304,None,,,,,,595355,1,2025-08-26_23h16.46.933,Stroop task,,2025.1.1,60.05919434,2025-08-26 23h16.48.194506 +0530
RED,red,r,C,241,1,60,r,1,0.6340055,None,60,1,241,0,338.7097938,,,,,,,,,338.6949955,338.7097938,339.1936615,339.1936615,339.1936615,339.8279034,r,1,0.6340055,None,,,,,,595355,1,2025-08-26_23h16.46.933,Stroop task,,2025.1.1,60.05919434,2025-08-26 23h16.48.194506 +0530
RED,blue,b,I,242,2,60,b,1,0.8340687,None,60,2,242,1,339.84371,,,,,,,,,339.8282169,339.84371,340.3436404,340.3436404,340.3436404,341.1939744,b,1,0.8340687,None,,,,,,595355,1,2025-08-26_23h16.46.933,Stroop task,,2025.1.1,60.05919434,2025-08-26 23h16.48.194506 +0530
BLUE,red,r,I,243,3,60,r,1,0.5129572,None,60,3,243,2,341.2103135,,,,,,,,,341.1954361,341.2103135,341.6931937,341.6931937,341.6931937,342.2104234,r,1,0.5129572,None,,,,,,595355,1,2025-08-26_23h16.46.933,Stroop task,,2025.1.1,60.05919434,2025-08-26 23h16.48.194506 +0530
RED,red,r,C,244,0,61,r,1,0.467328,None,61,0,244,0,342.2268667,,,,,,,,,342.2118714,342.2268667,342.7100169,342.7100169,342.7100169,343.1937405,r,1,0.467328,None,,,,,,595355,1,2025-08-26_23h16.46.933,Stroop task,,2025.1.1,60.05919434,2025-08-26 23h16.48.194506 +0530
BLUE,blue,b,C,245,1,61,b,1,0.855055,None,61,1,245,3,343.2101149,,,,,,,,,343.1953056,343.2101149,343.6933872,343.6933872,343.6933872,344.5604341,b,1,0.855055,None,,,,,,595355,1,2025-08-26_23h16.46.933,Stroop task,,2025.1.1,60.05919434,2025-08-26 23h16.48.194506 +0530
BLUE,red,r,I,246,2,61,r,1,0.7441829,None,61,2,246,2,344.5767002,,,,,,,,,344.5607015,344.5767002,345.0599432,345.0599432,345.0599432,345.8106204,r,1,0.7441829,None,,,,,,595355,1,2025-08-26_23h16.46.933,Stroop task,,2025.1.1,60.05919434,2025-08-26 23h16.48.194506 +0530
RED,blue,b,I,247,3,61,b,1,1.0391433,None,61,3,247,1,345.8269532,,,,,,,,,345.8123571,345.8269532,346.3269442,346.3269442,346.3269442,347.3772767,b,1,1.0391433,None,,,,,,595355,1,2025-08-26_23h16.46.933,Stroop task,,2025.1.1,60.05919434,2025-08-26 23h16.48.194506 +0530
BLUE,blue,b,C,248,0,62,b,1,0.6058718,None,62,0,248,3,347.3929518,,,,,,,,,347.3788136,347.3929518,347.876328,347.876328,347.876328,348.4935465,b,1,0.6058718,None,,,,,,595355,1,2025-08-26_23h16.46.933,Stroop task,,2025.1.1,60.05919434,2025-08-26 23h16.48.194506 +0530
RED,blue,b,I,249,1,62,b,1,0.5666006,None,62,1,249,1,348.5099136,,,,,,,,,348.4952161,348.5099136,348.9934626,348.9934626,348.9934626,349.5604704,b,1,0.5666006,None,,,,,,595355,1,2025-08-26_23h16.46.933,Stroop task,,2025.1.1,60.05919434,2025-08-26 23h16.48.194506 +0530
RED,red,r,C,250,2,62,r,1,0.8353999,None,62,2,250,0,349.5768595,,,,,,,,,349.5607981,349.5768595,350.059823,350.059823,350.059823,350.9105682,r,1,0.8353999,None,,,,,,595355,1,2025-08-26_23h16.46.933,Stroop task,,2025.1.1,60.05919434,2025-08-26 23h16.48.194506 +0530
BLUE,red,r,I,251,3,62,b,0,0.7428993,None,62,3,251,2,350.9268633,,,,,,,,,350.9122411,350.9268633,351.4265421,351.4265421,351.4265421,352.1766964,b,0,0.7428993,None,,,,,,595355,1,2025-08-26_23h16.46.933,Stroop task,,2025.1.1,60.05919434,2025-08-26 23h16.48.194506 +0530
RED,red,r,C,252,0,63,r,1,2.1681645,None,63,0,252,0,352.1935072,,,,,,,,,352.178037,352.1935072,352.6768194,352.6768194,352.6768194,354.8601549,r,1,2.1681645,None,,,,,,595355,1,2025-08-26_23h16.46.933,Stroop task,,2025.1.1,60.05919434,2025-08-26 23h16.48.194506 +0530
BLUE,blue,b,C,253,1,63,b,1,0.5676332,None,63,1,253,3,354.8768145,,,,,,,,,354.861818,354.8768145,355.3601414,355.3601414,355.3601414,355.9437792,b,1,0.5676332,None,,,,,,595355,1,2025-08-26_23h16.46.933,Stroop task,,2025.1.1,60.05919434,2025-08-26 23h16.48.194506 +0530
RED,blue,b,I,254,2,63,b,1,1.8663722,None,63,2,254,1,355.9601291,,,,,,,,,355.9454719,355.9601291,356.4434178,356.4434178,356.4434178,358.3101952,b,1,1.8663722,None,,,,,,595355,1,2025-08-26_23h16.46.933,Stroop task,,2025.1.1,60.05919434,2025-08-26 23h16.48.194506 +0530
BLUE,red,r,I,255,3,63,r,1,0.46772,None,63,3,255,2,358.3267451,,,,,,,,,358.3116546,358.3267451,358.8100896,358.8100896,358.8100896,359.2933059,r,1,0.46772,None,,,,,,595355,1,2025-08-26_23h16.46.933,Stroop task,,2025.1.1,60.05919434,2025-08-26 23h16.48.194506 +0530
BLUE,blue,b,C,256,0,64,b,1,0.6792966,None,64,0,256,3,359.3097126,,,,,,,,,359.2935739,359.3097126,359.7938571,359.7938571,359.7938571,360.4768755,b,1,0.6792966,None,,,,,,595355,1,2025-08-26_23h16.46.933,Stroop task,,2025.1.1,60.05919434,2025-08-26 23h16.48.194506 +0530
RED,red,r,C,257,1,64,r,1,0.629268,None,64,1,257,0,360.4930527,,,,,,,,,360.4784475,360.4930527,360.9761857,360.9761857,360.9761857,361.6103028,r,1,0.629268,None,,,,,,595355,1,2025-08-26_23h16.46.933,Stroop task,,2025.1.1,60.05919434,2025-08-26 23h16.48.194506 +0530
RED,blue,b,I,258,2,64,b,1,0.663436,None,64,2,258,1,361.6266722,,,,,,,,,361.6105677,361.6266722,362.1097517,362.1097517,362.1097517,362.776822,b,1,0.663436,None,,,,,,595355,1,2025-08-26_23h16.46.933,Stroop task,,2025.1.1,60.05919434,2025-08-26 23h16.48.194506 +0530
BLUE,red,r,I,259,3,64,r,1,0.584662,None,64,3,259,2,362.7931845,,,,,,,,,362.7784246,362.7931845,363.2764278,363.2764278,363.2764278,363.8772888,r,1,0.584662,None,,,,,,595355,1,2025-08-26_23h16.46.933,Stroop task,,2025.1.1,60.05919434,2025-08-26 23h16.48.194506 +0530
BLUE,red,r,I,260,0,65,r,1,0.4938614,None,65,0,260,2,363.89316,,,,,,,,,363.8775804,363.89316,364.3772238,364.3772238,364.3772238,364.876968,r,1,0.4938614,None,,,,,,595355,1,2025-08-26_23h16.46.933,Stroop task,,2025.1.1,60.05919434,2025-08-26 23h16.48.194506 +0530
RED,red,r,C,261,1,65,r,1,0.4123824,None,65,1,261,0,364.8932681,,,,,,,,,364.8785015,364.8932681,365.3766342,365.3766342,365.3766342,365.793305,r,1,0.4123824,None,,,,,,595355,1,2025-08-26_23h16.46.933,Stroop task,,2025.1.1,60.05919434,2025-08-26 23h16.48.194506 +0530
RED,blue,b,I,262,2,65,b,1,0.3991949,None,65,2,262,1,365.8106499,,,,,,,,,365.7935718,365.8106499,366.2930022,366.2930022,366.2930022,366.6937736,b,1,0.3991949,None,,,,,,595355,1,2025-08-26_23h16.46.933,Stroop task,,2025.1.1,60.05919434,2025-08-26 23h16.48.194506 +0530
BLUE,blue,b,C,263,3,65,b,1,0.4565019,None,65,3,263,3,366.7099542,,,,,,,,,366.6953129,366.7099542,367.193002,367.193002,367.193002,367.6599031,b,1,0.4565019,None,,,,,,595355,1,2025-08-26_23h16.46.933,Stroop task,,2025.1.1,60.05919434,2025-08-26 23h16.48.194506 +0530
BLUE,red,r,I,264,0,66,r,1,0.759148,None,66,0,264,2,367.6763561,,,,,,,,,367.6602118,367.6763561,368.1595786,368.1595786,368.1595786,368.9265981,r,1,0.759148,None,,,,,,595355,1,2025-08-26_23h16.46.933,Stroop task,,2025.1.1,60.05919434,2025-08-26 23h16.48.194506 +0530
BLUE,blue,b,C,265,1,66,b,1,0.9800975,None,66,1,265,3,368.9434913,,,,,,,,,368.9268896,368.9434913,369.4263695,369.4263695,369.4263695,370.410058,b,1,0.9800975,None,,,,,,595355,1,2025-08-26_23h16.46.933,Stroop task,,2025.1.1,60.05919434,2025-08-26 23h16.48.194506 +0530
RED,red,r,C,266,2,66,r,1,0.6551346,None,66,2,266,0,370.4267577,,,,,,,,,370.4117978,370.4267577,370.9096934,370.9096934,370.9096934,371.5768607,r,1,0.6551346,None,,,,,,595355,1,2025-08-26_23h16.46.933,Stroop task,,2025.1.1,60.05919434,2025-08-26 23h16.48.194506 +0530
RED,blue,b,I,267,3,66,b,1,0.761653,None,66,3,267,1,371.592994,,,,,,,,,371.5771404,371.592994,372.0761862,372.0761862,372.0761862,372.8435457,b,1,0.761653,None,,,,,,595355,1,2025-08-26_23h16.46.933,Stroop task,,2025.1.1,60.05919434,2025-08-26 23h16.48.194506 +0530
BLUE,blue,b,C,268,0,67,b,1,0.7997914,None,67,0,268,3,372.8598969,,,,,,,,,372.8451668,372.8598969,373.3427474,373.3427474,373.3427474,374.143242,b,1,0.7997914,None,,,,,,595355,1,2025-08-26_23h16.46.933,Stroop task,,2025.1.1,60.05919434,2025-08-26 23h16.48.194506 +0530
RED,red,r,C,269,1,67,r,1,0.5282536,None,67,1,269,0,374.1593622,,,,,,,,,374.1448017,374.1593622,374.6428919,374.6428919,374.6428919,375.1767803,r,1,0.5282536,None,,,,,,595355,1,2025-08-26_23h16.46.933,Stroop task,,2025.1.1,60.05919434,2025-08-26 23h16.48.194506 +0530
RED,blue,b,I,270,2,67,b,1,0.7694603,None,67,2,270,1,375.1928645,,,,,,,,,375.1770503,375.1928645,375.6764914,375.6764914,375.6764914,376.4607202,b,1,0.7694603,None,,,,,,595355,1,2025-08-26_23h16.46.933,Stroop task,,2025.1.1,60.05919434,2025-08-26 23h16.48.194506 +0530
BLUE,red,r,I,271,3,67,r,1,0.7485382,None,67,3,271,2,376.476185,,,,,,,,,376.4623387,376.476185,376.9768524,376.9768524,376.9768524,377.7269852,r,1,0.7485382,None,,,,,,595355,1,2025-08-26_23h16.46.933,Stroop task,,2025.1.1,60.05919434,2025-08-26 23h16.48.194506 +0530
BLUE,red,r,I,272,0,68,r,1,1.3751575,None,68,0,272,2,377.7426377,,,,,,,,,377.7272497,377.7426377,378.2258609,378.2258609,378.2258609,379.6101011,r,1,1.3751575,None,,,,,,595355,1,2025-08-26_23h16.46.933,Stroop task,,2025.1.1,60.05919434,2025-08-26 23h16.48.194506 +0530
RED,red,r,C,273,1,68,r,1,0.5466338,None,68,1,273,0,379.6261108,,,,,,,,,379.6118751,379.6261108,380.1097462,380.1097462,380.1097462,380.6596017,r,1,0.5466338,None,,,,,,595355,1,2025-08-26_23h16.46.933,Stroop task,,2025.1.1,60.05919434,2025-08-26 23h16.48.194506 +0530
RED,blue,b,I,274,2,68,b,1,0.9949874,None,68,2,274,1,380.6763608,,,,,,,,,380.6598653,380.6763608,381.1595479,381.1595479,381.1595479,382.1600126,b,1,0.9949874,None,,,,,,595355,1,2025-08-26_23h16.46.933,Stroop task,,2025.1.1,60.05919434,2025-08-26 23h16.48.194506 +0530
BLUE,blue,b,C,275,3,68,b,1,0.6321489,None,68,3,275,3,382.1761481,,,,,,,,,382.1614426,382.1761481,382.6595527,382.6595527,382.6595527,383.2925088,b,1,0.6321489,None,,,,,,595355,1,2025-08-26_23h16.46.933,Stroop task,,2025.1.1,60.05919434,2025-08-26 23h16.48.194506 +0530
BLUE,red,r,I,276,0,69,r,1,0.7980169,None,69,0,276,2,383.3093036,,,,,,,,,383.2927977,383.3093036,383.7926682,383.7926682,383.7926682,384.5927794,r,1,0.7980169,None,,,,,,595355,1,2025-08-26_23h16.46.933,Stroop task,,2025.1.1,60.05919434,2025-08-26 23h16.48.194506 +0530
BLUE,blue,b,C,277,1,69,b,1,2.0469697,None,69,1,277,3,384.6092798,,,,,,,,,384.5930483,384.6092798,385.0928914,385.0928914,385.0928914,387.1470045,b,1,2.0469697,None,,,,,,595355,1,2025-08-26_23h16.46.933,Stroop task,,2025.1.1,60.05919434,2025-08-26 23h16.48.194506 +0530
RED,blue,b,I,278,2,69,b,1,0.6657498,None,69,2,278,1,387.1593047,,,,,,,,,387.1487609,387.1593047,387.6594792,387.6594792,387.6594792,388.3268104,b,1,0.6657498,None,,,,,,595355,1,2025-08-26_23h16.46.933,Stroop task,,2025.1.1,60.05919434,2025-08-26 23h16.48.194506 +0530
RED,red,r,C,279,3,69,r,1,0.9936708,None,69,3,279,0,388.3425032,,,,,,,,,388.3270896,388.3425032,388.8256859,388.8256859,388.8256859,389.826596,r,1,0.9936708,None,,,,,,595355,1,2025-08-26_23h16.46.933,Stroop task,,2025.1.1,60.05919434,2025-08-26 23h16.48.194506 +0530
BLUE,red,r,I,280,0,70,r,1,1.4988414,None,70,0,280,2,389.8429904,,,,,,,,,389.8283557,389.8429904,390.3260264,390.3260264,390.3260264,391.8263854,r,1,1.4988414,None,,,,,,595355,1,2025-08-26_23h16.46.933,Stroop task,,2025.1.1,60.05919434,2025-08-26 23h16.48.194506 +0530
BLUE,blue,b,C,281,1,70,b,1,0.6369893,None,70,1,281,3,391.8422308,,,,,,,,,391.826652,391.8422308,392.3259562,392.3259562,392.3259562,392.9765957,b,1,0.6369893,None,,,,,,595355,1,2025-08-26_23h16.46.933,Stroop task,,2025.1.1,60.05919434,2025-08-26 23h16.48.194506 +0530
RED,blue,b,I,282,2,70,b,1,0.9488202,None,70,2,282,1,392.9928281,,,,,,,,,392.9782048,392.9928281,393.4762259,393.4762259,393.4762259,394.4266323,b,1,0.9488202,None,,,,,,595355,1,2025-08-26_23h16.46.933,Stroop task,,2025.1.1,60.05919434,2025-08-26 23h16.48.194506 +0530
RED,red,r,C,283,3,70,r,1,0.6277427,None,70,3,283,0,394.4427218,,,,,,,,,394.4269047,394.4427218,394.9257201,394.9257201,394.9257201,395.5598515,r,1,0.6277427,None,,,,,,595355,1,2025-08-26_23h16.46.933,Stroop task,,2025.1.1,60.05919434,2025-08-26 23h16.48.194506 +0530
BLUE,blue,b,C,284,0,71,b,1,0.8330581,None,71,0,284,3,395.5760937,,,,,,,,,395.5617639,395.5760937,396.0591373,396.0591373,396.0591373,396.892632,b,1,0.8330581,None,,,,,,595355,1,2025-08-26_23h16.46.933,Stroop task,,2025.1.1,60.05919434,2025-08-26 23h16.48.194506 +0530
RED,blue,b,I,285,1,71,b,1,0.7047994,None,71,1,285,1,396.9091478,,,,,,,,,396.8943002,396.9091478,397.3926155,397.3926155,397.3926155,398.1122344,b,1,0.7047994,None,,,,,,595355,1,2025-08-26_23h16.46.933,Stroop task,,2025.1.1,60.05919434,2025-08-26 23h16.48.194506 +0530
BLUE,red,r,I,286,2,71,r,1,0.6091194,None,71,2,286,2,398.1259925,,,,,,,,,398.1137773,398.1259925,398.6260923,398.6260923,398.6260923,399.2430238,r,1,0.6091194,None,,,,,,595355,1,2025-08-26_23h16.46.933,Stroop task,,2025.1.1,60.05919434,2025-08-26 23h16.48.194506 +0530
RED,red,r,C,287,3,71,r,1,0.5825826,None,71,3,287,0,399.2594487,,,,,,,,,399.244423,399.2594487,399.7424933,399.7424933,399.7424933,400.326646,r,1,0.5825826,None,,,,,,595355,1,2025-08-26_23h16.46.933,Stroop task,,2025.1.1,60.05919434,2025-08-26 23h16.48.194506 +0530
BLUE,red,r,I,288,0,72,r,1,5.9305123,None,72,0,288,2,400.3427582,,,,,,,,,400.3304623,400.3427582,400.8260411,400.8260411,400.8260411,406.7592829,r,1,5.9305123,None,405.8258377,,,,,595355,1,2025-08-26_23h16.46.933,Stroop task,,2025.1.1,60.05919434,2025-08-26 23h16.48.194506 +0530
BLUE,blue,b,C,289,1,72,b,1,0.6246749,None,72,1,289,3,406.7756627,,,,,,,,,406.7595644,406.7756627,407.2591388,407.2591388,407.2591388,407.8929486,b,1,0.6246749,None,,,,,,595355,1,2025-08-26_23h16.46.933,Stroop task,,2025.1.1,60.05919434,2025-08-26 23h16.48.194506 +0530
RED,blue,b,I,290,2,72,b,1,0.8644011,None,72,2,290,1,407.9093392,,,,,,,,,407.8944243,407.9093392,408.3926123,408.3926123,408.3926123,409.2590618,b,1,0.8644011,None,,,,,,595355,1,2025-08-26_23h16.46.933,Stroop task,,2025.1.1,60.05919434,2025-08-26 23h16.48.194506 +0530
RED,red,r,C,291,3,72,r,1,0.6786409,None,72,3,291,0,409.2755864,,,,,,,,,409.2593714,409.2755864,409.7593,409.7593,409.7593,410.4425896,r,1,0.6786409,None,,,,,,595355,1,2025-08-26_23h16.46.933,Stroop task,,2025.1.1,60.05919434,2025-08-26 23h16.48.194506 +0530
BLUE,red,r,I,292,0,73,r,1,1.1426127,None,73,0,292,2,410.4590149,,,,,,,,,410.4444418,410.4590149,410.9422793,410.9422793,410.9422793,412.0927021,r,1,1.1426127,None,,,,,,595355,1,2025-08-26_23h16.46.933,Stroop task,,2025.1.1,60.05919434,2025-08-26 23h16.48.194506 +0530
RED,red,r,C,293,1,73,r,1,0.6059887,None,73,1,293,0,412.1089878,,,,,,,,,412.0944028,412.1089878,412.5923828,412.5923828,412.5923828,413.2091934,r,1,0.6059887,None,,,,,,595355,1,2025-08-26_23h16.46.933,Stroop task,,2025.1.1,60.05919434,2025-08-26 23h16.48.194506 +0530
RED,blue,b,I,294,2,73,b,1,1.3332851,None,73,2,294,1,413.2255284,,,,,,,,,413.2094689,413.2255284,413.7087818,413.7087818,413.7087818,415.0425091,b,1,1.3332851,None,,,,,,595355,1,2025-08-26_23h16.46.933,Stroop task,,2025.1.1,60.05919434,2025-08-26 23h16.48.194506 +0530
BLUE,blue,b,C,295,3,73,b,1,1.087767,None,73,3,295,3,415.0589282,,,,,,,,,415.0440054,415.0589282,415.5425162,415.5425162,415.5425162,416.6426345,b,1,1.087767,None,,,,,,595355,1,2025-08-26_23h16.46.933,Stroop task,,2025.1.1,60.05919434,2025-08-26 23h16.48.194506 +0530
RED,red,r,C,296,0,74,r,1,0.499141,None,74,0,296,0,416.6590448,,,,,,,,,416.644134,416.6590448,417.142285,417.142285,417.142285,417.6429526,r,1,0.499141,None,,,,,,595355,1,2025-08-26_23h16.46.933,Stroop task,,2025.1.1,60.05919434,2025-08-26 23h16.48.194506 +0530
RED,blue,b,I,297,1,74,b,1,0.4012839,None,74,1,297,1,417.6599147,,,,,,,,,417.6432303,417.6599147,418.1418718,418.1418718,418.1418718,418.559336,b,1,0.4012839,None,,,,,,595355,1,2025-08-26_23h16.46.933,Stroop task,,2025.1.1,60.05919434,2025-08-26 23h16.48.194506 +0530
BLUE,red,r,I,298,2,74,r,1,0.9944761,None,74,2,298,2,418.5753263,,,,,,,,,418.5607841,418.5753263,419.0597951,419.0597951,419.0597951,420.0590773,r,1,0.9944761,None,,,,,,595355,1,2025-08-26_23h16.46.933,Stroop task,,2025.1.1,60.05919434,2025-08-26 23h16.48.194506 +0530
BLUE,blue,b,C,299,3,74,b,1,0.5397784,None,74,3,299,3,420.0754748,,,,,,,,,420.0593399,420.0754748,420.5587418,420.5587418,420.5587418,421.1092065,b,1,0.5397784,None,,,,,,595355,1,2025-08-26_23h16.46.933,Stroop task,,2025.1.1,60.05919434,2025-08-26 23h16.48.194506 +0530
RED,blue,b,I,300,0,75,b,1,0.61693,None,75,0,300,1,421.1255557,,,,,,,,,421.110895,421.1255557,421.6089517,421.6089517,421.6089517,422.2264262,b,1,0.61693,None,,,,,,595355,1,2025-08-26_23h16.46.933,Stroop task,,2025.1.1,60.05919434,2025-08-26 23h16.48.194506 +0530
BLUE,red,r,I,301,1,75,r,1,0.5122568,None,75,1,301,2,422.2419413,,,,,,,,,422.2286379,422.2419413,422.7420837,422.7420837,422.7420837,423.2590656,r,1,0.5122568,None,,,,,,595355,1,2025-08-26_23h16.46.933,Stroop task,,2025.1.1,60.05919434,2025-08-26 23h16.48.194506 +0530
BLUE,blue,b,C,302,2,75,b,1,0.6129251,None,75,2,302,3,423.2757729,,,,,,,,,423.2593291,423.2757729,423.7591052,423.7591052,423.7591052,424.3760767,b,1,0.6129251,None,,,,,,595355,1,2025-08-26_23h16.46.933,Stroop task,,2025.1.1,60.05919434,2025-08-26 23h16.48.194506 +0530
RED,red,r,C,303,3,75,r,1,0.7351697,None,75,3,303,0,424.3923884,,,,,,,,,424.3776832,424.3923884,424.8754825,424.8754825,424.8754825,425.6255109,r,1,0.7351697,None,,,,,,595355,1,2025-08-26_23h16.46.933,Stroop task,,2025.1.1,60.05919434,2025-08-26 23h16.48.194506 +0530
RED,blue,b,I,304,0,76,b,1,0.8930131,None,76,0,304,1,425.6421467,,,,,,,,,425.6257996,425.6421467,426.1252378,426.1252378,426.1252378,427.0259329,b,1,0.8930131,None,,,,,,595355,1,2025-08-26_23h16.46.933,Stroop task,,2025.1.1,60.05919434,2025-08-26 23h16.48.194506 +0530
BLUE,red,r,I,305,1,76,r,1,0.5944611,None,76,1,305,2,427.0419606,,,,,,,,,427.0274531,427.0419606,427.5251947,427.5251947,427.5251947,428.125988,r,1,0.5944611,None,,,,,,595355,1,2025-08-26_23h16.46.933,Stroop task,,2025.1.1,60.05919434,2025-08-26 23h16.48.194506 +0530
BLUE,blue,b,C,306,2,76,b,1,0.6487751,None,76,2,306,3,428.1423062,,,,,,,,,428.1262594,428.1423062,428.6252172,428.6252172,428.6252172,429.2755553,b,1,0.6487751,None,,,,,,595355,1,2025-08-26_23h16.46.933,Stroop task,,2025.1.1,60.05919434,2025-08-26 23h16.48.194506 +0530
RED,red,r,C,307,3,76,r,1,0.8127747,None,76,3,307,0,429.2922981,,,,,,,,,429.2772649,429.2922981,429.7753346,429.7753346,429.7753346,430.5921314,r,1,0.8127747,None,,,,,,595355,1,2025-08-26_23h16.46.933,Stroop task,,2025.1.1,60.05919434,2025-08-26 23h16.48.194506 +0530
RED,blue,b,I,308,0,77,b,1,0.5839108,None,77,0,308,1,430.6086924,,,,,,,,,430.5923984,430.6086924,431.091988,431.091988,431.091988,431.6763275,b,1,0.5839108,None,,,,,,595355,1,2025-08-26_23h16.46.933,Stroop task,,2025.1.1,60.05919434,2025-08-26 23h16.48.194506 +0530
RED,red,r,C,309,1,77,r,1,0.4559139,None,77,1,309,0,431.6919198,,,,,,,,,431.67661,431.6919198,432.1756214,432.1756214,432.1756214,432.6423835,r,1,0.4559139,None,,,,,,595355,1,2025-08-26_23h16.46.933,Stroop task,,2025.1.1,60.05919434,2025-08-26 23h16.48.194506 +0530
BLUE,red,r,I,310,2,77,r,1,1.1028615,None,77,2,310,2,432.6587026,,,,,,,,,432.6437904,432.6587026,433.1422606,433.1422606,433.1422606,434.2589451,r,1,1.1028615,None,,,,,,595355,1,2025-08-26_23h16.46.933,Stroop task,,2025.1.1,60.05919434,2025-08-26 23h16.48.194506 +0530
BLUE,blue,b,C,311,3,77,b,1,0.816888,None,77,3,311,3,434.2754328,,,,,,,,,434.2592133,434.2754328,434.7584914,434.7584914,434.7584914,435.5757826,b,1,0.816888,None,,,,,,595355,1,2025-08-26_23h16.46.933,Stroop task,,2025.1.1,60.05919434,2025-08-26 23h16.48.194506 +0530
RED,blue,b,I,312,0,78,b,1,0.8950069,None,78,0,312,1,435.5919536,,,,,,,,,435.5772755,435.5919536,436.0754078,436.0754078,436.0754078,436.9756447,b,1,0.8950069,None,,,,,,595355,1,2025-08-26_23h16.46.933,Stroop task,,2025.1.1,60.05919434,2025-08-26 23h16.48.194506 +0530
BLUE,blue,b,C,313,1,78,b,1,0.6756692,None,78,1,313,3,436.9918307,,,,,,,,,436.9771234,436.9918307,437.475381,437.475381,437.475381,438.1588444,b,1,0.6756692,None,,,,,,595355,1,2025-08-26_23h16.46.933,Stroop task,,2025.1.1,60.05919434,2025-08-26 23h16.48.194506 +0530
RED,red,r,C,314,2,78,r,1,0.5251363,None,78,2,314,0,438.1754184,,,,,,,,,438.1603342,438.1754184,438.6586752,438.6586752,438.6586752,439.1924995,r,1,0.5251363,None,,,,,,595355,1,2025-08-26_23h16.46.933,Stroop task,,2025.1.1,60.05919434,2025-08-26 23h16.48.194506 +0530
BLUE,red,r,I,315,3,78,b,0,0.5589807,None,78,3,315,2,439.2088958,,,,,,,,,439.1940856,439.2088958,439.6916556,439.6916556,439.6916556,440.2589787,b,0,0.5589807,None,,,,,,595355,1,2025-08-26_23h16.46.933,Stroop task,,2025.1.1,60.05919434,2025-08-26 23h16.48.194506 +0530
RED,blue,b,I,316,0,79,r,0,0.846453,None,79,0,316,1,440.275493,,,,,,,,,440.2606738,440.275493,440.7588468,440.7588468,440.7588468,441.6090298,r,0,0.846453,None,,,,,,595355,1,2025-08-26_23h16.46.933,Stroop task,,2025.1.1,60.05919434,2025-08-26 23h16.48.194506 +0530
RED,red,r,C,317,1,79,r,1,0.8613958,None,79,1,317,0,441.6255744,,,,,,,,,441.6093122,441.6255744,442.1088213,442.1088213,442.1088213,442.9755974,r,1,0.8613958,None,,,,,,595355,1,2025-08-26_23h16.46.933,Stroop task,,2025.1.1,60.05919434,2025-08-26 23h16.48.194506 +0530
BLUE,blue,b,C,318,2,79,b,1,0.6231351,None,79,2,318,3,442.9917593,,,,,,,,,442.9773066,442.9917593,443.4756584,443.4756584,443.4756584,444.1087611,b,1,0.6231351,None,,,,,,595355,1,2025-08-26_23h16.46.933,Stroop task,,2025.1.1,60.05919434,2025-08-26 23h16.48.194506 +0530
BLUE,red,r,I,319,3,79,r,1,2.401302,None,79,3,319,2,444.1250971,,,,,,,,,444.109036,444.1250971,444.6085993,444.6085993,444.6085993,447.0255797,r,1,2.401302,None,,,,,,595355,1,2025-08-26_23h16.46.933,Stroop task,,2025.1.1,60.05919434,2025-08-26 23h16.48.194506 +0530
BLUE,blue,b,C,320,0,80,b,1,0.4922913,None,80,0,320,3,447.0419298,,,,,,,,,447.0258566,447.0419298,447.5253127,447.5253127,447.5253127,448.0253246,b,1,0.4922913,None,,,,,,595355,1,2025-08-26_23h16.46.933,Stroop task,,2025.1.1,60.05919434,2025-08-26 23h16.48.194506 +0530
RED,red,r,C,321,1,80,r,1,0.6256183,None,80,1,321,0,448.041663,,,,,,,,,448.0269611,448.041663,448.5252016,448.5252016,448.5252016,449.1588589,r,1,0.6256183,None,,,,,,595355,1,2025-08-26_23h16.46.933,Stroop task,,2025.1.1,60.05919434,2025-08-26 23h16.48.194506 +0530
BLUE,red,r,I,322,2,80,r,1,0.7441018,None,80,2,322,2,449.1754138,,,,,,,,,449.1608532,449.1754138,449.6584497,449.6584497,449.6584497,450.4089972,r,1,0.7441018,None,,,,,,595355,1,2025-08-26_23h16.46.933,Stroop task,,2025.1.1,60.05919434,2025-08-26 23h16.48.194506 +0530
RED,blue,b,I,323,3,80,b,1,1.2846095,None,80,3,323,1,450.4252504,,,,,,,,,450.410522,450.4252504,450.9088202,450.9088202,450.9088202,452.2084667,b,1,1.2846095,None,,,,,,595355,1,2025-08-26_23h16.46.933,Stroop task,,2025.1.1,60.05919434,2025-08-26 23h16.48.194506 +0530
RED,red,r,C,324,0,81,r,1,0.4819509,None,81,0,324,0,452.2249695,,,,,,,,,452.2087366,452.2249695,452.7086423,452.7086423,452.7086423,453.1921064,r,1,0.4819509,None,,,,,,595355,1,2025-08-26_23h16.46.933,Stroop task,,2025.1.1,60.05919434,2025-08-26 23h16.48.194506 +0530
RED,blue,b,I,325,1,81,b,1,0.8789821,None,81,1,325,1,453.2080612,,,,,,,,,453.1923821,453.2080612,453.6915722,453.6915722,453.6915722,454.5750749,b,1,0.8789821,None,,,,,,595355,1,2025-08-26_23h16.46.933,Stroop task,,2025.1.1,60.05919434,2025-08-26 23h16.48.194506 +0530
BLUE,blue,b,C,326,2,81,b,1,0.4992614,None,81,2,326,3,454.5916922,,,,,,,,,454.5766725,454.5916922,455.0749345,455.0749345,455.0749345,455.5756895,b,1,0.4992614,None,,,,,,595355,1,2025-08-26_23h16.46.933,Stroop task,,2025.1.1,60.05919434,2025-08-26 23h16.48.194506 +0530
BLUE,red,r,I,327,3,81,r,1,0.6982483,None,81,3,327,2,455.5915098,,,,,,,,,455.576054,455.5915098,456.0752505,456.0752505,456.0752505,456.7750244,r,1,0.6982483,None,,,,,,595355,1,2025-08-26_23h16.46.933,Stroop task,,2025.1.1,60.05919434,2025-08-26 23h16.48.194506 +0530
BLUE,red,r,I,328,0,82,r,1,0.7885814,None,82,0,328,2,456.791576,,,,,,,,,456.7753084,456.791576,457.2752503,457.2752503,457.2752503,458.075526,r,1,0.7885814,None,,,,,,595355,1,2025-08-26_23h16.46.933,Stroop task,,2025.1.1,60.05919434,2025-08-26 23h16.48.194506 +0530
RED,red,r,C,329,1,82,r,1,0.5248231,None,82,1,329,0,458.0918558,,,,,,,,,458.0771126,458.0918558,458.5750145,458.5750145,458.5750145,459.1090917,r,1,0.5248231,None,,,,,,595355,1,2025-08-26_23h16.46.933,Stroop task,,2025.1.1,60.05919434,2025-08-26 23h16.48.194506 +0530
RED,blue,b,I,330,2,82,b,1,0.8052164,None,82,2,330,1,459.1256508,,,,,,,,,459.1093518,459.1256508,459.6091841,459.6091841,459.6091841,460.4252579,b,1,0.8052164,None,,,,,,595355,1,2025-08-26_23h16.46.933,Stroop task,,2025.1.1,60.05919434,2025-08-26 23h16.48.194506 +0530
BLUE,blue,b,C,331,3,82,b,1,0.5321956,None,82,3,331,3,460.441267,,,,,,,,,460.4270297,460.441267,460.9249572,460.9249572,460.9249572,461.4586595,b,1,0.5321956,None,,,,,,595355,1,2025-08-26_23h16.46.933,Stroop task,,2025.1.1,60.05919434,2025-08-26 23h16.48.194506 +0530
BLUE,red,r,I,332,0,83,r,1,0.5893951,None,83,0,332,2,461.4751788,,,,,,,,,461.4589262,461.4751788,461.9582499,461.9582499,461.9582499,462.5587623,r,1,0.5893951,None,,,,,,595355,1,2025-08-26_23h16.46.933,Stroop task,,2025.1.1,60.05919434,2025-08-26 23h16.48.194506 +0530
RED,blue,b,I,333,1,83,b,1,0.5652117,None,83,1,333,1,462.5750615,,,,,,,,,462.5603917,462.5750615,463.0582326,463.0582326,463.0582326,463.6250325,b,1,0.5652117,None,,,,,,595355,1,2025-08-26_23h16.46.933,Stroop task,,2025.1.1,60.05919434,2025-08-26 23h16.48.194506 +0530
BLUE,blue,b,C,334,2,83,b,1,0.5425639,None,83,2,334,3,463.6417641,,,,,,,,,463.6268328,463.6417641,464.1247905,464.1247905,464.1247905,464.6754697,b,1,0.5425639,None,,,,,,595355,1,2025-08-26_23h16.46.933,Stroop task,,2025.1.1,60.05919434,2025-08-26 23h16.48.194506 +0530
RED,red,r,C,335,3,83,r,1,0.5445615,None,83,3,335,0,464.6917494,,,,,,,,,464.6770639,464.6917494,465.1748561,465.1748561,465.1748561,465.725132,r,1,0.5445615,None,,,,,,595355,1,2025-08-26_23h16.46.933,Stroop task,,2025.1.1,60.05919434,2025-08-26 23h16.48.194506 +0530
BLUE,red,r,I,336,0,84,r,1,0.8092036,None,84,0,336,2,465.7413626,,,,,,,,,465.7267206,465.7413626,466.2249331,466.2249331,466.2249331,467.0420489,r,1,0.8092036,None,,,,,,595355,1,2025-08-26_23h16.46.933,Stroop task,,2025.1.1,60.05919434,2025-08-26 23h16.48.194506 +0530
RED,red,r,C,337,1,84,r,1,0.4444672,None,84,1,337,0,467.058427,,,,,,,,,467.0438067,467.058427,467.5413799,467.5413799,467.5413799,467.9916616,r,1,0.4444672,None,,,,,,595355,1,2025-08-26_23h16.46.933,Stroop task,,2025.1.1,60.05919434,2025-08-26 23h16.48.194506 +0530
RED,blue,b,I,338,2,84,b,1,0.7559185,None,84,2,338,1,468.0080605,,,,,,,,,467.9919441,468.0080605,468.4913613,468.4913613,468.4913613,469.2585019,b,1,0.7559185,None,,,,,,595355,1,2025-08-26_23h16.46.933,Stroop task,,2025.1.1,60.05919434,2025-08-26 23h16.48.194506 +0530
BLUE,blue,b,C,339,3,84,b,1,0.5140571,None,84,3,339,3,469.2750497,,,,,,,,,469.2602173,469.2750497,469.7582956,469.7582956,469.7582956,470.2750711,b,1,0.5140571,None,,,,,,595355,1,2025-08-26_23h16.46.933,Stroop task,,2025.1.1,60.05919434,2025-08-26 23h16.48.194506 +0530
BLUE,blue,b,C,340,0,85,b,1,0.5321117,None,85,0,340,3,470.2913717,,,,,,,,,470.2753359,470.2913717,470.7748108,470.7748108,470.7748108,471.3084905,b,1,0.5321117,None,,,,,,595355,1,2025-08-26_23h16.46.933,Stroop task,,2025.1.1,60.05919434,2025-08-26 23h16.48.194506 +0530
RED,red,r,C,341,1,85,r,1,0.5495405,None,85,1,341,0,471.3247268,,,,,,,,,471.3102084,471.3247268,471.8084366,471.8084366,471.8084366,472.3586439,r,1,0.5495405,None,,,,,,595355,1,2025-08-26_23h16.46.933,Stroop task,,2025.1.1,60.05919434,2025-08-26 23h16.48.194506 +0530
RED,blue,b,I,342,2,85,b,1,0.8956071,None,85,2,342,1,472.3748325,,,,,,,,,472.3589189,472.3748325,472.8579126,472.8579126,472.8579126,473.7586314,b,1,0.8956071,None,,,,,,595355,1,2025-08-26_23h16.46.933,Stroop task,,2025.1.1,60.05919434,2025-08-26 23h16.48.194506 +0530
BLUE,red,r,I,343,3,85,r,1,1.0095719,None,85,3,343,2,473.7748187,,,,,,,,,473.7601341,473.7748187,474.2585622,474.2585622,474.2585622,475.2751196,r,1,1.0095719,None,,,,,,595355,1,2025-08-26_23h16.46.933,Stroop task,,2025.1.1,60.05919434,2025-08-26 23h16.48.194506 +0530
BLUE,blue,b,C,344,0,86,b,1,0.5629404,None,86,0,344,3,475.2916821,,,,,,,,,475.2753833,475.2916821,475.7746113,475.7746113,475.7746113,476.3418781,b,1,0.5629404,None,,,,,,595355,1,2025-08-26_23h16.46.933,Stroop task,,2025.1.1,60.05919434,2025-08-26 23h16.48.194506 +0530
RED,red,r,C,345,1,86,r,1,0.546628,None,86,1,345,0,476.357703,,,,,,,,,476.3436205,476.357703,476.8412358,476.8412358,476.8412358,477.3918494,r,1,0.546628,None,,,,,,595355,1,2025-08-26_23h16.46.933,Stroop task,,2025.1.1,60.05919434,2025-08-26 23h16.48.194506 +0530
RED,blue,b,I,346,2,86,b,1,0.7431672,None,86,2,346,1,477.4082721,,,,,,,,,477.3921163,477.4082721,477.8911187,477.8911187,477.8911187,478.6418135,b,1,0.7431672,None,,,,,,595355,1,2025-08-26_23h16.46.933,Stroop task,,2025.1.1,60.05919434,2025-08-26 23h16.48.194506 +0530
BLUE,red,r,I,347,3,86,r,1,1.5988366,None,86,3,347,2,478.6579751,,,,,,,,,478.6435029,478.6579751,479.1412676,479.1412676,479.1412676,480.741625,r,1,1.5988366,None,,,,,,595355,1,2025-08-26_23h16.46.933,Stroop task,,2025.1.1,60.05919434,2025-08-26 23h16.48.194506 +0530
RED,red,r,C,348,0,87,r,1,0.5468622,None,87,0,348,0,480.7578609,,,,,,,,,480.7430549,480.7578609,481.2414852,481.2414852,481.2414852,481.7914095,r,1,0.5468622,None,,,,,,595355,1,2025-08-26_23h16.46.933,Stroop task,,2025.1.1,60.05919434,2025-08-26 23h16.48.194506 +0530
BLUE,blue,b,C,349,1,87,b,1,0.5485092,None,87,1,349,3,481.807851,,,,,,,,,481.7931476,481.807851,482.2911797,482.2911797,482.2911797,482.8412269,b,1,0.5485092,None,,,,,,595355,1,2025-08-26_23h16.46.933,Stroop task,,2025.1.1,60.05919434,2025-08-26 23h16.48.194506 +0530
RED,blue,b,I,350,2,87,b,1,0.4591343,None,87,2,350,1,482.8579228,,,,,,,,,482.8426191,482.8579228,483.3415177,483.3415177,483.3415177,483.8083259,b,1,0.4591343,None,,,,,,595355,1,2025-08-26_23h16.46.933,Stroop task,,2025.1.1,60.05919434,2025-08-26 23h16.48.194506 +0530
BLUE,red,r,I,351,3,87,r,1,0.7646502,None,87,3,351,2,483.824836,,,,,,,,,483.8099772,483.824836,484.3078795,484.3078795,484.3078795,485.0744243,r,1,0.7646502,None,,,,,,595355,1,2025-08-26_23h16.46.933,Stroop task,,2025.1.1,60.05919434,2025-08-26 23h16.48.194506 +0530
RED,red,r,C,352,0,88,r,1,0.3539806,None,88,0,352,0,485.0911149,,,,,,,,,485.0758547,485.0911149,485.5748309,485.5748309,485.5748309,485.9415419,r,1,0.3539806,None,,,,,,595355,1,2025-08-26_23h16.46.933,Stroop task,,2025.1.1,60.05919434,2025-08-26 23h16.48.194506 +0530
BLUE,red,r,I,353,1,88,r,1,0.8992388,None,88,1,353,2,485.9579503,,,,,,,,,485.943462,485.9579503,486.4409501,486.4409501,486.4409501,487.3417511,r,1,0.8992388,None,,,,,,595355,1,2025-08-26_23h16.46.933,Stroop task,,2025.1.1,60.05919434,2025-08-26 23h16.48.194506 +0530
RED,blue,b,I,354,2,88,b,1,0.6820244,None,88,2,354,1,487.3575775,,,,,,,,,487.3432638,487.3575775,487.8410862,487.8410862,487.8410862,488.524732,b,1,0.6820244,None,,,,,,595355,1,2025-08-26_23h16.46.933,Stroop task,,2025.1.1,60.05919434,2025-08-26 23h16.48.194506 +0530
BLUE,blue,b,C,355,3,88,b,1,0.6774019,None,88,3,355,3,488.5410755,,,,,,,,,488.526361,488.5410755,489.0247792,489.0247792,489.0247792,489.7084384,b,1,0.6774019,None,,,,,,595355,1,2025-08-26_23h16.46.933,Stroop task,,2025.1.1,60.05919434,2025-08-26 23h16.48.194506 +0530
BLUE,blue,b,C,356,0,89,b,1,0.4859562,None,89,0,356,3,489.7246508,,,,,,,,,489.7087091,489.7246508,490.2080727,490.2080727,490.2080727,490.708075,b,1,0.4859562,None,,,,,,595355,1,2025-08-26_23h16.46.933,Stroop task,,2025.1.1,60.05919434,2025-08-26 23h16.48.194506 +0530
RED,blue,b,I,357,1,89,r,0,0.5745698,None,89,1,357,1,490.7242627,,,,,,,,,490.709556,490.7242627,491.2078076,491.2078076,491.2078076,491.7913701,r,0,0.5745698,None,,,,,,595355,1,2025-08-26_23h16.46.933,Stroop task,,2025.1.1,60.05919434,2025-08-26 23h16.48.194506 +0530
RED,red,r,C,358,2,89,r,1,1.2791238,None,89,2,358,0,491.8073614,,,,,,,,,491.7916364,491.8073614,492.2914392,492.2914392,492.2914392,493.5746303,r,1,1.2791238,None,,,,,,595355,1,2025-08-26_23h16.46.933,Stroop task,,2025.1.1,60.05919434,2025-08-26 23h16.48.194506 +0530
BLUE,red,r,I,359,3,89,r,1,0.4332764,None,89,3,359,2,493.5910462,,,,,,,,,493.5760462,493.5910462,494.0744184,494.0744184,494.0744184,494.5081785,r,1,0.4332764,None,,,,,,595355,1,2025-08-26_23h16.46.933,Stroop task,,2025.1.1,60.05919434,2025-08-26 23h16.48.194506 +0530
BLUE,red,r,I,360,0,90,r,1,0.7391322,None,90,0,360,2,494.5246715,,,,,,,,,494.5084636,494.5246715,495.0077688,495.0077688,495.0077688,495.7587085,r,1,0.7391322,None,,,,,,595355,1,2025-08-26_23h16.46.933,Stroop task,,2025.1.1,60.05919434,2025-08-26 23h16.48.194506 +0530
RED,red,r,C,361,1,90,r,1,0.472431,None,90,1,361,0,495.7742143,,,,,,,,,495.7601744,495.7742143,496.2579583,496.2579583,496.2579583,496.7411424,r,1,0.472431,None,,,,,,595355,1,2025-08-26_23h16.46.933,Stroop task,,2025.1.1,60.05919434,2025-08-26 23h16.48.194506 +0530
RED,blue,b,I,362,2,90,b,1,0.4822525,None,90,2,362,1,496.7579588,,,,,,,,,496.7414166,496.7579588,497.2408493,497.2408493,497.2408493,497.7247036,b,1,0.4822525,None,,,,,,595355,1,2025-08-26_23h16.46.933,Stroop task,,2025.1.1,60.05919434,2025-08-26 23h16.48.194506 +0530
BLUE,blue,b,C,363,3,90,b,1,0.449193,None,90,3,363,3,497.740722,,,,,,,,,497.7264026,497.740722,498.2242708,498.2242708,498.2242708,498.6749944,b,1,0.449193,None,,,,,,595355,1,2025-08-26_23h16.46.933,Stroop task,,2025.1.1,60.05919434,2025-08-26 23h16.48.194506 +0530
RED,red,r,C,364,0,91,r,1,0.7736441,None,91,0,364,0,498.6908782,,,,,,,,,498.67646,498.6908782,499.174369,499.174369,499.174369,499.9580789,r,1,0.7736441,None,,,,,,595355,1,2025-08-26_23h16.46.933,Stroop task,,2025.1.1,60.05919434,2025-08-26 23h16.48.194506 +0530
RED,blue,b,I,365,1,91,b,1,0.9322327,None,91,1,365,1,499.9742908,,,,,,,,,499.9583759,499.9742908,500.4574932,500.4574932,500.4574932,501.3912378,b,1,0.9322327,None,,,,,,595355,1,2025-08-26_23h16.46.933,Stroop task,,2025.1.1,60.05919434,2025-08-26 23h16.48.194506 +0530
BLUE,blue,b,C,366,2,91,b,1,0.4948721,None,91,2,366,3,501.4076281,,,,,,,,,501.3933902,501.4076281,501.8911851,501.8911851,501.8911851,502.3915013,b,1,0.4948721,None,,,,,,595355,1,2025-08-26_23h16.46.933,Stroop task,,2025.1.1,60.05919434,2025-08-26 23h16.48.194506 +0530
BLUE,red,r,I,367,3,91,r,1,0.7040756,None,91,3,367,2,502.4078838,,,,,,,,,502.3917762,502.4078838,502.8908401,502.8908401,502.8908401,503.6077897,r,1,0.7040756,None,,,,,,595355,1,2025-08-26_23h16.46.933,Stroop task,,2025.1.1,60.05919434,2025-08-26 23h16.48.194506 +0530
RED,red,r,C,368,0,92,r,1,0.550782,None,92,0,368,0,503.6242899,,,,,,,,,503.6091681,503.6242899,504.1076196,504.1076196,504.1076196,504.6744846,r,1,0.550782,None,,,,,,595355,1,2025-08-26_23h16.46.933,Stroop task,,2025.1.1,60.05919434,2025-08-26 23h16.48.194506 +0530
RED,blue,b,I,369,1,92,b,1,1.0350271,None,92,1,369,1,504.6909357,,,,,,,,,504.6747615,504.6909357,505.1744927,505.1744927,505.1744927,506.2250966,b,1,1.0350271,None,,,,,,595355,1,2025-08-26_23h16.46.933,Stroop task,,2025.1.1,60.05919434,2025-08-26 23h16.48.194506 +0530
BLUE,red,r,I,370,2,92,r,1,1.7920819,None,92,2,370,2,506.2408328,,,,,,,,,506.227132,506.2408328,506.7244467,506.7244467,506.7244467,508.5243266,r,1,1.7920819,None,,,,,,595355,1,2025-08-26_23h16.46.933,Stroop task,,2025.1.1,60.05919434,2025-08-26 23h16.48.194506 +0530
BLUE,blue,b,C,371,3,92,b,1,1.9574294,None,92,3,371,3,508.5407814,,,,,,,,,508.5246026,508.5407814,509.0240947,509.0240947,509.0240947,510.9911482,b,1,1.9574294,None,,,,,,595355,1,2025-08-26_23h16.46.933,Stroop task,,2025.1.1,60.05919434,2025-08-26 23h16.48.194506 +0530
RED,blue,b,I,372,0,93,r,0,0.738608,None,93,0,372,1,511.0076251,,,,,,,,,510.9926222,511.0076251,511.4907414,511.4907414,511.4907414,512.241395,r,0,0.738608,None,,,,,,595355,1,2025-08-26_23h16.46.933,Stroop task,,2025.1.1,60.05919434,2025-08-26 23h16.48.194506 +0530
BLUE,red,r,I,373,1,93,r,1,1.1389665,None,93,1,373,2,512.2577366,,,,,,,,,512.2431485,512.2577366,512.7573378,512.7573378,512.7573378,513.9075309,r,1,1.1389665,None,,,,,,595355,1,2025-08-26_23h16.46.933,Stroop task,,2025.1.1,60.05919434,2025-08-26 23h16.48.194506 +0530
BLUE,blue,b,C,374,2,93,b,1,0.7959078,None,93,2,374,3,513.9240012,,,,,,,,,513.9078066,513.9240012,514.4074276,514.4074276,514.4074276,515.2080863,b,1,0.7959078,None,,,,,,595355,1,2025-08-26_23h16.46.933,Stroop task,,2025.1.1,60.05919434,2025-08-26 23h16.48.194506 +0530
RED,red,r,C,375,3,93,r,1,0.7319333,None,93,3,375,0,515.2237231,,,,,,,,,515.2095611,515.2237231,515.7081043,515.7081043,515.7081043,516.4411039,r,1,0.7319333,None,,,,,,595355,1,2025-08-26_23h16.46.933,Stroop task,,2025.1.1,60.05919434,2025-08-26 23h16.48.194506 +0530
RED,red,r,C,376,0,94,r,1,0.5221196,None,94,0,376,0,516.45722,,,,,,,,,516.4414105,516.45722,516.9409651,516.9409651,516.9409651,517.4746799,r,1,0.5221196,None,,,,,,595355,1,2025-08-26_23h16.46.933,Stroop task,,2025.1.1,60.05919434,2025-08-26 23h16.48.194506 +0530
BLUE,blue,b,C,377,1,94,b,1,1.4735338,None,94,1,377,3,517.4906201,,,,,,,,,517.4764861,517.4906201,517.9740924,517.9740924,517.9740924,519.4577863,b,1,1.4735338,None,,,,,,595355,1,2025-08-26_23h16.46.933,Stroop task,,2025.1.1,60.05919434,2025-08-26 23h16.48.194506 +0530
RED,blue,b,I,378,2,94,r,0,0.7794042,None,94,2,378,1,519.4743018,,,,,,,,,519.4592804,519.4743018,519.9576022,519.9576022,519.9576022,520.7409192,r,0,0.7794042,None,,,,,,595355,1,2025-08-26_23h16.46.933,Stroop task,,2025.1.1,60.05919434,2025-08-26 23h16.48.194506 +0530
BLUE,red,r,I,379,3,94,r,1,5.6668185,None,94,3,379,2,520.7571464,,,,,,,,,520.7439693,520.7571464,521.2406432,521.2406432,521.2406432,526.9078753,r,1,5.6668185,None,526.2407991,,,,,595355,1,2025-08-26_23h16.46.933,Stroop task,,2025.1.1,60.05919434,2025-08-26 23h16.48.194506 +0530
BLUE,red,r,I,380,0,95,r,1,0.8657431,None,95,0,380,2,526.923874,,,,,,,,,526.9087256,526.923874,527.4075053,527.4075053,527.4075053,528.2748329,r,1,0.8657431,None,,,,,,595355,1,2025-08-26_23h16.46.933,Stroop task,,2025.1.1,60.05919434,2025-08-26 23h16.48.194506 +0530
RED,red,r,C,381,1,95,r,1,0.7787722,None,95,1,381,0,528.2900504,,,,,,,,,528.2763361,528.2900504,528.7737936,528.7737936,528.7737936,529.5573483,r,1,0.7787722,None,,,,,,595355,1,2025-08-26_23h16.46.933,Stroop task,,2025.1.1,60.05919434,2025-08-26 23h16.48.194506 +0530
RED,blue,b,I,382,2,95,b,1,1.092439,None,95,2,382,1,529.5745375,,,,,,,,,529.5576754,529.5745375,530.0571259,530.0571259,530.0571259,531.1577527,b,1,1.092439,None,,,,,,595355,1,2025-08-26_23h16.46.933,Stroop task,,2025.1.1,60.05919434,2025-08-26 23h16.48.194506 +0530
BLUE,blue,b,C,383,3,95,b,1,0.6616468,None,95,3,383,3,531.1742216,,,,,,,,,531.1596126,531.1742216,531.656999,531.656999,531.656999,532.3248218,b,1,0.6616468,None,,,,,,595355,1,2025-08-26_23h16.46.933,Stroop task,,2025.1.1,60.05919434,2025-08-26 23h16.48.194506 +0530
BLUE,red,r,I,384,0,96,r,1,0.5617267,None,96,0,384,2,532.3408166,,,,,,,,,532.3251016,532.3408166,532.8241149,532.8241149,532.8241149,533.3907764,r,1,0.5617267,None,,,,,,595355,1,2025-08-26_23h16.46.933,Stroop task,,2025.1.1,60.05919434,2025-08-26 23h16.48.194506 +0530
RED,red,r,C,385,1,96,r,1,0.5950485,None,96,1,385,0,533.4071439,,,,,,,,,533.3922691,533.4071439,533.8901681,533.8901681,533.8901681,534.4906308,r,1,0.5950485,None,,,,,,595355,1,2025-08-26_23h16.46.933,Stroop task,,2025.1.1,60.05919434,2025-08-26 23h16.48.194506 +0530
BLUE,blue,b,C,386,2,96,b,1,1.4608847,None,96,2,386,3,534.5070152,,,,,,,,,534.4919822,534.5070152,534.9902329,534.9902329,534.9902329,536.4574787,b,1,1.4608847,None,,,,,,595355,1,2025-08-26_23h16.46.933,Stroop task,,2025.1.1,60.05919434,2025-08-26 23h16.48.194506 +0530
RED,blue,b,I,387,3,96,b,1,0.6852763,None,96,3,387,1,536.4742136,,,,,,,,,536.4597637,536.4742136,536.9570017,536.9570017,536.9570017,537.6573308,b,1,0.6852763,None,,,,,,595355,1,2025-08-26_23h16.46.933,Stroop task,,2025.1.1,60.05919434,2025-08-26 23h16.48.194506 +0530
BLUE,blue,b,C,388,0,97,b,1,0.5540932,None,97,0,388,3,537.673633,,,,,,,,,537.6591322,537.673633,538.1574113,538.1574113,538.1574113,538.7243932,b,1,0.5540932,None,,,,,,595355,1,2025-08-26_23h16.46.933,Stroop task,,2025.1.1,60.05919434,2025-08-26 23h16.48.194506 +0530
BLUE,red,r,I,389,1,97,r,1,0.6711707,None,97,1,389,2,538.7406114,,,,,,,,,538.7246609,538.7406114,539.2237522,539.2237522,539.2237522,539.9073664,r,1,0.6711707,None,,,,,,595355,1,2025-08-26_23h16.46.933,Stroop task,,2025.1.1,60.05919434,2025-08-26 23h16.48.194506 +0530
RED,red,r,C,390,2,97,r,1,0.7325363,None,97,2,390,0,539.9232875,,,,,,,,,539.9089475,539.9232875,540.4068945,540.4068945,540.4068945,541.1410058,r,1,0.7325363,None,,,,,,595355,1,2025-08-26_23h16.46.933,Stroop task,,2025.1.1,60.05919434,2025-08-26 23h16.48.194506 +0530
RED,blue,b,I,391,3,97,b,1,0.7066533,None,97,3,391,1,541.1573684,,,,,,,,,541.1412843,541.1573684,541.6398704,541.6398704,541.6398704,542.3575218,b,1,0.7066533,None,,,,,,595355,1,2025-08-26_23h16.46.933,Stroop task,,2025.1.1,60.05919434,2025-08-26 23h16.48.194506 +0530
BLUE,blue,b,C,392,0,98,b,1,0.7197431,None,98,0,392,3,542.3736964,,,,,,,,,542.3592662,542.3736964,542.8569787,542.8569787,542.8569787,543.5908923,b,1,0.7197431,None,,,,,,595355,1,2025-08-26_23h16.46.933,Stroop task,,2025.1.1,60.05919434,2025-08-26 23h16.48.194506 +0530
RED,blue,b,I,393,1,98,b,1,0.6707814,None,98,1,393,1,543.6074352,,,,,,,,,543.5924661,543.6074352,544.0905439,544.0905439,544.0905439,544.7741313,b,1,0.6707814,None,,,,,,595355,1,2025-08-26_23h16.46.933,Stroop task,,2025.1.1,60.05919434,2025-08-26 23h16.48.194506 +0530
BLUE,red,r,I,394,2,98,r,1,0.5394968,None,98,2,394,2,544.7906024,,,,,,,,,544.7755321,544.7906024,545.2738993,545.2738993,545.2738993,545.8238271,r,1,0.5394968,None,,,,,,595355,1,2025-08-26_23h16.46.933,Stroop task,,2025.1.1,60.05919434,2025-08-26 23h16.48.194506 +0530
RED,red,r,C,395,3,98,r,1,0.4972202,None,98,3,395,0,545.8402106,,,,,,,,,545.8254148,545.8402106,546.3235153,546.3235153,546.3235153,546.8247782,r,1,0.4972202,None,,,,,,595355,1,2025-08-26_23h16.46.933,Stroop task,,2025.1.1,60.05919434,2025-08-26 23h16.48.194506 +0530
RED,blue,b,I,396,0,99,b,1,0.7469138,None,99,0,396,1,546.8400793,,,,,,,,,546.8250555,546.8400793,547.3408474,547.3408474,547.3408474,548.0904101,b,1,0.7469138,None,,,,,,595355,1,2025-08-26_23h16.46.933,Stroop task,,2025.1.1,60.05919434,2025-08-26 23h16.48.194506 +0530
BLUE,blue,b,C,397,1,99,b,1,0.5642718,None,99,1,397,3,548.1068816,,,,,,,,,548.0918218,548.1068816,548.5901881,548.5901881,548.5901881,549.1573556,b,1,0.5642718,None,,,,,,595355,1,2025-08-26_23h16.46.933,Stroop task,,2025.1.1,60.05919434,2025-08-26 23h16.48.194506 +0530
BLUE,red,r,I,398,2,99,r,1,0.8565225,None,99,2,398,2,549.1735214,,,,,,,,,549.1576346,549.1735214,549.6573039,549.6573039,549.6573039,550.5241703,r,1,0.8565225,None,,,,,,595355,1,2025-08-26_23h16.46.933,Stroop task,,2025.1.1,60.05919434,2025-08-26 23h16.48.194506 +0530
RED,red,r,C,399,3,99,r,1,0.4444939,None,99,3,399,0,550.5404153,,,,,,,,,550.525927,550.5404153,551.0238342,551.0238342,551.0238342,551.4741661,r,1,0.4444939,None,,,,,,595355,1,2025-08-26_23h16.46.933,Stroop task,,2025.1.1,60.05919434,2025-08-26 23h16.48.194506 +0530
,,,,,,,,,,,,,,,,,,,,,,,,,,,,,,,,,,,551.4742331,551.4902301,552.4901267,552.4738988,595355,1,2025-08-26_23h16.46.933,Stroop task,,2025.1.1,60.05919434,2025-08-26 23h16.48.194506 +0530
,,,,,,,,,,,,,,,,,,,,,,,,,,,,,,,,,,,,,,,,,,,,,,
,,,,,,,,,,,,,,,,,,,,,,,,,,,,,,,,,,,,,,,,,,,,,,
,,,,,,,,,,,,,,,,,,,,,,,,,,,,,,,,,,,,,,,,,,,,,,
Raw Data:-,,,,,Congruent,Incongruent,,,,,,,,,,,,,,,,,,,,,,,,,,,,,,,,,,,,,,,,
C RTS,I RTs,,,Mean,744.676257,966.4050222,,,,,,,,,,,,,,,,,,,,,,,,,,,,,,,,,,,,,,,,
0.5983771,0.9004059,,,Std deviation,439.1008809,628.1692175,,,,,,,,,,,,,,,,,,,,,,,,,,,,,,,,,,,,,,,,
0.6184703,0.9959292,,,Std error,43.91008809,62.81692175,,,,,,,,,,,,,,,,,,,,,,,,,,,,,,,,,,,,,,,,
0.4436937,0.7036633,,,,,,,,,,,,,,,,,,,,,,,,,,,,,,,,,,,,,,,,,,,,,
0.5136143,0.8460299,,,t-test,1.35E-04,,,,,,,,,,,,,,,,,,,,,,,,,,,,,,,,,,,,,,,,,
0.5350925,0.9049449,,,,,,,,,,,,,,,,,,,,,,,,,,,,,,,,,,,,,,,,,,,,,
1.060133,0.8723033,,,,,,,,,,,,,,,,,,,,,,,,,,,,,,,,,,,,,,,,,,,,,
0.9833646,1.2986743,,,,,,,,,,,,,,,,,,,,,,,,,,,,,,,,,,,,,,,,,,,,,
0.7549624,0.8262369,,,,,,,,,,,,,,,,,,,,,,,,,,,,,,,,,,,,,,,,,,,,,
0.7122083,0.7972276,,,,,,,,,,,,,,,,,,,,,,,,,,,,,,,,,,,,,,,,,,,,,
0.724676,1.1075675,,,,,,,,,,,,,,,,,,,,,,,,,,,,,,,,,,,,,,,,,,,,,
0.6740017,1.0782073,,,,,,,,,,,,,,,,,,,,,,,,,,,,,,,,,,,,,,,,,,,,,
0.9460514,1.6816711,,,,,,,,,,,,,,,,,,,,,,,,,,,,,,,,,,,,,,,,,,,,,
0.6170114,1.927122,,,,,,,,,,,,,,,,,,,,,,,,,,,,,,,,,,,,,,,,,,,,,
0.8423625,0.9041592,,,,,,,,,,,,,,,,,,,,,,,,,,,,,,,,,,,,,,,,,,,,,
1.2950319,1.5253085,,,,,,,,,,,,,,,,,,,,,,,,,,,,,,,,,,,,,,,,,,,,,
1.4343042,0.8974159,,,,,,,,,,,,,,,,,,,,,,,,,,,,,,,,,,,,,,,,,,,,,
0.6398397,0.9259326,,,,,,,,,,,,,,,,,,,,,,,,,,,,,,,,,,,,,,,,,,,,,
0.613369,1.1069816,,,,,,,,,,,,,,,,,,,,,,,,,,,,,,,,,,,,,,,,,,,,,
1.2870489,1.5266115,,,,,,,,,,,,,,,,,,,,,,,,,,,,,,,,,,,,,,,,,,,,,
0.5645814,0.8283807,,,,,,,,,,,,,,,,,,,,,,,,,,,,,,,,,,,,,,,,,,,,,
0.7539812,1.4519676,,,,,,,,,,,,,,,,,,,,,,,,,,,,,,,,,,,,,,,,,,,,,
0.5031602,1.2247854,,,,,,,,,,,,,,,,,,,,,,,,,,,,,,,,,,,,,,,,,,,,,
0.5582786,1.0485013,,,,,,,,,,,,,,,,,,,,,,,,,,,,,,,,,,,,,,,,,,,,,
0.7311509,2.6265263,,,,,,,,,,,,,,,,,,,,,,,,,,,,,,,,,,,,,,,,,,,,,
0.6616176,1.5074943,,,,,,,,,,,,,,,,,,,,,,,,,,,,,,,,,,,,,,,,,,,,,
0.7170064,0.877445,,,,,,,,,,,,,,,,,,,,,,,,,,,,,,,,,,,,,,,,,,,,,
2.5424502,0.8778287,,,,,,,,,,,,,,,,,,,,,,,,,,,,,,,,,,,,,,,,,,,,,
1.383366,0.833894,,,,,,,,,,,,,,,,,,,,,,,,,,,,,,,,,,,,,,,,,,,,,
0.839657,2.0232619,,,,,,,,,,,,,,,,,,,,,,,,,,,,,,,,,,,,,,,,,,,,,
1.8513051,0.7241401,,,,,,,,,,,,,,,,,,,,,,,,,,,,,,,,,,,,,,,,,,,,,
0.5166466,1.6653564,,,,,,,,,,,,,,,,,,,,,,,,,,,,,,,,,,,,,,,,,,,,,
0.7633285,0.5801374,,,,,,,,,,,,,,,,,,,,,,,,,,,,,,,,,,,,,,,,,,,,,
0.605202,1.0600941,,,,,,,,,,,,,,,,,,,,,,,,,,,,,,,,,,,,,,,,,,,,,
0.5161068,1.006145,,,,,,,,,,,,,,,,,,,,,,,,,,,,,,,,,,,,,,,,,,,,,
0.9759619,0.8876314,,,,,,,,,,,,,,,,,,,,,,,,,,,,,,,,,,,,,,,,,,,,,
0.8767165,0.8988471,,,,,,,,,,,,,,,,,,,,,,,,,,,,,,,,,,,,,,,,,,,,,
0.6327944,1.3320051,,,,,,,,,,,,,,,,,,,,,,,,,,,,,,,,,,,,,,,,,,,,,
0.6264773,0.5664438,,,,,,,,,,,,,,,,,,,,,,,,,,,,,,,,,,,,,,,,,,,,,
0.8247744,0.8117432,,,,,,,,,,,,,,,,,,,,,,,,,,,,,,,,,,,,,,,,,,,,,
0.8118106,0.5835684,,,,,,,,,,,,,,,,,,,,,,,,,,,,,,,,,,,,,,,,,,,,,
0.758379,0.6903382,,,,,,,,,,,,,,,,,,,,,,,,,,,,,,,,,,,,,,,,,,,,,
0.7456671,0.6977299,,,,,,,,,,,,,,,,,,,,,,,,,,,,,,,,,,,,,,,,,,,,,
0.7845326,1.334863,,,,,,,,,,,,,,,,,,,,,,,,,,,,,,,,,,,,,,,,,,,,,
0.8631113,0.9000956,,,,,,,,,,,,,,,,,,,,,,,,,,,,,,,,,,,,,,,,,,,,,
1.0655107,0.8458866,,,,,,,,,,,,,,,,,,,,,,,,,,,,,,,,,,,,,,,,,,,,,
0.5279944,1.2168453,,,,,,,,,,,,,,,,,,,,,,,,,,,,,,,,,,,,,,,,,,,,,
0.5627632,1.417524,,,,,,,,,,,,,,,,,,,,,,,,,,,,,,,,,,,,,,,,,,,,,
0.4581066,1.0384698,,,,,,,,,,,,,,,,,,,,,,,,,,,,,,,,,,,,,,,,,,,,,
0.5961913,1.4181622,,,,,,,,,,,,,,,,,,,,,,,,,,,,,,,,,,,,,,,,,,,,,
0.5886712,1.5466779,,,,,,,,,,,,,,,,,,,,,,,,,,,,,,,,,,,,,,,,,,,,,
0.5859328,1.6822176,,,,,,,,,,,,,,,,,,,,,,,,,,,,,,,,,,,,,,,,,,,,,
0.5256886,0.7154339,,,,,,,,,,,,,,,,,,,,,,,,,,,,,,,,,,,,,,,,,,,,,
0.9384005,0.8589975,,,,,,,,,,,,,,,,,,,,,,,,,,,,,,,,,,,,,,,,,,,,,
0.5766087,0.5295085,,,,,,,,,,,,,,,,,,,,,,,,,,,,,,,,,,,,,,,,,,,,,
0.6195637,1.0201291,,,,,,,,,,,,,,,,,,,,,,,,,,,,,,,,,,,,,,,,,,,,,
0.5492681,0.7265435,,,,,,,,,,,,,,,,,,,,,,,,,,,,,,,,,,,,,,,,,,,,,
0.4883203,1.3828813,,,,,,,,,,,,,,,,,,,,,,,,,,,,,,,,,,,,,,,,,,,,,
0.5803499,0.7511306,,,,,,,,,,,,,,,,,,,,,,,,,,,,,,,,,,,,,,,,,,,,,
0.5921384,0.5277837,,,,,,,,,,,,,,,,,,,,,,,,,,,,,,,,,,,,,,,,,,,,,
0.5108801,1.1149994,,,,,,,,,,,,,,,,,,,,,,,,,,,,,,,,,,,,,,,,,,,,,
0.683064,1.1975358,,,,,,,,,,,,,,,,,,,,,,,,,,,,,,,,,,,,,,,,,,,,,
0.6739872,0.6603658,,,,,,,,,,,,,,,,,,,,,,,,,,,,,,,,,,,,,,,,,,,,,
0.8805662,0.8449267,,,,,,,,,,,,,,,,,,,,,,,,,,,,,,,,,,,,,,,,,,,,,
0.7160401,1.0510623,,,,,,,,,,,,,,,,,,,,,,,,,,,,,,,,,,,,,,,,,,,,,
0.4756558,0.6637052,,,,,,,,,,,,,,,,,,,,,,,,,,,,,,,,,,,,,,,,,,,,,
0.6336154,0.7504896,,,,,,,,,,,,,,,,,,,,,,,,,,,,,,,,,,,,,,,,,,,,,
0.5976662,0.6894901,,,,,,,,,,,,,,,,,,,,,,,,,,,,,,,,,,,,,,,,,,,,,
0.4656265,0.7883648,,,,,,,,,,,,,,,,,,,,,,,,,,,,,,,,,,,,,,,,,,,,,
3.0307336,0.7174891,,,,,,,,,,,,,,,,,,,,,,,,,,,,,,,,,,,,,,,,,,,,,
0.7563293,0.7943127,,,,,,,,,,,,,,,,,,,,,,,,,,,,,,,,,,,,,,,,,,,,,
0.5586414,1.0881826,,,,,,,,,,,,,,,,,,,,,,,,,,,,,,,,,,,,,,,,,,,,,
0.5852532,2.4215863,,,,,,,,,,,,,,,,,,,,,,,,,,,,,,,,,,,,,,,,,,,,,
0.7110323,0.540877,,,,,,,,,,,,,,,,,,,,,,,,,,,,,,,,,,,,,,,,,,,,,
0.4942038,0.6996432,,,,,,,,,,,,,,,,,,,,,,,,,,,,,,,,,,,,,,,,,,,,,
0.5618566,0.814941,,,,,,,,,,,,,,,,,,,,,,,,,,,,,,,,,,,,,,,,,,,,,
0.5789695,2.2891596,,,,,,,,,,,,,,,,,,,,,,,,,,,,,,,,,,,,,,,,,,,,,
1.8316994,1.5128881,,,,,,,,,,,,,,,,,,,,,,,,,,,,,,,,,,,,,,,,,,,,,
4.2912249,1.2821131,,,,,,,,,,,,,,,,,,,,,,,,,,,,,,,,,,,,,,,,,,,,,
0.6169063,0.9820724,,,,,,,,,,,,,,,,,,,,,,,,,,,,,,,,,,,,,,,,,,,,,
0.6581214,0.6780455,,,,,,,,,,,,,,,,,,,,,,,,,,,,,,,,,,,,,,,,,,,,,
0.6854078,0.6796403,,,,,,,,,,,,,,,,,,,,,,,,,,,,,,,,,,,,,,,,,,,,,
0.5448329,0.793009,,,,,,,,,,,,,,,,,,,,,,,,,,,,,,,,,,,,,,,,,,,,,
0.5310967,0.8324151,,,,,,,,,,,,,,,,,,,,,,,,,,,,,,,,,,,,,,,,,,,,,
0.4733681,0.6640109,,,,,,,,,,,,,,,,,,,,,,,,,,,,,,,,,,,,,,,,,,,,,
0.6276392,0.5234381,,,,,,,,,,,,,,,,,,,,,,,,,,,,,,,,,,,,,,,,,,,,,
0.5420326,0.8993022,,,,,,,,,,,,,,,,,,,,,,,,,,,,,,,,,,,,,,,,,,,,,
0.5053862,0.4963816,,,,,,,,,,,,,,,,,,,,,,,,,,,,,,,,,,,,,,,,,,,,,
0.6240069,1.0824987,,,,,,,,,,,,,,,,,,,,,,,,,,,,,,,,,,,,,,,,,,,,,
0.5804193,0.7245015,,,,,,,,,,,,,,,,,,,,,,,,,,,,,,,,,,,,,,,,,,,,,
0.4848472,0.6457814,,,,,,,,,,,,,,,,,,,,,,,,,,,,,,,,,,,,,,,,,,,,,
1.297597,0.7452593,,,,,,,,,,,,,,,,,,,,,,,,,,,,,,,,,,,,,,,,,,,,,
0.5752257,0.9423109,,,,,,,,,,,,,,,,,,,,,,,,,,,,,,,,,,,,,,,,,,,,,
0.6743353,1.3907461,,,,,,,,,,,,,,,,,,,,,,,,,,,,,,,,,,,,,,,,,,,,,
0.5146007,0.7454781,,,,,,,,,,,,,,,,,,,,,,,,,,,,,,,,,,,,,,,,,,,,,
0.650545,0.5565444,,,,,,,,,,,,,,,,,,,,,,,,,,,,,,,,,,,,,,,,,,,,,
0.5125087,1.1381531,,,,,,,,,,,,,,,,,,,,,,,,,,,,,,,,,,,,,,,,,,,,,
0.5708213,0.9373631,,,,,,,,,,,,,,,,,,,,,,,,,,,,,,,,,,,,,,,,,,,,,
0.6975153,0.723055,,,,,,,,,,,,,,,,,,,,,,,,,,,,,,,,,,,,,,,,,,,,,
0.8488651,0.8400843,,,,,,,,,,,,,,,,,,,,,,,,,,,,,,,,,,,,,,,,,,,,,
0.5232354,0.5667762,,,,,,,,,,,,,,,,,,,,,,,,,,,,,,,,,,,,,,,,,,,,,
0.6991429,0.5665315,,,,,,,,,,,,,,,,,,,,,,,,,,,,,,,,,,,,,,,,,,,,,
0.5498111,0.6624696,,,,,,,,,,,,,,,,,,,,,,,,,,,,,,,,,,,,,,,,,,,,,
0.7874888,0.6897691,,,,,,,,,,,,,,,,,,,,,,,,,,,,,,,,,,,,,,,,,,,,,
0.6925751,0.6286133,,,,,,,,,,,,,,,,,,,,,,,,,,,,,,,,,,,,,,,,,,,,,
0.6216003,0.4597338,,,,,,,,,,,,,,,,,,,,,,,,,,,,,,,,,,,,,,,,,,,,,
0.4923108,0.8095855,,,,,,,,,,,,,,,,,,,,,,,,,,,,,,,,,,,,,,,,,,,,,
0.9165647,0.4439176,,,,,,,,,,,,,,,,,,,,,,,,,,,,,,,,,,,,,,,,,,,,,
0.6780571,0.6068048,,,,,,,,,,,,,,,,,,,,,,,,,,,,,,,,,,,,,,,,,,,,,
0.5611582,0.7900581,,,,,,,,,,,,,,,,,,,,,,,,,,,,,,,,,,,,,,,,,,,,,
0.6562459,0.7450731,,,,,,,,,,,,,,,,,,,,,,,,,,,,,,,,,,,,,,,,,,,,,
0.6627394,1.3856923,,,,,,,,,,,,,,,,,,,,,,,,,,,,,,,,,,,,,,,,,,,,,
0.5989424,0.755874,,,,,,,,,,,,,,,,,,,,,,,,,,,,,,,,,,,,,,,,,,,,,
0.5160635,0.4963161,,,,,,,,,,,,,,,,,,,,,,,,,,,,,,,,,,,,,,,,,,,,,
1.504494,0.9320464,,,,,,,,,,,,,,,,,,,,,,,,,,,,,,,,,,,,,,,,,,,,,
0.6227115,0.7327598,,,,,,,,,,,,,,,,,,,,,,,,,,,,,,,,,,,,,,,,,,,,,
1.2136262,0.7684623,,,,,,,,,,,,,,,,,,,,,,,,,,,,,,,,,,,,,,,,,,,,,
0.5135924,0.7603506,,,,,,,,,,,,,,,,,,,,,,,,,,,,,,,,,,,,,,,,,,,,,
0.9213621,0.5296085,,,,,,,,,,,,,,,,,,,,,,,,,,,,,,,,,,,,,,,,,,,,,
0.528714,0.8318826,,,,,,,,,,,,,,,,,,,,,,,,,,,,,,,,,,,,,,,,,,,,,
0.5080473,0.4691278,,,,,,,,,,,,,,,,,,,,,,,,,,,,,,,,,,,,,,,,,,,,,
0.463304,0.8340687,,,,,,,,,,,,,,,,,,,,,,,,,,,,,,,,,,,,,,,,,,,,,
0.6340055,0.5129572,,,,,,,,,,,,,,,,,,,,,,,,,,,,,,,,,,,,,,,,,,,,,
0.467328,0.7441829,,,,,,,,,,,,,,,,,,,,,,,,,,,,,,,,,,,,,,,,,,,,,
0.855055,1.0391433,,,,,,,,,,,,,,,,,,,,,,,,,,,,,,,,,,,,,,,,,,,,,
0.6058718,0.5666006,,,,,,,,,,,,,,,,,,,,,,,,,,,,,,,,,,,,,,,,,,,,,
0.8353999,1.8663722,,,,,,,,,,,,,,,,,,,,,,,,,,,,,,,,,,,,,,,,,,,,,
2.1681645,0.46772,,,,,,,,,,,,,,,,,,,,,,,,,,,,,,,,,,,,,,,,,,,,,
0.5676332,0.663436,,,,,,,,,,,,,,,,,,,,,,,,,,,,,,,,,,,,,,,,,,,,,
0.6792966,0.584662,,,,,,,,,,,,,,,,,,,,,,,,,,,,,,,,,,,,,,,,,,,,,
0.629268,0.4938614,,,,,,,,,,,,,,,,,,,,,,,,,,,,,,,,,,,,,,,,,,,,,
0.4123824,0.3991949,,,,,,,,,,,,,,,,,,,,,,,,,,,,,,,,,,,,,,,,,,,,,
0.4565019,0.759148,,,,,,,,,,,,,,,,,,,,,,,,,,,,,,,,,,,,,,,,,,,,,
0.9800975,0.761653,,,,,,,,,,,,,,,,,,,,,,,,,,,,,,,,,,,,,,,,,,,,,
0.6551346,0.7694603,,,,,,,,,,,,,,,,,,,,,,,,,,,,,,,,,,,,,,,,,,,,,
0.7997914,0.7485382,,,,,,,,,,,,,,,,,,,,,,,,,,,,,,,,,,,,,,,,,,,,,
0.5282536,1.3751575,,,,,,,,,,,,,,,,,,,,,,,,,,,,,,,,,,,,,,,,,,,,,
0.5466338,0.9949874,,,,,,,,,,,,,,,,,,,,,,,,,,,,,,,,,,,,,,,,,,,,,
0.6321489,0.7980169,,,,,,,,,,,,,,,,,,,,,,,,,,,,,,,,,,,,,,,,,,,,,
2.0469697,0.6657498,,,,,,,,,,,,,,,,,,,,,,,,,,,,,,,,,,,,,,,,,,,,,
0.9936708,1.4988414,,,,,,,,,,,,,,,,,,,,,,,,,,,,,,,,,,,,,,,,,,,,,
0.6369893,0.9488202,,,,,,,,,,,,,,,,,,,,,,,,,,,,,,,,,,,,,,,,,,,,,
0.6277427,0.7047994,,,,,,,,,,,,,,,,,,,,,,,,,,,,,,,,,,,,,,,,,,,,,
0.8330581,0.6091194,,,,,,,,,,,,,,,,,,,,,,,,,,,,,,,,,,,,,,,,,,,,,
0.5825826,5.9305123,,,,,,,,,,,,,,,,,,,,,,,,,,,,,,,,,,,,,,,,,,,,,
0.6246749,0.8644011,,,,,,,,,,,,,,,,,,,,,,,,,,,,,,,,,,,,,,,,,,,,,
0.6786409,1.1426127,,,,,,,,,,,,,,,,,,,,,,,,,,,,,,,,,,,,,,,,,,,,,
0.6059887,1.3332851,,,,,,,,,,,,,,,,,,,,,,,,,,,,,,,,,,,,,,,,,,,,,
1.087767,0.4012839,,,,,,,,,,,,,,,,,,,,,,,,,,,,,,,,,,,,,,,,,,,,,
0.499141,0.9944761,,,,,,,,,,,,,,,,,,,,,,,,,,,,,,,,,,,,,,,,,,,,,
0.5397784,0.61693,,,,,,,,,,,,,,,,,,,,,,,,,,,,,,,,,,,,,,,,,,,,,
0.6129251,0.5122568,,,,,,,,,,,,,,,,,,,,,,,,,,,,,,,,,,,,,,,,,,,,,
0.7351697,0.8930131,,,,,,,,,,,,,,,,,,,,,,,,,,,,,,,,,,,,,,,,,,,,,
0.6487751,0.5944611,,,,,,,,,,,,,,,,,,,,,,,,,,,,,,,,,,,,,,,,,,,,,
0.8127747,0.5839108,,,,,,,,,,,,,,,,,,,,,,,,,,,,,,,,,,,,,,,,,,,,,
0.4559139,1.1028615,,,,,,,,,,,,,,,,,,,,,,,,,,,,,,,,,,,,,,,,,,,,,
0.816888,0.8950069,,,,,,,,,,,,,,,,,,,,,,,,,,,,,,,,,,,,,,,,,,,,,
0.6756692,2.401302,,,,,,,,,,,,,,,,,,,,,,,,,,,,,,,,,,,,,,,,,,,,,
0.5251363,0.7441018,,,,,,,,,,,,,,,,,,,,,,,,,,,,,,,,,,,,,,,,,,,,,
0.8613958,1.2846095,,,,,,,,,,,,,,,,,,,,,,,,,,,,,,,,,,,,,,,,,,,,,
0.6231351,0.8789821,,,,,,,,,,,,,,,,,,,,,,,,,,,,,,,,,,,,,,,,,,,,,
0.4922913,0.6982483,,,,,,,,,,,,,,,,,,,,,,,,,,,,,,,,,,,,,,,,,,,,,
0.6256183,0.7885814,,,,,,,,,,,,,,,,,,,,,,,,,,,,,,,,,,,,,,,,,,,,,
0.4819509,0.8052164,,,,,,,,,,,,,,,,,,,,,,,,,,,,,,,,,,,,,,,,,,,,,
0.4992614,0.5893951,,,,,,,,,,,,,,,,,,,,,,,,,,,,,,,,,,,,,,,,,,,,,
0.5248231,0.5652117,,,,,,,,,,,,,,,,,,,,,,,,,,,,,,,,,,,,,,,,,,,,,
0.5321956,0.8092036,,,,,,,,,,,,,,,,,,,,,,,,,,,,,,,,,,,,,,,,,,,,,
0.5425639,0.7559185,,,,,,,,,,,,,,,,,,,,,,,,,,,,,,,,,,,,,,,,,,,,,
0.5445615,0.8956071,,,,,,,,,,,,,,,,,,,,,,,,,,,,,,,,,,,,,,,,,,,,,
0.4444672,1.0095719,,,,,,,,,,,,,,,,,,,,,,,,,,,,,,,,,,,,,,,,,,,,,
0.5140571,0.7431672,,,,,,,,,,,,,,,,,,,,,,,,,,,,,,,,,,,,,,,,,,,,,
0.5321117,1.5988366,,,,,,,,,,,,,,,,,,,,,,,,,,,,,,,,,,,,,,,,,,,,,
0.5495405,0.4591343,,,,,,,,,,,,,,,,,,,,,,,,,,,,,,,,,,,,,,,,,,,,,
0.5629404,0.7646502,,,,,,,,,,,,,,,,,,,,,,,,,,,,,,,,,,,,,,,,,,,,,
0.546628,0.8992388,,,,,,,,,,,,,,,,,,,,,,,,,,,,,,,,,,,,,,,,,,,,,
0.5468622,0.6820244,,,,,,,,,,,,,,,,,,,,,,,,,,,,,,,,,,,,,,,,,,,,,
0.5485092,0.4332764,,,,,,,,,,,,,,,,,,,,,,,,,,,,,,,,,,,,,,,,,,,,,
0.3539806,0.7391322,,,,,,,,,,,,,,,,,,,,,,,,,,,,,,,,,,,,,,,,,,,,,
0.6774019,0.4822525,,,,,,,,,,,,,,,,,,,,,,,,,,,,,,,,,,,,,,,,,,,,,
0.4859562,0.9322327,,,,,,,,,,,,,,,,,,,,,,,,,,,,,,,,,,,,,,,,,,,,,
1.2791238,0.7040756,,,,,,,,,,,,,,,,,,,,,,,,,,,,,,,,,,,,,,,,,,,,,
0.472431,1.0350271,,,,,,,,,,,,,,,,,,,,,,,,,,,,,,,,,,,,,,,,,,,,,
0.449193,1.7920819,,,,,,,,,,,,,,,,,,,,,,,,,,,,,,,,,,,,,,,,,,,,,
0.7736441,1.1389665,,,,,,,,,,,,,,,,,,,,,,,,,,,,,,,,,,,,,,,,,,,,,
0.4948721,5.6668185,,,,,,,,,,,,,,,,,,,,,,,,,,,,,,,,,,,,,,,,,,,,,
0.550782,0.8657431,,,,,,,,,,,,,,,,,,,,,,,,,,,,,,,,,,,,,,,,,,,,,
1.9574294,1.092439,,,,,,,,,,,,,,,,,,,,,,,,,,,,,,,,,,,,,,,,,,,,,
0.7959078,0.5617267,,,,,,,,,,,,,,,,,,,,,,,,,,,,,,,,,,,,,,,,,,,,,
0.7319333,0.6852763,,,,,,,,,,,,,,,,,,,,,,,,,,,,,,,,,,,,,,,,,,,,,
0.5221196,0.6711707,,,,,,,,,,,,,,,,,,,,,,,,,,,,,,,,,,,,,,,,,,,,,
1.4735338,0.7066533,,,,,,,,,,,,,,,,,,,,,,,,,,,,,,,,,,,,,,,,,,,,,
0.7787722,0.6707814,,,,,,,,,,,,,,,,,,,,,,,,,,,,,,,,,,,,,,,,,,,,,
0.6616468,0.5394968,,,,,,,,,,,,,,,,,,,,,,,,,,,,,,,,,,,,,,,,,,,,,
0.5950485,0.7469138,,,,,,,,,,,,,,,,,,,,,,,,,,,,,,,,,,,,,,,,,,,,,
1.4608847,0.8565225,,,,,,,,,,,,,,,,,,,,,,,,,,,,,,,,,,,,,,,,,,,,,
0.5540932,,,,,,,,,,,,,,,,,,,,,,,,,,,,,,,,,,,,,,,,,,,,,,
0.7325363,,,,,,,,,,,,,,,,,,,,,,,,,,,,,,,,,,,,,,,,,,,,,,
0.7197431,,,,,,,,,,,,,,,,,,,,,,,,,,,,,,,,,,,,,,,,,,,,,,
0.4972202,,,,,,,,,,,,,,,,,,,,,,,,,,,,,,,,,,,,,,,,,,,,,,
0.5642718,,,,,,,,,,,,,,,,,,,,,,,,,,,,,,,,,,,,,,,,,,,,,,
0.4444939,,,,,,,,,,,,,,,,,,,,,,,,,,,,,,,,,,,,,,,,,,,,,,
