Image,corr_res1,target,corr_res2,ss_compat,sr_compat,thisN,thisTrialN,thisRepN,key_resp.keys,key_resp.corr,key_resp.rt,key_resp.duration,key_resp_2.keys,key_resp_2.corr,key_resp_2.rt,key_resp_2.duration,trials_2.thisRepN,trials_2.thisTrialN,trials_2.thisN,trials_2.thisIndex,trials.thisRepN,trials.thisTrialN,trials.thisN,trials.thisIndex,trials_3.thisRepN,trials_3.thisTrialN,trials_3.thisN,trials_3.thisIndex,trials_4.thisRepN,trials_4.thisTrialN,trials_4.thisN,trials_4.thisIndex,thisRow.t,notes,instructions.started,text_2.started,key_resp_3.started,instructions.stopped,key_resp_3.keys,key_resp_3.rt,key_resp_3.duration,trial.started,fixation.started,image_prime.started,key_resp.started,fixation.stopped,trial.stopped,trials_2.key_resp.keys,trials_2.key_resp.corr,trials_2.key_resp.rt,trials_2.key_resp.duration,trial2.started,text.started,key_resp_2.started,trial2.stopped,trials_2.key_resp_2.keys,trials_2.key_resp_2.corr,trials_2.key_resp_2.rt,trials_2.key_resp_2.duration,begin.started,text_4.started,text_4.stopped,begin.stopped,trials.key_resp.keys,trials.key_resp.corr,trials.key_resp.rt,trials.key_resp.duration,trials.key_resp_2.keys,trials.key_resp_2.corr,trials.key_resp_2.rt,trials.key_resp_2.duration,instructions2.started,text_3.started,key_resp_4.started,instructions2.stopped,key_resp_4.keys,key_resp_4.rt,key_resp_4.duration,trials_3.key_resp.keys,trials_3.key_resp.corr,trials_3.key_resp.rt,trials_3.key_resp.duration,trials_3.key_resp_2.keys,trials_3.key_resp_2.corr,trials_3.key_resp_2.rt,trials_3.key_resp_2.duration,trials_4.key_resp.keys,trials_4.key_resp.corr,trials_4.key_resp.rt,trials_4.key_resp.duration,trials_4.key_resp_2.keys,trials_4.key_resp_2.corr,trials_4.key_resp_2.rt,trials_4.key_resp_2.duration,participant,session,date,expName,expVersion,psychopyVersion,frameRate,expStart,
,,,,,,,,,,,,,,,,,,,,,,,,,,,,,,,,,,,0.0024074999964796007,0.005987199954688549,0.005987199954688549,1.0073851000051945,space,0.9776161999907345,None,,,,,,,,,,,,,,,,,,,,,,,,,,,,,,,,,,,,,,,,,,,,,,,,,,,,,,700199,001,2025-11-24_15h58.45.470,soloProject,,2025.1.1,60.13276109880783,2025-11-24 15h58.46.898498 +0530,
Faces/CFD-IM-728-041-N.jpg,m,briefcase,m,C,C,0,0,0,m,1,0.7491900000022724,None,m,1,0.5611236999975517,None,0,0,0,6,,,,,,,,,,,,,1.0924570999923162,,,,,,,,,1.0865902999648824,1.0924570999923162,1.5072044999687932,1.5072044999687932,1.6075659999623895,2.2576712999725714,m,1,0.7491900000022724,None,2.2606752999708988,2.773517499968875,2.773517499968875,3.343690199952107,m,1,0.5611236999975517,None,,,,,,,,,,,,,,,,,,,,,,,,,,,,,,,,,,,,700199,001,2025-11-24_15h58.45.470,soloProject,,2025.1.1,60.13276109880783,2025-11-24 15h58.46.898498 +0530,
Faces/CFD-IM-728-041-N.jpg,m,football,m,C,C,1,1,0,m,1,0.41422129998682067,None,m,1,0.5423045000061393,None,0,1,1,8,,,,,,,,,,,,,3.3961448000045493,,,,,,,,,3.391581999952905,3.3961448000045493,3.8572781999828294,3.8572781999828294,3.90731219999725,4.27406989998417,m,1,0.41422129998682067,None,4.275399399979506,4.77320289995987,4.77320289995987,5.324175699963234,m,1,0.5423045000061393,None,,,,,,,,,,,,,,,,,,,,,,,,,,,,,,,,,,,,700199,001,2025-11-24_15h58.45.470,soloProject,,2025.1.1,60.13276109880783,2025-11-24 15h58.46.898498 +0530,
Faces/CFD-IF-601-519-N.jpg,n,flower,n,C,C,2,2,0,n,1,0.41698490001726896,None,n,1,0.37132189999101683,None,0,2,2,2,,,,,,,,,,,,,5.382341999968048,,,,,,,,,5.377406499988865,5.382341999968048,5.824262299982365,5.824262299982365,5.890740799950436,6.241464599967003,n,1,0.41698490001726896,None,6.242784899950493,6.756896699953359,6.756896699953359,7.140845599991735,n,1,0.37132189999101683,None,,,,,,,,,,,,,,,,,,,,,,,,,,,,,,,,,,,,700199,001,2025-11-24_15h58.45.470,soloProject,,2025.1.1,60.13276109880783,2025-11-24 15h58.46.898498 +0530,
Faces/CFD-IF-602-134-N.jpg,n,beer,m,I,C,3,3,0,n,1,0.4552842000266537,None,m,1,0.6760582000133581,None,0,3,3,3,,,,,,,,,,,,,7.1957631999976,,,,,,,,,7.191436799999792,7.1957631999976,7.640683099976741,7.640683099976741,7.707228899991605,8.108008399954997,n,1,0.4552842000266537,None,8.10931959998561,8.623417399998289,8.623417399998289,9.307117499993183,m,1,0.6760582000133581,None,,,,,,,,,,,,,,,,,,,,,,,,,,,,,,,,,,,,700199,001,2025-11-24_15h58.45.470,soloProject,,2025.1.1,60.13276109880783,2025-11-24 15h58.46.898498 +0530,
Faces/CFD-IF-601-519-N.jpg,n,perfume,n,C,C,4,4,0,n,1,0.42381000000750646,None,n,1,0.5421299999579787,None,0,4,4,0,,,,,,,,,,,,,9.35631609999109,,,,,,,,,9.352061799960211,9.35631609999109,9.807583399990108,9.807583399990108,9.857232699985616,10.241115599987097,n,1,0.42381000000750646,None,10.24254289997043,10.757020899967756,10.757020899967756,11.306909699982498,n,1,0.5421299999579787,None,,,,,,,,,,,,,,,,,,,,,,,,,,,,,,,,,,,,700199,001,2025-11-24_15h58.45.470,soloProject,,2025.1.1,60.13276109880783,2025-11-24 15h58.46.898498 +0530,
Faces/CFD-IM-728-041-N.jpg,m,cigar,m,C,C,5,5,0,m,1,0.8478156999917701,None,m,1,0.5304180000093766,None,0,5,5,7,,,,,,,,,,,,,11.354605500004254,,,,,,,,,11.349905399954878,11.354605500004254,11.807148199994117,11.807148199994117,11.857162799977232,12.65730550000444,m,1,0.8478156999917701,None,12.658668599964585,13.156593399995472,13.156593399995472,13.690352499950677,m,1,0.5304180000093766,None,,,,,,,,,,,,,,,,,,,,,,,,,,,,,,,,,,,,700199,001,2025-11-24_15h58.45.470,soloProject,,2025.1.1,60.13276109880783,2025-11-24 15h58.46.898498 +0530,
Faces/CFD-IM-731-223-N.jpg,m,jewelry,n,I,C,6,6,0,m,1,0.4184087999747135,None,n,1,0.47834540001349524,None,0,6,6,11,,,,,,,,,,,,,13.736761599953752,,,,,,,,,13.732489999965765,13.736761599953752,14.190323399961926,14.190323399961926,14.240288299974054,14.624047699966468,m,1,0.4184087999747135,None,14.627068799978588,15.123430699983146,15.123430699983146,15.607271299988497,n,1,0.47834540001349524,None,,,,,,,,,,,,,,,,,,,,,,,,,,,,,,,,,,,,700199,001,2025-11-24_15h58.45.470,soloProject,,2025.1.1,60.13276109880783,2025-11-24 15h58.46.898498 +0530,
Faces/CFD-IF-601-519-N.jpg,n,doll,n,C,C,7,7,0,n,1,0.47177589999046177,None,n,1,0.5172736000386067,None,0,7,7,1,,,,,,,,,,,,,15.655165699950885,,,,,,,,,15.650667099980637,15.655165699950885,16.107239499979187,16.107239499979187,16.15718189999461,16.59093899995787,n,1,0.47177589999046177,None,16.59219379996648,17.09029179997742,17.09029179997742,17.623559099971317,n,1,0.5172736000386067,None,,,,,,,,,,,,,,,,,,,,,,,,,,,,,,,,,,,,700199,001,2025-11-24_15h58.45.470,soloProject,,2025.1.1,60.13276109880783,2025-11-24 15h58.46.898498 +0530,
Faces/CFD-IM-731-223-N.jpg,m,dress,n,I,C,8,8,0,m,1,0.7673153000068851,None,n,1,0.5725459000095725,None,0,8,8,9,,,,,,,,,,,,,17.67324459995143,,,,,,,,,17.668606899969745,17.67324459995143,18.12384179997025,18.12384179997025,18.17421369999647,18.891649600001983,m,1,0.7673153000068851,None,18.893052299972624,19.406594799947925,19.406594799947925,19.99019819998648,n,1,0.5725459000095725,None,,,,,,,,,,,,,,,,,,,,,,,,,,,,,,,,,,,,700199,001,2025-11-24_15h58.45.470,soloProject,,2025.1.1,60.13276109880783,2025-11-24 15h58.46.898498 +0530,
Faces/CFD-IF-602-134-N.jpg,n,bowtie,m,I,C,9,9,0,n,1,0.5821271000313573,None,m,1,0.6059345999965444,None,0,9,9,5,,,,,,,,,,,,,20.039673099992797,,,,,,,,,20.035030199971516,20.039673099992797,20.490480999986175,20.490480999986175,20.54077659995528,21.074751699983608,n,1,0.5821271000313573,None,21.07599299994763,21.589995499991346,21.589995499991346,22.2071931999526,m,1,0.6059345999965444,None,,,,,,,,,,,,,,,,,,,,,,,,,,,,,,,,,,,,700199,001,2025-11-24_15h58.45.470,soloProject,,2025.1.1,60.13276109880783,2025-11-24 15h58.46.898498 +0530,
Faces/CFD-IF-602-134-N.jpg,n,hammer,m,I,C,10,10,0,n,1,0.8088742999825627,None,m,1,0.5866218999726698,None,0,10,10,4,,,,,,,,,,,,,22.258375699981116,,,,,,,,,22.253727499977686,22.258375699981116,22.707032299949788,22.707032299949788,22.77411519997986,23.52407210000092,n,1,0.8088742999825627,None,23.525384599983227,24.023506300000008,24.023506300000008,24.624501699989196,m,1,0.5866218999726698,None,,,,,,,,,,,,,,,,,,,,,,,,,,,,,,,,,,,,700199,001,2025-11-24_15h58.45.470,soloProject,,2025.1.1,60.13276109880783,2025-11-24 15h58.46.898498 +0530,
Faces/CFD-IM-731-223-N.jpg,m,lipstick,n,I,C,11,11,0,m,1,0.4662376000196673,None,m,0,0.5717658000066876,None,0,11,11,10,,,,,,,,,,,,,24.674702299991623,,,,,,,,,24.670123099989723,24.674702299991623,25.140323699975852,25.140323699975852,25.173753199982457,25.607468999980483,m,1,0.4662376000196673,None,25.60896539996611,26.123138599970844,26.123138599970844,26.706767899973784,m,0,0.5717658000066876,None,,,,,,,,,,,,,,,,,,,,,,,,,,,,,,,,,,,,700199,001,2025-11-24_15h58.45.470,soloProject,,2025.1.1,60.13276109880783,2025-11-24 15h58.46.898498 +0530,
,,,,,,,,,,,,,,,,,,,,,,,,,,,,,,,,,,,,,,,,,,,,,,,,,,,,,,,,,,,,26.706839699996635,26.72328589996323,28.272046400001273,28.20675489999121,,,,,,,,,,,,,,,,,,,,,,,,,,,,,,,,700199,001,2025-11-24_15h58.45.470,soloProject,,2025.1.1,60.13276109880783,2025-11-24 15h58.46.898498 +0530,
Faces/CFD-IM-738-191-N.jpg,m,football,m,C,C,0,0,0,m,1,0.5526361000374891,None,m,1,0.4569988999865018,None,,,,,0,0,0,83,,,,,,,,,28.272046400001273,,,,,,,,,28.268067999975756,28.272046400001273,28.70730349997757,28.70730349997757,28.773487599974032,29.274268699984532,,,,,29.27564009994967,29.790112799964845,29.790112799964845,30.25722799997311,,,,,,,,,m,1,0.5526361000374891,None,m,1,0.4569988999865018,None,,,,,,,,,,,,,,,,,,,,,,,,700199,001,2025-11-24_15h58.45.470,soloProject,,2025.1.1,60.13276109880783,2025-11-24 15h58.46.898498 +0530,
Faces/CFD-IF-601-519-N.jpg,n,cigar,m,I,C,1,1,0,n,1,0.4724250999861397,None,m,1,0.5115782999782823,None,,,,,0,1,1,34,,,,,,,,,30.306511299975682,,,,,,,,,30.30193859996507,30.306511299975682,30.75710289995186,30.75710289995186,30.806749399984255,31.24117929994827,,,,,31.242649999971036,31.75641229999019,31.75641229999019,32.273763499979395,,,,,,,,,n,1,0.4724250999861397,None,m,1,0.5115782999782823,None,,,,,,,,,,,,,,,,,,,,,,,,700199,001,2025-11-24_15h58.45.470,soloProject,,2025.1.1,60.13276109880783,2025-11-24 15h58.46.898498 +0530,
Faces/CFD-IM-736-361-N.jpg,m,bowtie,m,C,C,2,2,0,m,1,0.4454511000076309,None,m,1,0.6148956000106409,None,,,,,0,2,2,74,,,,,,,,,32.328442799975164,,,,,,,,,32.32367499999236,32.328442799975164,32.77362379996339,32.77362379996339,32.84009889996378,33.22386969998479,,,,,33.22514329996193,33.72306509996997,33.72306509996997,34.33983269997407,,,,,,,,,m,1,0.4454511000076309,None,m,1,0.6148956000106409,None,,,,,,,,,,,,,,,,,,,,,,,,700199,001,2025-11-24_15h58.45.470,soloProject,,2025.1.1,60.13276109880783,2025-11-24 15h58.46.898498 +0530,
Faces/CFD-IM-728-041-N.jpg,m,bowtie,m,C,C,3,3,0,m,1,0.5853054000181146,None,m,1,0.41729379998287186,None,,,,,0,3,3,62,,,,,,,,,34.38718679995509,,,,,,,,,34.38258879998466,34.38718679995509,34.84027069999138,34.84027069999138,34.89021669997601,35.44069550000131,,,,,35.440740999998525,35.940030199999455,35.940030199999455,36.35755789995892,,,,,,,,,m,1,0.5853054000181146,None,m,1,0.41729379998287186,None,,,,,,,,,,,,,,,,,,,,,,,,700199,001,2025-11-24_15h58.45.470,soloProject,,2025.1.1,60.13276109880783,2025-11-24 15h58.46.898498 +0530,
Faces/CFD-IF-601-519-N.jpg,n,briefcase,m,I,C,4,4,0,n,1,0.6102556000114419,None,m,1,1.1187230999930762,None,,,,,0,4,4,33,,,,,,,,,36.4061671999516,,,,,,,,,36.401668999984395,36.4061671999516,36.85675859998446,36.85675859998446,36.90682699996978,37.474157999968156,,,,,37.475595099967904,37.989553799969144,37.989553799969144,39.12323989998549,,,,,,,,,n,1,0.6102556000114419,None,m,1,1.1187230999930762,None,,,,,,,,,,,,,,,,,,,,,,,,700199,001,2025-11-24_15h58.45.470,soloProject,,2025.1.1,60.13276109880783,2025-11-24 15h58.46.898498 +0530,
Faces/CFD-IF-601-519-N.jpg,n,hammer,m,I,C,5,5,0,n,1,0.5136210000491701,None,m,1,0.5950330999912694,None,,,,,0,5,5,31,,,,,,,,,39.17280889995163,,,,,,,,,39.16830329998629,39.17280889995163,39.62383100000443,39.62383100000443,39.67370049998863,40.140608399990015,,,,,40.14191199996276,40.63989930000389,40.63989930000389,41.23990230000345,,,,,,,,,n,1,0.5136210000491701,None,m,1,0.5950330999912694,None,,,,,,,,,,,,,,,,,,,,,,,,700199,001,2025-11-24_15h58.45.470,soloProject,,2025.1.1,60.13276109880783,2025-11-24 15h58.46.898498 +0530,
Faces/CFD-IM-731-223-N.jpg,m,bowtie,m,C,C,6,6,0,n,0,0.46175179997226223,None,m,1,1.9036153000197373,None,,,,,0,6,6,68,,,,,,,,,41.287221399950795,,,,,,,,,41.28191159997368,41.287221399950795,41.740142299968284,41.740142299968284,41.79010039998684,42.2068979999749,,,,,42.20834009995451,42.706394299981184,42.706394299981184,44.62319029995706,,,,,,,,,n,0,0.46175179997226223,None,m,1,1.9036153000197373,None,,,,,,,,,,,,,,,,,,,,,,,,700199,001,2025-11-24_15h58.45.470,soloProject,,2025.1.1,60.13276109880783,2025-11-24 15h58.46.898498 +0530,
Faces/CFD-IF-609-408-N.jpg,n,jewelry,n,C,C,7,7,0,m,0,1.7794115000288002,None,n,1,1.7114658000064082,None,,,,,0,7,7,29,,,,,,,,,44.67133299994748,,,,,,,,,44.666735799983144,44.67133299994748,45.12340679997578,45.12340679997578,45.173331999976654,46.90753629995743,,,,,46.909445800003596,47.422598199977074,47.422598199977074,49.13984449999407,,,,,,,,,m,0,1.7794115000288002,None,n,1,1.7114658000064082,None,,,,,,,,,,,,,,,,,,,,,,,,700199,001,2025-11-24_15h58.45.470,soloProject,,2025.1.1,60.13276109880783,2025-11-24 15h58.46.898498 +0530,
Faces/CFD-IF-601-519-N.jpg,n,doll,n,C,C,8,8,0,n,1,0.7794956999714486,None,n,1,1.2074129999964498,None,,,,,0,8,8,1,,,,,,,,,49.19698079995578,,,,,,,,,49.19119139999384,49.19698079995578,49.639980599982664,49.639980599982664,49.70665269996971,50.4240174999577,,,,,50.42527159996098,50.93945269996766,50.93945269996766,52.15642019995721,,,,,,,,,n,1,0.7794956999714486,None,n,1,1.2074129999964498,None,,,,,,,,,,,,,,,,,,,,,,,,700199,001,2025-11-24_15h58.45.470,soloProject,,2025.1.1,60.13276109880783,2025-11-24 15h58.46.898498 +0530,
Faces/CFD-IM-739-012-N.jpg,m,briefcase,m,C,C,9,9,0,m,1,0.7705166999949142,None,m,1,0.6743560999748297,None,,,,,0,9,9,87,,,,,,,,,52.209476899995934,,,,,,,,,52.204817799967714,52.209476899995934,52.656682699976955,52.656682699976955,52.72330839995993,53.440253799955826,,,,,53.441526199982036,53.95642629999202,53.95642629999202,54.639922000002116,,,,,,,,,m,1,0.7705166999949142,None,m,1,0.6743560999748297,None,,,,,,,,,,,,,,,,,,,,,,,,700199,001,2025-11-24_15h58.45.470,soloProject,,2025.1.1,60.13276109880783,2025-11-24 15h58.46.898498 +0530,
Faces/CFD-IM-739-012-N.jpg,m,football,m,C,C,10,10,0,m,1,0.5642677000141703,None,m,1,0.43064889998640865,None,,,,,0,10,10,89,,,,,,,,,54.69082969997544,,,,,,,,,54.68548980000196,54.69082969997544,55.14021389995469,55.14021389995469,55.19033099996159,55.70674199995119,,,,,55.70824680000078,56.205953800003044,56.205953800003044,56.63989049999509,,,,,,,,,m,1,0.5642677000141703,None,m,1,0.43064889998640865,None,,,,,,,,,,,,,,,,,,,,,,,,700199,001,2025-11-24_15h58.45.470,soloProject,,2025.1.1,60.13276109880783,2025-11-24 15h58.46.898498 +0530,
Faces/CFD-IF-602-134-N.jpg,n,lipstick,n,C,C,11,11,0,n,1,0.443485600000713,None,n,1,0.536370399990119,None,,,,,0,11,11,10,,,,,,,,,56.692259299976286,,,,,,,,,56.68782629998168,56.692259299976286,57.139934699982405,57.139934699982405,57.20661219995236,57.59030310000526,,,,,57.591854400001466,58.08976469998015,58.08976469998015,58.63955589995021,,,,,,,,,n,1,0.443485600000713,None,n,1,0.536370399990119,None,,,,,,,,,,,,,,,,,,,,,,,,700199,001,2025-11-24_15h58.45.470,soloProject,,2025.1.1,60.13276109880783,2025-11-24 15h58.46.898498 +0530,
Faces/CFD-IF-605-066-N.jpg,n,beer,m,I,C,12,12,0,n,1,0.796484499995131,None,m,1,0.4337123000295833,None,,,,,0,12,12,42,,,,,,,,,58.689853799995035,,,,,,,,,58.68409429996973,58.689853799995035,59.139369199983776,59.139369199983776,59.18950689997291,59.93955149996327,,,,,59.9406830999651,60.439276399964,60.439276399964,60.873402299999725,,,,,,,,,n,1,0.796484499995131,None,m,1,0.4337123000295833,None,,,,,,,,,,,,,,,,,,,,,,,,700199,001,2025-11-24_15h58.45.470,soloProject,,2025.1.1,60.13276109880783,2025-11-24 15h58.46.898498 +0530,
Faces/CFD-IF-608-390-N.jpg,n,flower,n,C,C,13,13,0,n,1,0.5616046999930404,None,n,1,0.4910548999905586,None,,,,,0,13,13,20,,,,,,,,,60.931641999981366,,,,,,,,,60.92604269995354,60.931641999981366,61.38994649995584,61.38994649995584,61.43983449996449,61.95686149998801,,,,,61.95827399997506,62.472953799995594,62.472953799995594,62.9728846999933,,,,,,,,,n,1,0.5616046999930404,None,n,1,0.4910548999905586,None,,,,,,,,,,,,,,,,,,,,,,,,700199,001,2025-11-24_15h58.45.470,soloProject,,2025.1.1,60.13276109880783,2025-11-24 15h58.46.898498 +0530,
Faces/CFD-IM-731-223-N.jpg,m,football,m,C,C,14,14,0,m,1,0.57008879998466,None,m,1,0.5023698000004515,None,,,,,0,14,14,71,,,,,,,,,63.01902219996555,,,,,,,,,63.01421459997073,63.01902219996555,63.47318639996229,63.47318639996229,63.52343349996954,64.05708499997854,,,,,64.05839809996542,64.5725448000012,64.5725448000012,65.08953499997733,,,,,,,,,m,1,0.57008879998466,None,m,1,0.5023698000004515,None,,,,,,,,,,,,,,,,,,,,,,,,700199,001,2025-11-24_15h58.45.470,soloProject,,2025.1.1,60.13276109880783,2025-11-24 15h58.46.898498 +0530,
Faces/CFD-IF-602-134-N.jpg,n,doll,n,C,C,15,15,0,n,1,0.4484161000000313,None,n,1,0.45364670001436025,None,,,,,0,15,15,7,,,,,,,,,65.13921929994831,,,,,,,,,65.1345901999739,65.13921929994831,65.58979539998109,65.58979539998109,65.63980979996268,66.04026359994896,,,,,66.0414944999502,66.55567609996069,66.55567609996069,67.02276969997911,,,,,,,,,n,1,0.4484161000000313,None,n,1,0.45364670001436025,None,,,,,,,,,,,,,,,,,,,,,,,,700199,001,2025-11-24_15h58.45.470,soloProject,,2025.1.1,60.13276109880783,2025-11-24 15h58.46.898498 +0530,
Faces/CFD-IF-609-408-N.jpg,n,perfume,n,C,C,16,16,0,n,1,0.7362854999955744,None,n,1,0.5736700999550521,None,,,,,0,16,16,24,,,,,,,,,67.07191259996034,,,,,,,,,67.06753129995195,67.07191259996034,67.52344570000423,67.52344570000423,67.5735959999729,68.27365279995138,,,,,68.27576319995569,68.7891088000033,68.7891088000033,69.37295249995077,,,,,,,,,n,1,0.7362854999955744,None,n,1,0.5736700999550521,None,,,,,,,,,,,,,,,,,,,,,,,,700199,001,2025-11-24_15h58.45.470,soloProject,,2025.1.1,60.13276109880783,2025-11-24 15h58.46.898498 +0530,
Faces/CFD-IM-739-012-N.jpg,m,dress,n,I,C,17,17,0,m,1,0.3972426999825984,None,n,1,0.6736986999749206,None,,,,,0,17,17,117,,,,,,,,,69.42116589995567,,,,,,,,,69.41682839998975,69.42116589995567,69.87317169999005,69.87317169999005,69.9231698999647,70.27323779999278,,,,,70.27441610000096,70.7894290999975,70.7894290999975,71.4726569999475,,,,,,,,,m,1,0.3972426999825984,None,n,1,0.6736986999749206,None,,,,,,,,,,,,,,,,,,,,,,,,700199,001,2025-11-24_15h58.45.470,soloProject,,2025.1.1,60.13276109880783,2025-11-24 15h58.46.898498 +0530,
Faces/CFD-IF-608-390-N.jpg,n,perfume,n,C,C,18,18,0,n,1,0.4723271999973804,None,n,1,0.6929938999819569,None,,,,,0,18,18,18,,,,,,,,,71.52439019997837,,,,,,,,,71.51913629996125,71.52439019997837,71.97331169998506,71.97331169998506,72.04021629999625,72.45675419998588,,,,,72.45853359997272,72.9724251999869,72.9724251999869,73.67313199996715,,,,,,,,,n,1,0.4723271999973804,None,n,1,0.6929938999819569,None,,,,,,,,,,,,,,,,,,,,,,,,700199,001,2025-11-24_15h58.45.470,soloProject,,2025.1.1,60.13276109880783,2025-11-24 15h58.46.898498 +0530,
Faces/CFD-IM-738-191-N.jpg,m,flower,n,I,C,19,19,0,m,1,0.5850888999993913,None,n,1,0.5787786999717355,None,,,,,0,19,19,110,,,,,,,,,73.72676079999655,,,,,,,,,73.72120539995376,73.72676079999655,74.1732865999802,74.1732865999802,74.23952479998115,74.77308389998507,,,,,74.7744468000019,75.27259749994846,75.27259749994846,75.85612479998963,,,,,,,,,m,1,0.5850888999993913,None,n,1,0.5787786999717355,None,,,,,,,,,,,,,,,,,,,,,,,,700199,001,2025-11-24_15h58.45.470,soloProject,,2025.1.1,60.13276109880783,2025-11-24 15h58.46.898498 +0530,
Faces/CFD-IM-728-041-N.jpg,m,briefcase,m,C,C,20,20,0,m,1,0.5538773000007495,None,m,1,0.5786694000125863,None,,,,,0,20,20,63,,,,,,,,,75.90786429995205,,,,,,,,,75.90339349996066,75.90786429995205,76.35603959998116,76.35603959998116,76.423280899995,76.92349499999546,,,,,76.924898999976,77.4393718999927,77.4393718999927,78.02271599997766,,,,,,,,,m,1,0.5538773000007495,None,m,1,0.5786694000125863,None,,,,,,,,,,,,,,,,,,,,,,,,700199,001,2025-11-24_15h58.45.470,soloProject,,2025.1.1,60.13276109880783,2025-11-24 15h58.46.898498 +0530,
Faces/CFD-IF-608-390-N.jpg,n,jewelry,n,C,C,21,21,0,n,1,0.7846737000509165,None,n,1,2.1061517000198364,None,,,,,0,21,21,23,,,,,,,,,78.07400599995162,,,,,,,,,78.06930309999734,78.07400599995162,78.52298269997118,78.52298269997118,78.58971319999546,79.32323079998605,,,,,79.32516559999203,79.82248689996777,79.82248689996777,81.93966529995669,,,,,,,,,n,1,0.7846737000509165,None,n,1,2.1061517000198364,None,,,,,,,,,,,,,,,,,,,,,,,,700199,001,2025-11-24_15h58.45.470,soloProject,,2025.1.1,60.13276109880783,2025-11-24 15h58.46.898498 +0530,
Faces/CFD-IF-601-519-N.jpg,n,bowtie,m,I,C,22,22,0,n,1,0.8484695000224747,None,m,1,0.5045354000176303,None,,,,,0,22,22,32,,,,,,,,,81.99025849997997,,,,,,,,,81.9853535000002,81.99025849997997,82.439767999982,82.439767999982,82.4897220999701,83.29034289997071,,,,,83.29195779998554,83.8059624999878,83.8059624999878,84.32261729997117,,,,,,,,,n,1,0.8484695000224747,None,m,1,0.5045354000176303,None,,,,,,,,,,,,,,,,,,,,,,,,700199,001,2025-11-24_15h58.45.470,soloProject,,2025.1.1,60.13276109880783,2025-11-24 15h58.46.898498 +0530,
Faces/CFD-IM-736-361-N.jpg,m,beer,m,C,C,23,23,0,m,1,0.9738730000099167,None,m,1,0.5700797999743372,None,,,,,0,23,23,72,,,,,,,,,84.37231199996313,,,,,,,,,84.36784649995388,84.37231199996313,84.82316889998037,84.82316889998037,84.87308699998539,85.80633099999977,,,,,85.80743629997596,86.30524329998298,86.30524329998298,86.8896081999992,,,,,,,,,m,1,0.9738730000099167,None,m,1,0.5700797999743372,None,,,,,,,,,,,,,,,,,,,,,,,,700199,001,2025-11-24_15h58.45.470,soloProject,,2025.1.1,60.13276109880783,2025-11-24 15h58.46.898498 +0530,
Faces/CFD-IM-736-361-N.jpg,m,hammer,m,C,C,24,24,0,m,1,0.4326812999788672,None,m,1,0.48765639995690435,None,,,,,0,24,24,73,,,,,,,,,86.94047579995822,,,,,,,,,86.93581949995132,86.94047579995822,87.38938109995797,87.38938109995797,87.43970349995652,87.8227157999645,,,,,87.8240347999963,88.32217289996333,88.32217289996333,88.82293049996952,,,,,,,,,m,1,0.4326812999788672,None,m,1,0.48765639995690435,None,,,,,,,,,,,,,,,,,,,,,,,,700199,001,2025-11-24_15h58.45.470,soloProject,,2025.1.1,60.13276109880783,2025-11-24 15h58.46.898498 +0530,
Faces/CFD-IF-609-408-N.jpg,n,football,m,I,C,25,25,0,n,1,0.5199310999596491,None,m,1,0.8207866000011563,None,,,,,0,25,25,59,,,,,,,,,88.87300269998377,,,,,,,,,88.86811559996568,88.87300269998377,89.32293679995928,89.32293679995928,89.372619199974,89.85764469997957,,,,,89.859387399978,90.37224489997607,90.37224489997607,91.20615969999926,,,,,,,,,n,1,0.5199310999596491,None,m,1,0.8207866000011563,None,,,,,,,,,,,,,,,,,,,,,,,,700199,001,2025-11-24_15h58.45.470,soloProject,,2025.1.1,60.13276109880783,2025-11-24 15h58.46.898498 +0530,
Faces/CFD-IF-601-519-N.jpg,n,jewelry,n,C,C,26,26,0,n,1,0.5402985999826342,None,n,1,0.4171389999683015,None,,,,,0,26,26,5,,,,,,,,,91.25639049999882,,,,,,,,,91.25177719997009,91.25639049999882,91.70567799999844,91.70567799999844,91.75583629996981,92.25599139998667,,,,,92.25747129996307,92.75551289995201,92.75551289995201,93.17289639997762,,,,,,,,,n,1,0.5402985999826342,None,n,1,0.4171389999683015,None,,,,,,,,,,,,,,,,,,,,,,,,700199,001,2025-11-24_15h58.45.470,soloProject,,2025.1.1,60.13276109880783,2025-11-24 15h58.46.898498 +0530,
Faces/CFD-IF-609-408-N.jpg,n,cigar,m,I,C,27,27,0,n,1,0.43764009996084496,None,m,1,0.7321527000167407,None,,,,,0,27,27,58,,,,,,,,,93.22375309997005,,,,,,,,,93.21907079999801,93.22375309997005,93.67258379998384,93.67258379998384,93.73924359999364,94.1230615999666,,,,,94.1242519999505,94.62288679997437,94.62288679997437,95.35631339997053,,,,,,,,,n,1,0.43764009996084496,None,m,1,0.7321527000167407,None,,,,,,,,,,,,,,,,,,,,,,,,700199,001,2025-11-24_15h58.45.470,soloProject,,2025.1.1,60.13276109880783,2025-11-24 15h58.46.898498 +0530,
Faces/CFD-IF-605-066-N.jpg,n,hammer,m,I,C,28,28,0,n,1,0.6167321000248194,None,m,1,0.5217304999823682,None,,,,,0,28,28,43,,,,,,,,,95.40437439997913,,,,,,,,,95.40014329995029,95.40437439997913,95.85633310000412,95.85633310000412,95.9058606000035,96.47359589999542,,,,,96.47488479997264,96.98902399995131,96.98902399995131,97.5227096999879,,,,,,,,,n,1,0.6167321000248194,None,m,1,0.5217304999823682,None,,,,,,,,,,,,,,,,,,,,,,,,700199,001,2025-11-24_15h58.45.470,soloProject,,2025.1.1,60.13276109880783,2025-11-24 15h58.46.898498 +0530,
Faces/CFD-IM-731-223-N.jpg,m,dress,n,I,C,29,29,0,m,1,1.0149881999823265,None,n,1,0.5498208000208251,None,,,,,0,29,29,99,,,,,,,,,97.57235779997427,,,,,,,,,97.56769840000197,97.57235779997427,98.02292279998073,98.02292279998073,98.07266329997219,99.04003829997964,,,,,99.04127220000373,99.55565619998379,99.55565619998379,100.10591419995762,,,,,,,,,m,1,1.0149881999823265,None,n,1,0.5498208000208251,None,,,,,,,,,,,,,,,,,,,,,,,,700199,001,2025-11-24_15h58.45.470,soloProject,,2025.1.1,60.13276109880783,2025-11-24 15h58.46.898498 +0530,
Faces/CFD-IF-609-408-N.jpg,n,flower,n,C,C,30,30,0,n,1,1.12518380000256,None,n,1,0.5304199999663979,None,,,,,0,30,30,26,,,,,,,,,100.15578859997913,,,,,,,,,100.15136339998571,100.15578859997913,100.60698889999185,100.60698889999185,100.65613909997046,101.7395903999568,,,,,101.74113949999446,102.25523949996568,102.25523949996568,102.78867399995215,,,,,,,,,n,1,1.12518380000256,None,n,1,0.5304199999663979,None,,,,,,,,,,,,,,,,,,,,,,,,700199,001,2025-11-24_15h58.45.470,soloProject,,2025.1.1,60.13276109880783,2025-11-24 15h58.46.898498 +0530,
Faces/CFD-IF-609-408-N.jpg,n,beer,m,I,C,31,31,0,n,1,0.47432540002046153,None,m,1,0.6899269999703392,None,,,,,0,31,31,54,,,,,,,,,102.83639039995614,,,,,,,,,102.83195409999462,102.83639039995614,103.28915089997463,103.28915089997463,103.33922909997636,103.77306799998041,,,,,103.77413429995067,104.28895580000244,104.28895580000244,104.9889282999793,,,,,,,,,n,1,0.47432540002046153,None,m,1,0.6899269999703392,None,,,,,,,,,,,,,,,,,,,,,,,,700199,001,2025-11-24_15h58.45.470,soloProject,,2025.1.1,60.13276109880783,2025-11-24 15h58.46.898498 +0530,
Faces/CFD-IM-728-041-N.jpg,m,flower,n,I,C,32,32,0,m,1,1.22595029999502,None,n,1,0.5786179999704473,None,,,,,0,32,32,92,,,,,,,,,105.03602619998856,,,,,,,,,105.03101199999219,105.03602619998856,105.48913119995268,105.48913119995268,105.53907379996963,106.72258389997296,,,,,106.72410099999979,107.22183169994969,107.22183169994969,107.8059078999795,,,,,,,,,m,1,1.22595029999502,None,n,1,0.5786179999704473,None,,,,,,,,,,,,,,,,,,,,,,,,700199,001,2025-11-24_15h58.45.470,soloProject,,2025.1.1,60.13276109880783,2025-11-24 15h58.46.898498 +0530,
Faces/CFD-IF-602-134-N.jpg,n,dress,n,C,C,33,33,0,n,1,2.540887599985581,None,n,1,0.6905523000168614,None,,,,,0,33,33,9,,,,,,,,,107.85768769995775,,,,,,,,,107.85306469997158,107.85768769995775,108.30582309997408,108.30582309997408,108.37278079998214,110.85608739999589,,,,,110.85743239999283,111.35533069999656,111.35533069999656,112.0555373999523,,,,,,,,,n,1,2.540887599985581,None,n,1,0.6905523000168614,None,,,,,,,,,,,,,,,,,,,,,,,,700199,001,2025-11-24_15h58.45.470,soloProject,,2025.1.1,60.13276109880783,2025-11-24 15h58.46.898498 +0530,
Faces/CFD-IF-609-408-N.jpg,n,lipstick,n,C,C,34,34,0,n,1,0.5033290999708697,None,n,1,1.818459200032521,None,,,,,0,34,34,28,,,,,,,,,112.10404939996079,,,,,,,,,112.09941059997072,112.10404939996079,112.55570579995401,112.55570579995401,112.60545439994894,113.07330419996288,,,,,113.07474509999156,113.58846319996519,113.58846319996519,115.42201789998217,,,,,,,,,n,1,0.5033290999708697,None,n,1,1.818459200032521,None,,,,,,,,,,,,,,,,,,,,,,,,700199,001,2025-11-24_15h58.45.470,soloProject,,2025.1.1,60.13276109880783,2025-11-24 15h58.46.898498 +0530,
Faces/CFD-IM-738-191-N.jpg,m,hammer,m,C,C,35,35,0,m,1,0.46627369994530454,None,m,1,0.5268079999950714,None,,,,,0,35,35,79,,,,,,,,,115.47031909995712,,,,,,,,,115.46582019998459,115.47031909995712,115.92236470000353,115.92236470000353,115.9720766999526,116.3892650999478,,,,,116.39040019997628,116.8896720999619,116.8896720999619,117.42198949999874,,,,,,,,,m,1,0.46627369994530454,None,m,1,0.5268079999950714,None,,,,,,,,,,,,,,,,,,,,,,,,700199,001,2025-11-24_15h58.45.470,soloProject,,2025.1.1,60.13276109880783,2025-11-24 15h58.46.898498 +0530,
Faces/CFD-IF-602-134-N.jpg,n,briefcase,m,I,C,36,36,0,n,1,0.3296428000321612,None,m,1,0.510524399986025,None,,,,,0,36,36,39,,,,,,,,,117.47255659999792,,,,,,,,,117.46807609999087,117.47255659999792,117.92342959996313,117.92342959996313,117.96632879995741,118.25585529999807,,,,,118.25731069996255,118.75478299998213,118.75478299998213,119.27198349998798,,,,,,,,,n,1,0.3296428000321612,None,m,1,0.510524399986025,None,,,,,,,,,,,,,,,,,,,,,,,,700199,001,2025-11-24_15h58.45.470,soloProject,,2025.1.1,60.13276109880783,2025-11-24 15h58.46.898498 +0530,
Faces/CFD-IM-736-361-N.jpg,m,cigar,m,C,C,37,37,0,m,1,0.561170700006187,None,m,1,0.5562931000022218,None,,,,,0,37,37,76,,,,,,,,,119.31907409999985,,,,,,,,,119.31482349999715,119.31907409999985,119.77232099999674,119.77232099999674,119.82215569994878,120.33944429998519,,,,,120.34080769994762,120.83864059997723,120.83864059997723,121.405708199949,,,,,,,,,m,1,0.561170700006187,None,m,1,0.5562931000022218,None,,,,,,,,,,,,,,,,,,,,,,,,700199,001,2025-11-24_15h58.45.470,soloProject,,2025.1.1,60.13276109880783,2025-11-24 15h58.46.898498 +0530,
Faces/CFD-IM-739-012-N.jpg,m,flower,n,I,C,38,38,0,m,1,1.0076180000323802,None,n,1,0.5429913999978453,None,,,,,0,38,38,116,,,,,,,,,121.45434719999321,,,,,,,,,121.4499938999652,121.45434719999321,121.90551979996962,121.90551979996962,121.95545029995264,122.92320939997444,,,,,122.92473739996785,123.43828750000102,123.43828750000102,123.98869089997606,,,,,,,,,m,1,1.0076180000323802,None,n,1,0.5429913999978453,None,,,,,,,,,,,,,,,,,,,,,,,,700199,001,2025-11-24_15h58.45.470,soloProject,,2025.1.1,60.13276109880783,2025-11-24 15h58.46.898498 +0530,
Faces/CFD-IM-731-223-N.jpg,m,briefcase,m,C,C,39,39,0,m,1,0.545423400006257,None,m,1,0.6374787000240758,None,,,,,0,39,39,69,,,,,,,,,124.03971779998392,,,,,,,,,124.03514959994936,124.03971779998392,124.4888206999749,124.4888206999749,124.55555019999156,125.03937059995951,,,,,125.04157849994954,125.5552672999911,125.5552672999911,126.20608449995052,,,,,,,,,m,1,0.545423400006257,None,m,1,0.6374787000240758,None,,,,,,,,,,,,,,,,,,,,,,,,700199,001,2025-11-24_15h58.45.470,soloProject,,2025.1.1,60.13276109880783,2025-11-24 15h58.46.898498 +0530,
Faces/CFD-IF-608-390-N.jpg,n,lipstick,n,C,C,40,40,0,n,1,0.8207834999775514,None,n,1,0.46418339997762814,None,,,,,0,40,40,22,,,,,,,,,126.25729280000087,,,,,,,,,126.25298549997387,126.25729280000087,126.72218709997833,126.72218709997833,126.77210059994832,127.55572299996857,,,,,127.55703500000527,128.07173539994983,128.07173539994983,128.53857509995578,,,,,,,,,n,1,0.8207834999775514,None,n,1,0.46418339997762814,None,,,,,,,,,,,,,,,,,,,,,,,,700199,001,2025-11-24_15h58.45.470,soloProject,,2025.1.1,60.13276109880783,2025-11-24 15h58.46.898498 +0530,
Faces/CFD-IF-609-408-N.jpg,n,hammer,m,I,C,41,41,0,n,1,1.0890829999698326,None,m,1,1.38243539998075,None,,,,,0,41,41,55,,,,,,,,,128.58920940000098,,,,,,,,,128.58459799998673,128.58920940000098,129.03868749999674,129.03868749999674,129.08872329996666,130.1394253000035,,,,,130.14072319999104,130.65468189999228,130.65468189999228,132.03905069996836,,,,,,,,,n,1,1.0890829999698326,None,m,1,1.38243539998075,None,,,,,,,,,,,,,,,,,,,,,,,,700199,001,2025-11-24_15h58.45.470,soloProject,,2025.1.1,60.13276109880783,2025-11-24 15h58.46.898498 +0530,
Faces/CFD-IF-608-390-N.jpg,n,dress,n,C,C,42,42,0,n,1,0.908408600022085,None,n,1,0.5607481000479311,None,,,,,0,42,42,21,,,,,,,,,132.09070050000446,,,,,,,,,132.0859889999847,132.09070050000446,132.53917720000027,132.53917720000027,132.60529699997278,133.45573339995462,,,,,133.45698919997085,133.95518379996065,133.95518379996065,134.52159229997778,,,,,,,,,n,1,0.908408600022085,None,n,1,0.5607481000479311,None,,,,,,,,,,,,,,,,,,,,,,,,700199,001,2025-11-24_15h58.45.470,soloProject,,2025.1.1,60.13276109880783,2025-11-24 15h58.46.898498 +0530,
Faces/CFD-IF-605-066-N.jpg,n,jewelry,n,C,C,43,43,0,n,1,0.4559861000161618,None,n,1,0.562350999971386,None,,,,,0,43,43,17,,,,,,,,,134.56705579999834,,,,,,,,,134.56246899999678,134.56705579999834,135.02204209996853,135.02204209996853,135.0722901999834,135.48903959995368,,,,,135.49067169998307,136.00497639999958,136.00497639999958,136.57172730000457,,,,,,,,,n,1,0.4559861000161618,None,n,1,0.562350999971386,None,,,,,,,,,,,,,,,,,,,,,,,,700199,001,2025-11-24_15h58.45.470,soloProject,,2025.1.1,60.13276109880783,2025-11-24 15h58.46.898498 +0530,
Faces/CFD-IF-605-066-N.jpg,n,flower,n,C,C,44,44,0,n,1,0.4322688999818638,None,n,1,0.5100576999830082,None,,,,,0,44,44,14,,,,,,,,,136.61938699998427,,,,,,,,,136.6150195999653,136.61938699998427,137.07182489999104,137.07182489999104,137.12194049998652,137.5061444999883,,,,,137.50750889995834,138.0212297999533,138.0212297999533,138.53839689999586,,,,,,,,,n,1,0.4322688999818638,None,n,1,0.5100576999830082,None,,,,,,,,,,,,,,,,,,,,,,,,700199,001,2025-11-24_15h58.45.470,soloProject,,2025.1.1,60.13276109880783,2025-11-24 15h58.46.898498 +0530,
Faces/CFD-IF-601-519-N.jpg,n,dress,n,C,C,45,45,0,n,1,0.3443653999711387,None,n,1,0.46044720005011186,None,,,,,0,45,45,3,,,,,,,,,138.5884310999536,,,,,,,,,138.58383319998393,138.5884310999536,139.0385025999858,139.0385025999858,139.0885593999992,139.38890329998685,,,,,139.39008250000188,139.90471499995328,139.90471499995328,140.37212429998908,,,,,,,,,n,1,0.3443653999711387,None,n,1,0.46044720005011186,None,,,,,,,,,,,,,,,,,,,,,,,,700199,001,2025-11-24_15h58.45.470,soloProject,,2025.1.1,60.13276109880783,2025-11-24 15h58.46.898498 +0530,
Faces/CFD-IF-608-390-N.jpg,n,bowtie,m,I,C,46,46,0,n,1,0.5253197000129148,None,m,1,0.752900600025896,None,,,,,0,46,46,50,,,,,,,,,140.42239879997214,,,,,,,,,140.41777399997227,140.42239879997214,140.87260709999828,140.87260709999828,140.92161139997188,141.40545899997232,,,,,141.40704189997632,141.90464659995632,141.90464659995632,142.67170609999448,,,,,,,,,n,1,0.5253197000129148,None,m,1,0.752900600025896,None,,,,,,,,,,,,,,,,,,,,,,,,700199,001,2025-11-24_15h58.45.470,soloProject,,2025.1.1,60.13276109880783,2025-11-24 15h58.46.898498 +0530,
Faces/CFD-IM-728-041-N.jpg,m,hammer,m,C,C,47,47,0,m,1,0.5189514000085182,None,m,1,0.5434946999885142,None,,,,,0,47,47,61,,,,,,,,,142.72223879996454,,,,,,,,,142.71762259997195,142.72223879996454,143.17218499997398,143.17218499997398,143.22218539996538,143.7062555999728,,,,,143.70743039995432,144.2213669999619,144.2213669999619,144.77178309997544,,,,,,,,,m,1,0.5189514000085182,None,m,1,0.5434946999885142,None,,,,,,,,,,,,,,,,,,,,,,,,700199,001,2025-11-24_15h58.45.470,soloProject,,2025.1.1,60.13276109880783,2025-11-24 15h58.46.898498 +0530,
Faces/CFD-IM-728-041-N.jpg,m,football,m,C,C,48,48,0,m,1,0.40853580000111833,None,m,1,0.4690959000145085,None,,,,,0,48,48,65,,,,,,,,,144.81881079997402,,,,,,,,,144.8140481999726,144.81881079997402,145.27213080000365,145.27213080000365,145.32211329997517,145.68908499996178,,,,,145.69054089998826,146.2045670999796,146.2045670999796,146.68829129997175,,,,,,,,,m,1,0.40853580000111833,None,m,1,0.4690959000145085,None,,,,,,,,,,,,,,,,,,,,,,,,700199,001,2025-11-24_15h58.45.470,soloProject,,2025.1.1,60.13276109880783,2025-11-24 15h58.46.898498 +0530,
Faces/CFD-IM-739-012-N.jpg,m,lipstick,n,I,C,49,49,0,m,1,0.4931589999468997,None,n,1,1.4059287999989465,None,,,,,0,49,49,118,,,,,,,,,146.73648319998756,,,,,,,,,146.7319307999569,146.73648319998756,147.18824269995093,147.18824269995093,147.23879779997515,147.68891259998782,,,,,147.69056929997168,148.20468269998673,148.20468269998673,149.62128189997748,,,,,,,,,m,1,0.4931589999468997,None,n,1,1.4059287999989465,None,,,,,,,,,,,,,,,,,,,,,,,,700199,001,2025-11-24_15h58.45.470,soloProject,,2025.1.1,60.13276109880783,2025-11-24 15h58.46.898498 +0530,
Faces/CFD-IM-739-012-N.jpg,m,jewelry,n,I,C,50,50,0,m,1,3.761579299985897,None,n,1,2.0028238000231795,None,,,,,0,50,50,119,,,,,,,,,149.67249969998375,,,,,,,,,149.66781979997177,149.67249969998375,150.12150889995974,150.12150889995974,150.18833399994764,153.88914439996006,,,,,153.89081999997143,154.40438009996433,154.40438009996433,156.42165179998847,,,,,,,,,m,1,3.761579299985897,None,n,1,2.0028238000231795,None,,,,,,,,,,,,,,,,,,,,,,,,700199,001,2025-11-24_15h58.45.470,soloProject,,2025.1.1,60.13276109880783,2025-11-24 15h58.46.898498 +0530,
Faces/CFD-IM-728-041-N.jpg,m,doll,n,I,C,51,51,0,m,1,0.5183803000254557,None,n,1,0.5588899999856949,None,,,,,0,51,51,91,,,,,,,,,156.484662199975,,,,,,,,,156.47904819995165,156.484662199975,156.92186449997826,156.92186449997826,156.9887577999616,157.4552938999841,,,,,157.45663679996505,157.95441039995058,157.95441039995058,158.52219759998843,,,,,,,,,m,1,0.5183803000254557,None,n,1,0.5588899999856949,None,,,,,,,,,,,,,,,,,,,,,,,,700199,001,2025-11-24_15h58.45.470,soloProject,,2025.1.1,60.13276109880783,2025-11-24 15h58.46.898498 +0530,
Faces/CFD-IF-608-390-N.jpg,n,beer,m,I,C,52,52,0,n,1,0.674472099984996,None,m,1,1.6485776999616064,None,,,,,0,52,52,48,,,,,,,,,158.58329809998395,,,,,,,,,158.5771275999723,158.58329809998395,159.02224699995713,159.02224699995713,159.08846749999793,159.70540909998817,,,,,159.70695219998015,160.20474829996238,160.20474829996238,161.85494059999473,,,,,,,,,n,1,0.674472099984996,None,m,1,1.6485776999616064,None,,,,,,,,,,,,,,,,,,,,,,,,700199,001,2025-11-24_15h58.45.470,soloProject,,2025.1.1,60.13276109880783,2025-11-24 15h58.46.898498 +0530,
Faces/CFD-IF-605-066-N.jpg,n,bowtie,m,I,C,53,53,0,n,1,0.5312988000223413,None,m,1,2.3435871999827214,None,,,,,0,53,53,44,,,,,,,,,161.907934799965,,,,,,,,,161.90263879997656,161.907934799965,162.35519649996422,162.35519649996422,162.4215634999564,162.88894469995284,,,,,162.89051899994956,163.4045964999823,163.4045964999823,165.75461379997432,,,,,,,,,n,1,0.5312988000223413,None,m,1,2.3435871999827214,None,,,,,,,,,,,,,,,,,,,,,,,,700199,001,2025-11-24_15h58.45.470,soloProject,,2025.1.1,60.13276109880783,2025-11-24 15h58.46.898498 +0530,
Faces/CFD-IM-736-361-N.jpg,m,football,m,C,C,54,54,0,m,1,0.8477902000304312,None,m,1,0.4745687000104226,None,,,,,0,54,54,77,,,,,,,,,165.80311459995573,,,,,,,,,165.79793509998126,165.80311459995573,166.25542059994768,166.25542059994768,166.3052452999982,167.10540050000418,,,,,167.10698439995758,167.62138989998493,167.62138989998493,168.1048203999526,,,,,,,,,m,1,0.8477902000304312,None,m,1,0.4745687000104226,None,,,,,,,,,,,,,,,,,,,,,,,,700199,001,2025-11-24_15h58.45.470,soloProject,,2025.1.1,60.13276109880783,2025-11-24 15h58.46.898498 +0530,
Faces/CFD-IM-738-191-N.jpg,m,briefcase,m,C,C,55,55,0,m,1,0.39318690000800416,None,m,1,0.45914759999141097,None,,,,,0,55,55,81,,,,,,,,,168.15182219998678,,,,,,,,,168.1470742999809,168.15182219998678,168.6047934999806,168.6047934999806,168.6548393999692,169.00551599997561,,,,,169.00693969998974,169.52193909999914,169.52193909999914,169.98801909998292,,,,,,,,,m,1,0.39318690000800416,None,m,1,0.45914759999141097,None,,,,,,,,,,,,,,,,,,,,,,,,700199,001,2025-11-24_15h58.45.470,soloProject,,2025.1.1,60.13276109880783,2025-11-24 15h58.46.898498 +0530,
Faces/CFD-IF-609-408-N.jpg,n,dress,n,C,C,56,56,0,n,1,0.645371199992951,None,n,1,0.6283282999647781,None,,,,,0,56,56,27,,,,,,,,,170.03388799994718,,,,,,,,,170.02953319996595,170.03388799994718,170.4884483999922,170.4884483999922,170.5385147999623,171.1385473999544,,,,,171.13983419997385,171.65423879999435,171.65423879999435,172.28774849994807,,,,,,,,,n,1,0.645371199992951,None,n,1,0.6283282999647781,None,,,,,,,,,,,,,,,,,,,,,,,,700199,001,2025-11-24_15h58.45.470,soloProject,,2025.1.1,60.13276109880783,2025-11-24 15h58.46.898498 +0530,
Faces/CFD-IF-602-134-N.jpg,n,football,m,I,C,57,57,0,n,1,1.650479300005827,None,m,1,0.4595347000285983,None,,,,,0,57,57,41,,,,,,,,,172.33845419995487,,,,,,,,,172.33421209995868,172.33845419995487,172.78806449996773,172.78806449996773,172.83811139996396,174.43875989998924,,,,,174.44008969998686,174.93769519997295,174.93769519997295,175.40491119999206,,,,,,,,,n,1,1.650479300005827,None,m,1,0.4595347000285983,None,,,,,,,,,,,,,,,,,,,,,,,,700199,001,2025-11-24_15h58.45.470,soloProject,,2025.1.1,60.13276109880783,2025-11-24 15h58.46.898498 +0530,
Faces/CFD-IM-738-191-N.jpg,m,doll,n,I,C,58,58,0,m,1,0.5289557999931276,None,n,1,0.5092320999829099,None,,,,,0,58,58,109,,,,,,,,,175.45283539994853,,,,,,,,,175.4484140999848,175.45283539994853,175.90509879996534,175.90509879996534,175.95503429998644,176.4385048999684,,,,,176.4397058999748,176.93783489998896,176.93783489998896,177.45481539994944,,,,,,,,,m,1,0.5289557999931276,None,n,1,0.5092320999829099,None,,,,,,,,,,,,,,,,,,,,,,,,700199,001,2025-11-24_15h58.45.470,soloProject,,2025.1.1,60.13276109880783,2025-11-24 15h58.46.898498 +0530,
Faces/CFD-IM-728-041-N.jpg,m,jewelry,n,I,C,59,59,0,m,1,0.5254742000252008,None,n,1,0.5087453000014648,None,,,,,0,59,59,95,,,,,,,,,177.49985629995354,,,,,,,,,177.49539239995647,177.49985629995354,177.9546618000022,177.9546618000022,178.0045315999887,178.4887388999923,,,,,178.49014179996448,179.00388370000292,179.00388370000292,179.52117839996936,,,,,,,,,m,1,0.5254742000252008,None,n,1,0.5087453000014648,None,,,,,,,,,,,,,,,,,,,,,,,,700199,001,2025-11-24_15h58.45.470,soloProject,,2025.1.1,60.13276109880783,2025-11-24 15h58.46.898498 +0530,
Faces/CFD-IM-736-361-N.jpg,m,flower,n,I,C,60,60,0,m,1,0.5141292000189424,None,n,1,0.48672300000907853,None,,,,,0,60,60,104,,,,,,,,,179.57002759998431,,,,,,,,,179.56498309999006,179.57002759998431,180.0216417000047,180.0216417000047,180.0724081999506,180.53797720000148,,,,,180.53936349996366,181.0374133999576,181.0374133999576,181.5380891999812,,,,,,,,,m,1,0.5141292000189424,None,n,1,0.48672300000907853,None,,,,,,,,,,,,,,,,,,,,,,,,700199,001,2025-11-24_15h58.45.470,soloProject,,2025.1.1,60.13276109880783,2025-11-24 15h58.46.898498 +0530,
Faces/CFD-IM-736-361-N.jpg,m,briefcase,m,C,C,61,61,0,m,1,0.5276797999977134,None,m,1,0.64867329999106,None,,,,,0,61,61,75,,,,,,,,,181.58358599996427,,,,,,,,,181.57925089995842,181.58358599996427,182.03828989999602,182.03828989999602,182.08804499998223,182.57160059997113,,,,,182.57305309997173,183.07102799997665,183.07102799997665,183.7211413999903,,,,,,,,,m,1,0.5276797999977134,None,m,1,0.64867329999106,None,,,,,,,,,,,,,,,,,,,,,,,,700199,001,2025-11-24_15h58.45.470,soloProject,,2025.1.1,60.13276109880783,2025-11-24 15h58.46.898498 +0530,
Faces/CFD-IF-608-390-N.jpg,n,hammer,m,I,C,62,62,0,n,1,0.6420294999843463,None,m,1,0.5404335999628529,None,,,,,0,62,62,49,,,,,,,,,183.77070659998572,,,,,,,,,183.76637679996202,183.77070659998572,184.2216585999704,184.2216585999704,184.27160199999344,184.87173319997964,,,,,184.87291269999696,185.37065949995304,185.37065949995304,185.92117479996523,,,,,,,,,n,1,0.6420294999843463,None,m,1,0.5404335999628529,None,,,,,,,,,,,,,,,,,,,,,,,,700199,001,2025-11-24_15h58.45.470,soloProject,,2025.1.1,60.13276109880783,2025-11-24 15h58.46.898498 +0530,
Faces/CFD-IM-739-012-N.jpg,m,bowtie,m,C,C,63,63,0,m,1,0.7040453000226989,None,m,1,0.601326500007417,None,,,,,0,63,63,86,,,,,,,,,185.96827199996915,,,,,,,,,185.96376469999086,185.96827199996915,186.42168569995556,186.42168569995556,186.4712047999492,187.1383339999593,,,,,187.13958649995038,187.63757449999684,187.63757449999684,188.25415699998848,,,,,,,,,m,1,0.7040453000226989,None,m,1,0.601326500007417,None,,,,,,,,,,,,,,,,,,,,,,,,700199,001,2025-11-24_15h58.45.470,soloProject,,2025.1.1,60.13276109880783,2025-11-24 15h58.46.898498 +0530,
Faces/CFD-IF-608-390-N.jpg,n,briefcase,m,I,C,64,64,0,n,1,0.7337240999913774,None,m,1,0.5495369999553077,None,,,,,0,64,64,51,,,,,,,,,188.30186229996616,,,,,,,,,188.2977965999744,188.30186229996616,188.75444369995967,188.75444369995967,188.80482379999012,189.48844990000362,,,,,189.49030929995934,189.98760110000148,189.98760110000148,190.53806349996012,,,,,,,,,n,1,0.7337240999913774,None,m,1,0.5495369999553077,None,,,,,,,,,,,,,,,,,,,,,,,,700199,001,2025-11-24_15h58.45.470,soloProject,,2025.1.1,60.13276109880783,2025-11-24 15h58.46.898498 +0530,
Faces/CFD-IM-728-041-N.jpg,m,dress,n,I,C,65,65,0,m,1,1.2472558000008576,None,n,1,2.3042495000408962,None,,,,,0,65,65,93,,,,,,,,,190.5862036999897,,,,,,,,,190.58173179998994,190.5862036999897,191.03776719997404,191.03776719997404,191.08804549998604,192.2881690999493,,,,,192.28934919997118,192.7872847999679,192.7872847999679,195.10423499997705,,,,,,,,,m,1,1.2472558000008576,None,n,1,2.3042495000408962,None,,,,,,,,,,,,,,,,,,,,,,,,700199,001,2025-11-24_15h58.45.470,soloProject,,2025.1.1,60.13276109880783,2025-11-24 15h58.46.898498 +0530,
Faces/CFD-IM-731-223-N.jpg,m,hammer,m,C,C,66,66,0,m,1,3.0394671999965794,None,m,1,0.42480469995643944,None,,,,,0,66,66,67,,,,,,,,,195.14831520000007,,,,,,,,,195.1428274999489,195.14831520000007,195.60419749998255,195.60419749998255,195.654354600003,198.65503229998285,,,,,198.65636969998013,199.17046769999433,199.17046769999433,199.60379259998444,,,,,,,,,m,1,3.0394671999965794,None,m,1,0.42480469995643944,None,,,,,,,,,,,,,,,,,,,,,,,,700199,001,2025-11-24_15h58.45.470,soloProject,,2025.1.1,60.13276109880783,2025-11-24 15h58.46.898498 +0530,
Faces/CFD-IF-601-519-N.jpg,n,flower,n,C,C,67,67,0,n,1,0.376030899991747,None,n,1,0.4155314000090584,None,,,,,0,67,67,2,,,,,,,,,199.6522602000041,,,,,,,,,199.64760409999872,199.6522602000041,200.10616179998033,200.10616179998033,200.1543754999875,200.4881859999732,,,,,200.48969119996764,201.0039561999729,201.0039561999729,201.42062809999334,,,,,,,,,n,1,0.376030899991747,None,n,1,0.4155314000090584,None,,,,,,,,,,,,,,,,,,,,,,,,700199,001,2025-11-24_15h58.45.470,soloProject,,2025.1.1,60.13276109880783,2025-11-24 15h58.46.898498 +0530,
Faces/CFD-IM-736-361-N.jpg,m,dress,n,I,C,68,68,0,m,1,0.979796199942939,None,n,1,0.6336149999988265,None,,,,,0,68,68,105,,,,,,,,,201.46706709999125,,,,,,,,,201.46246589999646,201.46706709999125,201.92083969997475,201.92083969997475,201.9708911999478,202.905372899957,,,,,202.90666429995326,203.42069999995874,203.42069999995874,204.05453619995387,,,,,,,,,m,1,0.979796199942939,None,n,1,0.6336149999988265,None,,,,,,,,,,,,,,,,,,,,,,,,700199,001,2025-11-24_15h58.45.470,soloProject,,2025.1.1,60.13276109880783,2025-11-24 15h58.46.898498 +0530,
Faces/CFD-IF-601-519-N.jpg,n,beer,m,I,C,69,69,0,n,1,0.5485273000085726,None,m,1,0.565939599997364,None,,,,,0,69,69,30,,,,,,,,,204.1036705999868,,,,,,,,,204.09879519999959,204.1036705999868,204.5542732999893,204.5542732999893,204.60450169997057,205.1048271000036,,,,,205.10589939996134,205.62038290000055,205.62038290000055,206.18791079998482,,,,,,,,,n,1,0.5485273000085726,None,m,1,0.565939599997364,None,,,,,,,,,,,,,,,,,,,,,,,,700199,001,2025-11-24_15h58.45.470,soloProject,,2025.1.1,60.13276109880783,2025-11-24 15h58.46.898498 +0530,
Faces/CFD-IM-728-041-N.jpg,m,cigar,m,C,C,70,70,0,m,1,0.7762985999579541,None,m,1,0.5529086000169627,None,,,,,0,70,70,64,,,,,,,,,206.23664469999494,,,,,,,,,206.23181759996805,206.23664469999494,206.704447600001,206.704447600001,206.73785569996107,207.48825359996408,,,,,207.4895200000028,208.00362719997065,208.00362719997065,208.57097060000524,,,,,,,,,m,1,0.7762985999579541,None,m,1,0.5529086000169627,None,,,,,,,,,,,,,,,,,,,,,,,,700199,001,2025-11-24_15h58.45.470,soloProject,,2025.1.1,60.13276109880783,2025-11-24 15h58.46.898498 +0530,
Faces/CFD-IF-605-066-N.jpg,n,football,m,I,C,71,71,0,n,1,0.5054020000388846,None,m,1,0.46187100000679493,None,,,,,0,71,71,47,,,,,,,,,208.6165843999479,,,,,,,,,208.61200669995742,208.6165843999479,209.0712377000018,209.0712377000018,209.12083669996355,209.58783489995403,,,,,209.58922169997822,210.0871630999609,210.0871630999609,210.5538610999938,,,,,,,,,n,1,0.5054020000388846,None,m,1,0.46187100000679493,None,,,,,,,,,,,,,,,,,,,,,,,,700199,001,2025-11-24_15h58.45.470,soloProject,,2025.1.1,60.13276109880783,2025-11-24 15h58.46.898498 +0530,
Faces/CFD-IM-728-041-N.jpg,m,beer,m,C,C,72,72,0,m,1,0.5861000000149943,None,m,1,1.1906789999920875,None,,,,,0,72,72,60,,,,,,,,,210.59996049996698,,,,,,,,,210.59537110000383,210.59996049996698,211.05411460000323,211.05411460000323,211.1042935999576,211.6546926999581,,,,,211.6557436999865,212.1701844999916,212.1701844999916,213.37056630000006,,,,,,,,,m,1,0.5861000000149943,None,m,1,1.1906789999920875,None,,,,,,,,,,,,,,,,,,,,,,,,700199,001,2025-11-24_15h58.45.470,soloProject,,2025.1.1,60.13276109880783,2025-11-24 15h58.46.898498 +0530,
Faces/CFD-IM-739-012-N.jpg,m,beer,m,C,C,73,73,0,m,1,0.5125573999830522,None,m,1,0.4449272999772802,None,,,,,0,73,73,84,,,,,,,,,213.41876729996875,,,,,,,,,213.41459989995928,213.41876729996875,213.87073219998274,213.87073219998274,213.92071179999039,214.38774499995634,,,,,214.3877880999935,214.88687990000471,214.88687990000471,215.3371702999575,,,,,,,,,m,1,0.5125573999830522,None,m,1,0.4449272999772802,None,,,,,,,,,,,,,,,,,,,,,,,,700199,001,2025-11-24_15h58.45.470,soloProject,,2025.1.1,60.13276109880783,2025-11-24 15h58.46.898498 +0530,
Faces/CFD-IM-728-041-N.jpg,m,lipstick,n,I,C,74,74,0,m,1,0.3704532000119798,None,m,0,0.41745409998111427,None,,,,,0,74,74,94,,,,,,,,,215.3861122999806,,,,,,,,,215.3818442999618,215.3861122999806,215.83732699998654,215.83732699998654,215.88729980000062,216.22265359997982,,,,,216.2240608999855,216.73659349995432,216.73659349995432,217.15456549997907,,,,,,,,,m,1,0.3704532000119798,None,m,0,0.41745409998111427,None,,,,,,,,,,,,,,,,,,,,,,,,700199,001,2025-11-24_15h58.45.470,soloProject,,2025.1.1,60.13276109880783,2025-11-24 15h58.46.898498 +0530,
Faces/CFD-IM-728-041-N.jpg,m,perfume,n,I,C,75,75,0,m,1,0.824055099976249,None,n,1,1.5599302999908105,None,,,,,0,75,75,90,,,,,,,,,217.2027823999524,,,,,,,,,217.19841610000003,217.2027823999524,217.67066119995434,217.67066119995434,217.70404389995383,218.50458989996696,,,,,218.5061886999756,219.0202869999921,219.0202869999921,220.58735210000305,,,,,,,,,m,1,0.824055099976249,None,n,1,1.5599302999908105,None,,,,,,,,,,,,,,,,,,,,,,,,700199,001,2025-11-24_15h58.45.470,soloProject,,2025.1.1,60.13276109880783,2025-11-24 15h58.46.898498 +0530,
Faces/CFD-IM-731-223-N.jpg,m,doll,n,I,C,76,76,0,m,1,1.2363073999877088,None,n,1,0.6357502000173554,None,,,,,0,76,76,97,,,,,,,,,220.63560979999602,,,,,,,,,220.6310564999585,220.63560979999602,221.08737719996134,221.08737719996134,221.13760159997037,222.33739810000407,,,,,222.33910369995283,222.83651639998425,222.83651639998425,223.4874690999859,,,,,,,,,m,1,1.2363073999877088,None,n,1,0.6357502000173554,None,,,,,,,,,,,,,,,,,,,,,,,,700199,001,2025-11-24_15h58.45.470,soloProject,,2025.1.1,60.13276109880783,2025-11-24 15h58.46.898498 +0530,
Faces/CFD-IM-738-191-N.jpg,m,lipstick,n,I,C,77,77,0,m,1,0.4272087999852374,None,n,1,0.4908930999808945,None,,,,,0,77,77,112,,,,,,,,,223.56377359997714,,,,,,,,,223.55805099999998,223.56377359997714,223.98731199995382,223.98731199995382,224.07078899996122,224.4212873999495,,,,,224.42269449995365,224.93647549999878,224.93647549999878,225.43676529999357,,,,,,,,,m,1,0.4272087999852374,None,n,1,0.4908930999808945,None,,,,,,,,,,,,,,,,,,,,,,,,700199,001,2025-11-24_15h58.45.470,soloProject,,2025.1.1,60.13276109880783,2025-11-24 15h58.46.898498 +0530,
Faces/CFD-IM-738-191-N.jpg,m,jewelry,n,I,C,78,78,0,m,1,0.9966097999713384,None,n,1,0.37324899999657646,None,,,,,0,78,78,113,,,,,,,,,225.49140060000354,,,,,,,,,225.4846062999568,225.49140060000354,225.93739919998916,225.93739919998916,226.00395220000064,226.9377159999567,,,,,226.9392758999602,227.43708509998396,227.43708509998396,227.82025069999509,,,,,,,,,m,1,0.9966097999713384,None,n,1,0.37324899999657646,None,,,,,,,,,,,,,,,,,,,,,,,,700199,001,2025-11-24_15h58.45.470,soloProject,,2025.1.1,60.13276109880783,2025-11-24 15h58.46.898498 +0530,
Faces/CFD-IF-605-066-N.jpg,n,lipstick,n,C,C,79,79,0,n,1,0.5270631000166759,None,n,1,1.408030399994459,None,,,,,0,79,79,16,,,,,,,,,227.86675479996484,,,,,,,,,227.8620813000016,227.86675479996484,228.32033669995144,228.32033669995144,228.37082399998326,228.8545957999886,,,,,228.85592059994815,229.369778399996,229.369778399996,230.78712549997726,,,,,,,,,n,1,0.5270631000166759,None,n,1,1.408030399994459,None,,,,,,,,,,,,,,,,,,,,,,,,700199,001,2025-11-24_15h58.45.470,soloProject,,2025.1.1,60.13276109880783,2025-11-24 15h58.46.898498 +0530,
Faces/CFD-IM-736-361-N.jpg,m,doll,n,I,C,80,80,0,n,0,0.5689546000212431,None,n,1,0.9533436999772675,None,,,,,0,80,80,103,,,,,,,,,230.8376168999821,,,,,,,,,230.8322689999477,230.8376168999821,231.2870914999512,231.2870914999512,231.3374253999791,231.87083179998444,,,,,231.8721376999747,232.36973819998093,232.36973819998093,233.33660879998934,,,,,,,,,n,0,0.5689546000212431,None,n,1,0.9533436999772675,None,,,,,,,,,,,,,,,,,,,,,,,,700199,001,2025-11-24_15h58.45.470,soloProject,,2025.1.1,60.13276109880783,2025-11-24 15h58.46.898498 +0530,
Faces/CFD-IF-609-408-N.jpg,n,briefcase,m,I,C,81,81,0,n,1,1.223855500051286,None,m,1,0.5829397999914363,None,,,,,0,81,81,57,,,,,,,,,233.38240339996992,,,,,,,,,233.37793869996676,233.38240339996992,233.83692209998844,233.83692209998844,233.8871036999626,235.0707336999476,,,,,235.07223979994887,235.5705476999865,235.5705476999865,236.1538983999635,,,,,,,,,n,1,1.223855500051286,None,m,1,0.5829397999914363,None,,,,,,,,,,,,,,,,,,,,,,,,700199,001,2025-11-24_15h58.45.470,soloProject,,2025.1.1,60.13276109880783,2025-11-24 15h58.46.898498 +0530,
Faces/CFD-IM-738-191-N.jpg,m,perfume,n,I,C,82,82,0,m,1,0.734202399966307,None,n,1,1.03578400000697,None,,,,,0,82,82,108,,,,,,,,,236.19904129998758,,,,,,,,,236.19447159999982,236.19904129998758,236.6541556000011,236.6541556000011,236.70407819998218,237.4044347999734,,,,,237.4067606999888,237.91986669995822,237.91986669995822,238.97030419996008,,,,,,,,,m,1,0.734202399966307,None,n,1,1.03578400000697,None,,,,,,,,,,,,,,,,,,,,,,,,700199,001,2025-11-24_15h58.45.470,soloProject,,2025.1.1,60.13276109880783,2025-11-24 15h58.46.898498 +0530,
Faces/CFD-IM-739-012-N.jpg,m,perfume,n,I,C,83,83,0,m,1,1.384799599996768,None,n,1,0.5218527000397444,None,,,,,0,83,83,114,,,,,,,,,239.01661599997897,,,,,,,,,239.01189839997096,239.01661599997897,239.47039539995603,239.47039539995603,239.5203560999944,240.87108449998777,,,,,240.8711296999827,241.38690669997595,241.38690669997595,241.92167829995742,,,,,,,,,m,1,1.384799599996768,None,n,1,0.5218527000397444,None,,,,,,,,,,,,,,,,,,,,,,,,700199,001,2025-11-24_15h58.45.470,soloProject,,2025.1.1,60.13276109880783,2025-11-24 15h58.46.898498 +0530,
Faces/CFD-IF-602-134-N.jpg,n,perfume,n,C,C,84,84,0,m,0,0.5588798999669962,None,n,1,0.6910021000076085,None,,,,,0,84,84,6,,,,,,,,,241.9699188999948,,,,,,,,,241.96524829999544,241.9699188999948,242.43737719999626,242.43737719999626,242.47072699997807,243.00395159999607,,,,,243.00399769999785,243.51975959999254,243.51975959999254,244.22016999998596,,,,,,,,,m,0,0.5588798999669962,None,n,1,0.6910021000076085,None,,,,,,,,,,,,,,,,,,,,,,,,700199,001,2025-11-24_15h58.45.470,soloProject,,2025.1.1,60.13276109880783,2025-11-24 15h58.46.898498 +0530,
Faces/CFD-IM-739-012-N.jpg,m,doll,n,I,C,85,85,0,m,1,0.835936599993147,None,n,1,1.1745582000003196,None,,,,,0,85,85,115,,,,,,,,,244.26793219998945,,,,,,,,,244.263244199974,244.26793219998945,244.72026319999713,244.72026319999713,244.77032199996756,245.57060519995866,,,,,245.57183440000517,246.07011989998864,246.07011989998864,247.2534611999872,,,,,,,,,m,1,0.835936599993147,None,n,1,1.1745582000003196,None,,,,,,,,,,,,,,,,,,,,,,,,700199,001,2025-11-24_15h58.45.470,soloProject,,2025.1.1,60.13276109880783,2025-11-24 15h58.46.898498 +0530,
Faces/CFD-IF-602-134-N.jpg,n,hammer,m,I,C,86,86,0,n,1,0.6296361000277102,None,m,1,0.6889517999952659,None,,,,,0,86,86,37,,,,,,,,,247.30520579998847,,,,,,,,,247.30043879995355,247.30520579998847,247.75337359996047,247.75337359996047,247.82066430000123,248.38774669996928,,,,,248.38902389997384,248.90337909996742,248.90337909996742,249.60335219994886,,,,,,,,,n,1,0.6296361000277102,None,m,1,0.6889517999952659,None,,,,,,,,,,,,,,,,,,,,,,,,700199,001,2025-11-24_15h58.45.470,soloProject,,2025.1.1,60.13276109880783,2025-11-24 15h58.46.898498 +0530,
Faces/CFD-IM-738-191-N.jpg,m,bowtie,m,C,C,87,87,0,m,1,0.712460300012026,None,m,1,3.0333563999738544,None,,,,,0,87,87,80,,,,,,,,,249.6527941999957,,,,,,,,,249.64840949996142,249.6527941999957,250.10384559998056,250.10384559998056,250.1535392999649,250.82045869994909,,,,,250.82186709996313,251.31965570000466,251.31965570000466,254.3534405999817,,,,,,,,,m,1,0.712460300012026,None,m,1,3.0333563999738544,None,,,,,,,,,,,,,,,,,,,,,,,,700199,001,2025-11-24_15h58.45.470,soloProject,,2025.1.1,60.13276109880783,2025-11-24 15h58.46.898498 +0530,
Faces/CFD-IM-736-361-N.jpg,m,perfume,n,I,C,88,88,0,m,1,0.5530678000068292,None,n,1,0.5411397999851033,None,,,,,0,88,88,102,,,,,,,,,254.4050150999683,,,,,,,,,254.39997269999003,254.4050150999683,254.85317809996195,254.85317809996195,254.92023789999075,255.42028129997198,,,,,255.4215497999685,255.91948339994997,255.91948339994997,256.47022439999273,,,,,,,,,m,1,0.5530678000068292,None,n,1,0.5411397999851033,None,,,,,,,,,,,,,,,,,,,,,,,,700199,001,2025-11-24_15h58.45.470,soloProject,,2025.1.1,60.13276109880783,2025-11-24 15h58.46.898498 +0530,
Faces/CFD-IM-731-223-N.jpg,m,beer,m,C,C,89,89,0,m,1,0.5224158000200987,None,m,1,0.5057694000424817,None,,,,,0,89,89,66,,,,,,,,,256.51561189995846,,,,,,,,,256.5111901999917,256.51561189995846,256.9700466999784,256.9700466999784,257.0200083999662,257.5039972999948,,,,,257.50516969995806,258.01984079997055,258.01984079997055,258.5365807999624,,,,,,,,,m,1,0.5224158000200987,None,m,1,0.5057694000424817,None,,,,,,,,,,,,,,,,,,,,,,,,700199,001,2025-11-24_15h58.45.470,soloProject,,2025.1.1,60.13276109880783,2025-11-24 15h58.46.898498 +0530,
Faces/CFD-IF-602-134-N.jpg,n,jewelry,n,C,C,90,90,0,n,1,0.5374308000318706,None,n,1,0.5344407000229694,None,,,,,0,90,90,11,,,,,,,,,258.5859806999797,,,,,,,,,258.5817012999905,258.5859806999797,259.03648289997363,259.03648289997363,259.0868483999511,259.58743879996473,,,,,259.58911709999666,260.08647889998974,260.08647889998974,260.63679469999624,,,,,,,,,n,1,0.5374308000318706,None,n,1,0.5344407000229694,None,,,,,,,,,,,,,,,,,,,,,,,,700199,001,2025-11-24_15h58.45.470,soloProject,,2025.1.1,60.13276109880783,2025-11-24 15h58.46.898498 +0530,
Faces/CFD-IM-738-191-N.jpg,m,cigar,m,C,C,91,91,0,m,1,0.8294273000210524,None,m,1,1.6817489000386558,None,,,,,0,91,91,82,,,,,,,,,260.6865744999959,,,,,,,,,260.68215999996755,260.6865744999959,261.1367425999488,261.1367425999488,261.18666879995726,261.97053219994996,,,,,261.9718530999962,262.4861598999705,262.4861598999705,264.16953569999896,,,,,,,,,m,1,0.8294273000210524,None,m,1,1.6817489000386558,None,,,,,,,,,,,,,,,,,,,,,,,,700199,001,2025-11-24_15h58.45.470,soloProject,,2025.1.1,60.13276109880783,2025-11-24 15h58.46.898498 +0530,
Faces/CFD-IF-605-066-N.jpg,n,perfume,n,C,C,92,92,0,n,1,0.5256304999929853,None,n,1,1.4542593999649398,None,,,,,0,92,92,12,,,,,,,,,264.2148673000047,,,,,,,,,264.21064549998846,264.2148673000047,264.6699702999904,264.6699702999904,264.7203913999838,265.2038602999528,,,,,265.2053370999638,265.7026656999951,265.7026656999951,267.17007309995824,,,,,,,,,n,1,0.5256304999929853,None,n,1,1.4542593999649398,None,,,,,,,,,,,,,,,,,,,,,,,,700199,001,2025-11-24_15h58.45.470,soloProject,,2025.1.1,60.13276109880783,2025-11-24 15h58.46.898498 +0530,
Faces/CFD-IF-602-134-N.jpg,n,cigar,m,I,C,93,93,0,n,1,0.4829357999842614,None,m,1,0.5590791999711655,None,,,,,0,93,93,40,,,,,,,,,267.22362479998264,,,,,,,,,267.2179884999641,267.22362479998264,267.66992019995814,267.66992019995814,267.73691919998964,268.1532898999867,,,,,268.15450529998634,268.6531788999564,268.6531788999564,269.21999229997164,,,,,,,,,n,1,0.4829357999842614,None,m,1,0.5590791999711655,None,,,,,,,,,,,,,,,,,,,,,,,,700199,001,2025-11-24_15h58.45.470,soloProject,,2025.1.1,60.13276109880783,2025-11-24 15h58.46.898498 +0530,
Faces/CFD-IF-609-408-N.jpg,n,doll,n,C,C,94,94,0,n,1,0.9118977999896742,None,n,1,0.8908603999880143,None,,,,,0,94,94,25,,,,,,,,,269.2716107000015,,,,,,,,,269.26719169999706,269.2716107000015,269.7199868999887,269.7199868999887,269.78613999998197,270.6369148999802,,,,,270.63814060000004,271.13614299998153,271.13614299998153,272.0364554999978,,,,,,,,,n,1,0.9118977999896742,None,n,1,0.8908603999880143,None,,,,,,,,,,,,,,,,,,,,,,,,700199,001,2025-11-24_15h58.45.470,soloProject,,2025.1.1,60.13276109880783,2025-11-24 15h58.46.898498 +0530,
Faces/CFD-IM-736-361-N.jpg,m,lipstick,n,I,C,95,95,0,m,1,1.3542131999856792,None,n,1,0.552328200021293,None,,,,,0,95,95,106,,,,,,,,,272.08561139996164,,,,,,,,,272.0811641999753,272.08561139996164,272.5372828999534,272.5372828999534,272.5864507999504,273.9034569999785,,,,,273.9046840999508,274.40253249998204,274.40253249998204,274.96976589999394,,,,,,,,,m,1,1.3542131999856792,None,n,1,0.552328200021293,None,,,,,,,,,,,,,,,,,,,,,,,,700199,001,2025-11-24_15h58.45.470,soloProject,,2025.1.1,60.13276109880783,2025-11-24 15h58.46.898498 +0530,
Faces/CFD-IF-608-390-N.jpg,n,doll,n,C,C,96,96,0,n,1,0.4631342000211589,None,n,1,0.39229360001627356,None,,,,,0,96,96,19,,,,,,,,,275.02130599995144,,,,,,,,,275.0167843999807,275.02130599995144,275.4700291999616,275.4700291999616,275.53649349999614,275.9370766999782,,,,,275.9385115999612,276.4524506999878,276.4524506999878,276.8532143999473,,,,,,,,,n,1,0.4631342000211589,None,n,1,0.39229360001627356,None,,,,,,,,,,,,,,,,,,,,,,,,700199,001,2025-11-24_15h58.45.470,soloProject,,2025.1.1,60.13276109880783,2025-11-24 15h58.46.898498 +0530,
Faces/CFD-IF-605-066-N.jpg,n,briefcase,m,I,C,97,97,0,n,1,0.39751580002484843,None,m,1,0.6017649999703281,None,,,,,0,97,97,45,,,,,,,,,276.90438979998,,,,,,,,,276.89979489997495,276.90438979998,277.3539060999756,277.3539060999756,277.4199660999584,277.7533742999658,,,,,277.75460279994877,278.252446999948,278.252446999948,278.86993759998586,,,,,,,,,n,1,0.39751580002484843,None,m,1,0.6017649999703281,None,,,,,,,,,,,,,,,,,,,,,,,,700199,001,2025-11-24_15h58.45.470,soloProject,,2025.1.1,60.13276109880783,2025-11-24 15h58.46.898498 +0530,
Faces/CFD-IM-731-223-N.jpg,m,lipstick,n,I,C,98,98,0,m,1,0.4567547999904491,None,n,1,0.6082412000396289,None,,,,,0,98,98,100,,,,,,,,,278.92174679995514,,,,,,,,,278.9173099999898,278.92174679995514,279.3697519999696,279.3697519999696,279.43613509996794,279.83700820000377,,,,,279.8387101999833,280.35229139996227,280.35229139996227,280.9695061999955,,,,,,,,,m,1,0.4567547999904491,None,n,1,0.6082412000396289,None,,,,,,,,,,,,,,,,,,,,,,,,700199,001,2025-11-24_15h58.45.470,soloProject,,2025.1.1,60.13276109880783,2025-11-24 15h58.46.898498 +0530,
Faces/CFD-IF-605-066-N.jpg,n,dress,n,C,C,99,99,0,n,1,0.7609823999810033,None,n,1,0.4905066000064835,None,,,,,0,99,99,15,,,,,,,,,281.0229751999723,,,,,,,,,281.01659839996137,281.0229751999723,281.47008359996835,281.47008359996835,281.5364738999633,282.23737970000366,,,,,282.23880319995806,282.75268109998433,282.75268109998433,283.2530656000017,,,,,,,,,n,1,0.7609823999810033,None,n,1,0.4905066000064835,None,,,,,,,,,,,,,,,,,,,,,,,,700199,001,2025-11-24_15h58.45.470,soloProject,,2025.1.1,60.13276109880783,2025-11-24 15h58.46.898498 +0530,
Faces/CFD-IM-731-223-N.jpg,m,jewelry,n,I,C,100,100,0,m,1,0.37925040000118315,None,n,1,0.456169500015676,None,,,,,0,100,100,101,,,,,,,,,283.29846159997396,,,,,,,,,283.2936103999964,283.29846159997396,283.75304769998183,283.75304769998183,283.803883399989,284.1367888999521,,,,,284.1382730999612,284.6355681999703,284.6355681999703,285.10296359995846,,,,,,,,,m,1,0.37925040000118315,None,n,1,0.456169500015676,None,,,,,,,,,,,,,,,,,,,,,,,,700199,001,2025-11-24_15h58.45.470,soloProject,,2025.1.1,60.13276109880783,2025-11-24 15h58.46.898498 +0530,
Faces/CFD-IF-608-390-N.jpg,n,cigar,m,I,C,101,101,0,n,1,0.54804119997425,None,m,1,0.5302531999768689,None,,,,,0,101,101,52,,,,,,,,,285.1527749999659,,,,,,,,,285.14811660000123,285.1527749999659,285.60344199999236,285.60344199999236,285.653358999989,286.15313529997366,,,,,286.15439819998574,286.6527204999584,286.6527204999584,287.1862171999528,,,,,,,,,n,1,0.54804119997425,None,m,1,0.5302531999768689,None,,,,,,,,,,,,,,,,,,,,,,,,700199,001,2025-11-24_15h58.45.470,soloProject,,2025.1.1,60.13276109880783,2025-11-24 15h58.46.898498 +0530,
Faces/CFD-IM-731-223-N.jpg,m,cigar,m,C,C,102,102,0,m,1,0.43844659999012947,None,m,1,0.7470025999937207,None,,,,,0,102,102,70,,,,,,,,,287.2324195999536,,,,,,,,,287.22813309996855,287.2324195999536,287.6861449999851,287.6861449999851,287.73593939997954,288.1368829999701,,,,,288.1369337999495,288.6524329999811,288.6524329999811,289.4027447999688,,,,,,,,,m,1,0.43844659999012947,None,m,1,0.7470025999937207,None,,,,,,,,,,,,,,,,,,,,,,,,700199,001,2025-11-24_15h58.45.470,soloProject,,2025.1.1,60.13276109880783,2025-11-24 15h58.46.898498 +0530,
Faces/CFD-IF-602-134-N.jpg,n,flower,n,C,C,103,103,0,n,1,0.4156496999785304,None,n,1,0.3676584999775514,None,,,,,0,103,103,8,,,,,,,,,289.45335049997084,,,,,,,,,289.4485545999487,289.45335049997084,289.9030106999562,289.9030106999562,289.9530337000033,290.320629099966,,,,,290.3219872000045,290.83544339996297,290.83544339996297,291.2197285000002,,,,,,,,,n,1,0.4156496999785304,None,n,1,0.3676584999775514,None,,,,,,,,,,,,,,,,,,,,,,,,700199,001,2025-11-24_15h58.45.470,soloProject,,2025.1.1,60.13276109880783,2025-11-24 15h58.46.898498 +0530,
Faces/CFD-IM-731-223-N.jpg,m,perfume,n,I,C,104,104,0,m,1,0.4005009999964386,None,n,1,0.4548380000051111,None,,,,,0,104,104,96,,,,,,,,,291.27052589994855,,,,,,,,,291.26612059999024,291.27052589994855,291.71963629999664,291.71963629999664,291.7858200999908,292.13676389999455,,,,,292.13849969999865,292.6525749999564,292.6525749999564,293.12006180000026,,,,,,,,,m,1,0.4005009999964386,None,n,1,0.4548380000051111,None,,,,,,,,,,,,,,,,,,,,,,,,700199,001,2025-11-24_15h58.45.470,soloProject,,2025.1.1,60.13276109880783,2025-11-24 15h58.46.898498 +0530,
Faces/CFD-IM-739-012-N.jpg,m,hammer,m,C,C,105,105,0,m,1,0.5412192999501713,None,m,1,0.5303872000076808,None,,,,,0,105,105,85,,,,,,,,,293.1691393999499,,,,,,,,,293.1646045999951,293.1691393999499,293.6198797999532,293.6198797999532,293.6696988999611,294.1700348999584,,,,,294.1713606999838,294.68597339995904,294.68597339995904,295.2194552999572,,,,,,,,,m,1,0.5412192999501713,None,m,1,0.5303872000076808,None,,,,,,,,,,,,,,,,,,,,,,,,700199,001,2025-11-24_15h58.45.470,soloProject,,2025.1.1,60.13276109880783,2025-11-24 15h58.46.898498 +0530,
Faces/CFD-IF-602-134-N.jpg,n,beer,m,I,C,106,106,0,n,1,0.4561831000028178,None,m,1,0.5488170000026003,None,,,,,0,106,106,36,,,,,,,,,295.27124289999483,,,,,,,,,295.2665838999674,295.27124289999483,295.7198300999589,295.7198300999589,295.7865463999915,296.1862556999549,,,,,296.1874104999588,296.6859589999658,296.6859589999658,297.2363624999998,,,,,,,,,n,1,0.4561831000028178,None,m,1,0.5488170000026003,None,,,,,,,,,,,,,,,,,,,,,,,,700199,001,2025-11-24_15h58.45.470,soloProject,,2025.1.1,60.13276109880783,2025-11-24 15h58.46.898498 +0530,
Faces/CFD-IF-605-066-N.jpg,n,doll,n,C,C,107,107,0,n,1,0.5768276000162587,None,n,1,0.49580280005466193,None,,,,,0,107,107,13,,,,,,,,,297.28439339995384,,,,,,,,,297.2796055999934,297.28439339995384,297.7361989999772,297.7361989999772,297.7861522999592,298.32016309996834,,,,,298.32154419994913,298.8354287999682,298.8354287999682,299.3362535999622,,,,,,,,,n,1,0.5768276000162587,None,n,1,0.49580280005466193,None,,,,,,,,,,,,,,,,,,,,,,,,700199,001,2025-11-24_15h58.45.470,soloProject,,2025.1.1,60.13276109880783,2025-11-24 15h58.46.898498 +0530,
Faces/CFD-IF-601-519-N.jpg,n,lipstick,n,C,C,108,108,0,n,1,0.5214579000021331,None,n,1,0.4457072000368498,None,,,,,0,108,108,4,,,,,,,,,299.3842119000037,,,,,,,,,299.37982799997553,299.3842119000037,299.8364315999788,299.8364315999788,299.8864172999747,300.36975259997416,,,,,300.37125559995184,300.86924809997436,300.86924809997436,301.3190767999622,,,,,,,,,n,1,0.5214579000021331,None,n,1,0.4457072000368498,None,,,,,,,,,,,,,,,,,,,,,,,,700199,001,2025-11-24_15h58.45.470,soloProject,,2025.1.1,60.13276109880783,2025-11-24 15h58.46.898498 +0530,
Faces/CFD-IF-602-134-N.jpg,n,bowtie,m,I,C,109,109,0,n,1,0.510098900005687,None,m,1,0.6651496000122279,None,,,,,0,109,109,38,,,,,,,,,301.3715487999725,,,,,,,,,301.36726519995136,301.3715487999725,301.8197215999826,301.8197215999826,301.8859784999513,302.3386974000023,,,,,302.33986069995444,302.85214109998196,302.85214109998196,303.51902009994956,,,,,,,,,n,1,0.510098900005687,None,m,1,0.6651496000122279,None,,,,,,,,,,,,,,,,,,,,,,,,700199,001,2025-11-24_15h58.45.470,soloProject,,2025.1.1,60.13276109880783,2025-11-24 15h58.46.898498 +0530,
Faces/CFD-IF-609-408-N.jpg,n,bowtie,m,I,C,110,110,0,n,1,0.5956887000356801,None,m,1,0.5804585999576375,None,,,,,0,110,110,56,,,,,,,,,303.56762369995704,,,,,,,,,303.5630610999651,303.56762369995704,304.0193200999638,304.0193200999638,304.06931649998296,304.6191938999691,,,,,304.6192388999625,305.1189467999502,305.1189467999502,305.70267209998565,,,,,,,,,n,1,0.5956887000356801,None,m,1,0.5804585999576375,None,,,,,,,,,,,,,,,,,,,,,,,,700199,001,2025-11-24_15h58.45.470,soloProject,,2025.1.1,60.13276109880783,2025-11-24 15h58.46.898498 +0530,
Faces/CFD-IM-731-223-N.jpg,m,flower,n,I,C,111,111,0,m,1,0.6447793999686837,None,n,1,0.5782448000391014,None,,,,,0,111,111,98,,,,,,,,,305.7519820999587,,,,,,,,,305.7473515999736,305.7519820999587,306.2026946999831,306.2026946999831,306.2526850999566,306.85304229997564,,,,,306.8547025999869,307.35302489995956,307.35302489995956,307.93608019995736,,,,,,,,,m,1,0.6447793999686837,None,n,1,0.5782448000391014,None,,,,,,,,,,,,,,,,,,,,,,,,700199,001,2025-11-24_15h58.45.470,soloProject,,2025.1.1,60.13276109880783,2025-11-24 15h58.46.898498 +0530,
Faces/CFD-IF-605-066-N.jpg,n,cigar,m,I,C,112,112,0,n,1,0.49200610001571476,None,m,1,0.4045425999793224,None,,,,,0,112,112,46,,,,,,,,,307.98555799998576,,,,,,,,,307.9810368999606,307.98555799998576,308.4359331000014,308.4359331000014,308.48630699998466,308.9363524999935,,,,,308.93776379997144,309.4355017999769,309.4355017999769,309.85237059998326,,,,,,,,,n,1,0.49200610001571476,None,m,1,0.4045425999793224,None,,,,,,,,,,,,,,,,,,,,,,,,700199,001,2025-11-24_15h58.45.470,soloProject,,2025.1.1,60.13276109880783,2025-11-24 15h58.46.898498 +0530,
Faces/CFD-IM-738-191-N.jpg,m,beer,m,C,C,113,113,0,m,1,0.5058147999807261,None,m,1,0.5119245999958366,None,,,,,0,113,113,78,,,,,,,,,309.90497999999207,,,,,,,,,309.8993375999853,309.90497999999207,310.3529918999993,310.3529918999993,310.4192555999616,310.8693917999626,,,,,310.8704965999932,311.3690304000047,311.3690304000047,311.8858371999813,,,,,,,,,m,1,0.5058147999807261,None,m,1,0.5119245999958366,None,,,,,,,,,,,,,,,,,,,,,,,,700199,001,2025-11-24_15h58.45.470,soloProject,,2025.1.1,60.13276109880783,2025-11-24 15h58.46.898498 +0530,
Faces/CFD-IM-736-361-N.jpg,m,jewelry,n,I,C,114,114,0,n,0,0.5985444000107236,None,n,1,0.888918399985414,None,,,,,0,114,114,107,,,,,,,,,311.9340627999627,,,,,,,,,311.9298485000036,311.9340627999627,312.3858221999835,312.3858221999835,312.4358340000035,312.98644670000067,,,,,312.98808619997,313.48558029998094,313.48558029998094,314.3856216999702,,,,,,,,,n,0,0.5985444000107236,None,n,1,0.888918399985414,None,,,,,,,,,,,,,,,,,,,,,,,,700199,001,2025-11-24_15h58.45.470,soloProject,,2025.1.1,60.13276109880783,2025-11-24 15h58.46.898498 +0530,
Faces/CFD-IF-608-390-N.jpg,n,football,m,I,C,115,115,0,n,1,1.0805113000096753,None,m,1,0.5314336000010371,None,,,,,0,115,115,53,,,,,,,,,314.43412629998056,,,,,,,,,314.4294242999749,314.43412629998056,314.88619729998754,314.88619729998754,314.93668949999847,315.96922719996655,,,,,315.9705742999795,316.4689918999793,316.4689918999793,317.00212939997436,,,,,,,,,n,1,1.0805113000096753,None,m,1,0.5314336000010371,None,,,,,,,,,,,,,,,,,,,,,,,,700199,001,2025-11-24_15h58.45.470,soloProject,,2025.1.1,60.13276109880783,2025-11-24 15h58.46.898498 +0530,
Faces/CFD-IF-601-519-N.jpg,n,football,m,I,C,116,116,0,n,1,1.6184948000009172,None,m,1,0.5645587000180967,None,,,,,0,116,116,35,,,,,,,,,317.0549660999677,,,,,,,,,317.04982429998927,317.0549660999677,317.50247379997745,317.50247379997745,317.569672899961,319.1360538000008,,,,,319.13609970000107,319.6354465999757,319.6354465999757,320.20203359995503,,,,,,,,,n,1,1.6184948000009172,None,m,1,0.5645587000180967,None,,,,,,,,,,,,,,,,,,,,,,,,700199,001,2025-11-24_15h58.45.470,soloProject,,2025.1.1,60.13276109880783,2025-11-24 15h58.46.898498 +0530,
Faces/CFD-IM-738-191-N.jpg,m,dress,n,I,C,117,117,0,m,1,0.5193935999996029,None,n,1,0.5900390000315383,None,,,,,0,117,117,111,,,,,,,,,320.2496125999605,,,,,,,,,320.2453022999689,320.2496125999605,320.7034610999981,320.7034610999981,320.75241459999233,321.23651610000525,,,,,321.23800379998283,321.7352116999682,321.7352116999682,322.3355883999611,,,,,,,,,m,1,0.5193935999996029,None,n,1,0.5900390000315383,None,,,,,,,,,,,,,,,,,,,,,,,,700199,001,2025-11-24_15h58.45.470,soloProject,,2025.1.1,60.13276109880783,2025-11-24 15h58.46.898498 +0530,
Faces/CFD-IF-601-519-N.jpg,n,perfume,n,C,C,118,118,0,n,1,1.2829631000058725,None,n,1,0.5580130000016652,None,,,,,0,118,118,0,,,,,,,,,322.3825658999849,,,,,,,,,322.37795429996913,322.3825658999849,322.83597640000517,322.83597640000517,322.88538880000124,324.11939269996947,,,,,324.1209420999512,324.61882559995865,324.61882559995865,325.18546339997556,,,,,,,,,n,1,1.2829631000058725,None,n,1,0.5580130000016652,None,,,,,,,,,,,,,,,,,,,,,,,,700199,001,2025-11-24_15h58.45.470,soloProject,,2025.1.1,60.13276109880783,2025-11-24 15h58.46.898498 +0530,
Faces/CFD-IM-739-012-N.jpg,m,cigar,m,C,C,119,119,0,m,1,0.750364699983038,None,m,1,0.6967633999884129,None,,,,,0,119,119,88,,,,,,,,,325.2353981999913,,,,,,,,,325.231006899965,325.2353981999913,325.68601579999086,325.68601579999086,325.7358587999479,326.4532529999851,,,,,326.4544759999844,326.96883859997615,326.96883859997615,327.669021699985,,,,,,,,,m,1,0.750364699983038,None,m,1,0.6967633999884129,None,,,,,,,,,,,,,,,,,,,,,,,,700199,001,2025-11-24_15h58.45.470,soloProject,,2025.1.1,60.13276109880783,2025-11-24 15h58.46.898498 +0530,
,,,,,,,,,,,,,,,,,,,,,,,,,,,,,,,,,,,,,,,,,,,,,,,,,,,,,,,,,,,,,,,,,,,,,,,,327.6690982999862,327.6854592000018,327.6854592000018,500.13303229998564,space,172.44126349996077,None,,,,,,,,,,,,,,,,,700199,001,2025-11-24_15h58.45.470,soloProject,,2025.1.1,60.13276109880783,2025-11-24 15h58.46.898498 +0530,
Faces/CFD-IF-601-519-N.jpg,m,perfume,n,C,I,0,0,0,m,1,3.1852310999529436,None,n,1,0.6057016999693587,None,,,,,,,,,0,0,0,0,,,,,500.18861579999793,,,,,,,,,500.1840603000019,500.18861579999793,500.63336859998526,500.63336859998526,500.69945069996174,503.819079399982,,,,,503.8206102999975,504.33236149995355,504.33236149995355,504.9497656999738,,,,,,,,,,,,,,,,,,,,,,,,m,1,3.1852310999529436,None,n,1,0.6057016999693587,None,,,,,,,,,700199,001,2025-11-24_15h58.45.470,soloProject,,2025.1.1,60.13276109880783,2025-11-24 15h58.46.898498 +0530,
Faces/CFD-IM-728-041-N.jpg,n,cigar,m,C,I,1,1,0,m,0,0.566305199987255,None,m,1,1.1030458000022918,None,,,,,,,,,0,1,1,7,,,,,504.9991148999543,,,,,,,,,504.99472469999455,504.9991148999543,505.4496269999654,505.4496269999654,505.4997026999481,506.01689339999575,,,,,506.0181606999831,506.5160096999607,506.5160096999607,507.6330530999694,,,,,,,,,,,,,,,,,,,,,,,,m,0,0.566305199987255,None,m,1,1.1030458000022918,None,,,,,,,,,700199,001,2025-11-24_15h58.45.470,soloProject,,2025.1.1,60.13276109880783,2025-11-24 15h58.46.898498 +0530,
Faces/CFD-IF-601-519-N.jpg,m,flower,n,C,I,2,2,0,m,1,0.6485171999665909,None,n,1,0.6274044999736361,None,,,,,,,,,0,2,2,2,,,,,507.68511520000175,,,,,,,,,507.67969379998976,507.68511520000175,508.13310959999217,508.13310959999217,508.19973059999757,508.78364669997245,,,,,508.7849613999715,509.29905569995753,509.29905569995753,509.9327060999931,,,,,,,,,,,,,,,,,,,,,,,,m,1,0.6485171999665909,None,n,1,0.6274044999736361,None,,,,,,,,,700199,001,2025-11-24_15h58.45.470,soloProject,,2025.1.1,60.13276109880783,2025-11-24 15h58.46.898498 +0530,
Faces/CFD-IM-731-223-N.jpg,n,dress,n,I,I,3,3,0,m,0,0.5906931000063196,None,n,1,4.675627599994186,None,,,,,,,,,0,3,3,9,,,,,509.97601669997675,,,,,,,,,509.9718039999716,509.97601669997675,510.4327391999541,510.4327391999541,510.48277000000235,511.03308009996545,,,,,511.0342578999698,511.53224469994893,511.53224469994893,516.2159334999742,,,,,,,,,,,,,,,,,,,,,,,,m,0,0.5906931000063196,None,n,1,4.675627599994186,None,,,,,,,,,700199,001,2025-11-24_15h58.45.470,soloProject,,2025.1.1,60.13276109880783,2025-11-24 15h58.46.898498 +0530,
Faces/CFD-IM-731-223-N.jpg,n,lipstick,n,I,I,4,4,0,n,1,1.200053200009279,None,n,1,0.8345135999843478,None,,,,,,,,,0,4,4,10,,,,,516.2609221999883,,,,,,,,,516.2566169999773,516.2609221999883,516.7158076000051,516.7158076000051,516.7656641999492,517.9326429999783,,,,,517.9342237999663,518.4319185999921,518.4319185999921,519.282066499989,,,,,,,,,,,,,,,,,,,,,,,,n,1,1.200053200009279,None,n,1,0.8345135999843478,None,,,,,,,,,700199,001,2025-11-24_15h58.45.470,soloProject,,2025.1.1,60.13276109880783,2025-11-24 15h58.46.898498 +0530,
Faces/CFD-IF-602-134-N.jpg,m,bowtie,m,I,I,5,5,0,m,1,0.8490849999943748,None,n,0,0.6166482999688014,None,,,,,,,,,0,5,5,5,,,,,519.3358758999966,,,,,,,,,519.3313041999936,519.3358758999966,519.7826365999645,519.7826365999645,519.8493472999544,520.63288499997,,,,,520.6341395999771,521.1323700999492,521.1323700999492,521.7502035999787,,,,,,,,,,,,,,,,,,,,,,,,m,1,0.8490849999943748,None,n,0,0.6166482999688014,None,,,,,,,,,700199,001,2025-11-24_15h58.45.470,soloProject,,2025.1.1,60.13276109880783,2025-11-24 15h58.46.898498 +0530,
Faces/CFD-IM-728-041-N.jpg,n,football,m,C,I,6,6,0,n,1,1.9719847000087611,None,m,1,0.8034862999920733,None,,,,,,,,,0,6,6,8,,,,,521.7952693999978,,,,,,,,,521.7910629999824,521.7952693999978,522.2662394999643,522.2662394999643,522.2995904999552,524.2497741999687,,,,,524.2512820999837,524.7487934999517,524.7487934999517,525.5657609999762,,,,,,,,,,,,,,,,,,,,,,,,n,1,1.9719847000087611,None,m,1,0.8034862999920733,None,,,,,,,,,700199,001,2025-11-24_15h58.45.470,soloProject,,2025.1.1,60.13276109880783,2025-11-24 15h58.46.898498 +0530,
Faces/CFD-IF-601-519-N.jpg,m,doll,n,C,I,7,7,0,m,1,0.7456660000025295,None,n,1,0.5259589999914169,None,,,,,,,,,0,7,7,1,,,,,525.6163060999825,,,,,,,,,525.61134329997,525.6163060999825,526.0662108999677,526.0662108999677,526.1163595999824,526.8162938999594,,,,,526.8178289999487,527.3151889999863,527.3151889999863,527.849366999988,,,,,,,,,,,,,,,,,,,,,,,,m,1,0.7456660000025295,None,n,1,0.5259589999914169,None,,,,,,,,,700199,001,2025-11-24_15h58.45.470,soloProject,,2025.1.1,60.13276109880783,2025-11-24 15h58.46.898498 +0530,
Faces/CFD-IF-602-134-N.jpg,m,hammer,m,I,I,8,8,0,m,1,0.7403908999986015,None,m,1,0.5823194000404328,None,,,,,,,,,0,8,8,4,,,,,527.8974880999885,,,,,,,,,527.8930483000004,527.8974880999885,528.3491985999863,528.3491985999863,528.3996641999693,529.0996305999579,,,,,529.1009635999799,529.6151354999747,529.6151354999747,530.1990393999731,,,,,,,,,,,,,,,,,,,,,,,,m,1,0.7403908999986015,None,m,1,0.5823194000404328,None,,,,,,,,,700199,001,2025-11-24_15h58.45.470,soloProject,,2025.1.1,60.13276109880783,2025-11-24 15h58.46.898498 +0530,
Faces/CFD-IM-731-223-N.jpg,n,jewelry,n,I,I,9,9,0,n,1,0.9137072000303306,None,n,1,0.7468853000318632,None,,,,,,,,,0,9,9,11,,,,,530.2468957999954,,,,,,,,,530.2425418999628,530.2468957999954,530.6989069999545,530.6989069999545,530.749045799952,531.6161004999885,,,,,531.6174925999949,532.1158223999664,532.1158223999664,532.8656996999634,,,,,,,,,,,,,,,,,,,,,,,,n,1,0.9137072000303306,None,n,1,0.7468853000318632,None,,,,,,,,,700199,001,2025-11-24_15h58.45.470,soloProject,,2025.1.1,60.13276109880783,2025-11-24 15h58.46.898498 +0530,
Faces/CFD-IF-602-134-N.jpg,m,beer,m,I,I,10,10,0,m,1,0.6653168000048026,None,m,1,0.807200199982617,None,,,,,,,,,0,10,10,3,,,,,532.9167773999507,,,,,,,,,532.9119047999848,532.9167773999507,533.3656862999778,533.3656862999778,533.4162544999854,534.0329753999831,,,,,534.0343704999541,534.5487022000016,534.5487022000016,535.3655594000011,,,,,,,,,,,,,,,,,,,,,,,,m,1,0.6653168000048026,None,m,1,0.807200199982617,None,,,,,,,,,700199,001,2025-11-24_15h58.45.470,soloProject,,2025.1.1,60.13276109880783,2025-11-24 15h58.46.898498 +0530,
Faces/CFD-IM-728-041-N.jpg,n,briefcase,m,C,I,11,11,0,n,1,1.2448454999830574,None,m,1,1.2113194999983534,None,,,,,,,,,0,11,11,6,,,,,535.4091997999931,,,,,,,,,535.4047194999876,535.4091997999931,535.8656677999534,535.8656677999534,535.915903199988,537.1163285999792,,,,,537.1175338999601,537.632239700004,537.632239700004,538.8495062000002,,,,,,,,,,,,,,,,,,,,,,,,n,1,1.2448454999830574,None,m,1,1.2113194999983534,None,,,,,,,,,700199,001,2025-11-24_15h58.45.470,soloProject,,2025.1.1,60.13276109880783,2025-11-24 15h58.46.898498 +0530,
,,,,,,,,,,,,,,,,,,,,,,,,,,,,,,,,,,,,,,,,,,,,,,,,,,,,,,,,,,,,538.8495867999736,538.8651281999773,540.4042909999844,540.348650400003,,,,,,,,,,,,,,,,,,,,,,,,,,,,,,,,700199,001,2025-11-24_15h58.45.470,soloProject,,2025.1.1,60.13276109880783,2025-11-24 15h58.46.898498 +0530,
Faces/CFD-IM-736-361-N.jpg,n,briefcase,m,C,I,0,0,0,n,1,1.01474660000531,None,m,1,0.7323551999870688,None,,,,,,,,,,,,,0,0,0,75,540.4042909999844,,,,,,,,,540.3999376999564,540.4042909999844,540.8657678999589,540.8657678999589,540.9154303999967,541.8825422999798,,,,,541.8825900999946,542.3821290999767,542.3821290999767,543.1160267999512,,,,,,,,,,,,,,,,,,,,,,,,,,,,,,,,n,1,1.01474660000531,None,m,1,0.7323551999870688,None,700199,001,2025-11-24_15h58.45.470,soloProject,,2025.1.1,60.13276109880783,2025-11-24 15h58.46.898498 +0530,
Faces/CFD-IM-739-012-N.jpg,n,perfume,n,I,I,1,1,0,n,1,0.6728656000341289,None,n,1,0.6473741999943741,None,,,,,,,,,,,,,0,1,1,114,543.1593529999955,,,,,,,,,543.1552007999853,543.1593529999955,543.6156389999669,543.6156389999669,543.6656452000025,544.2993043999886,,,,,544.3006902000052,544.8150215999922,544.8150215999922,545.4654591999715,,,,,,,,,,,,,,,,,,,,,,,,,,,,,,,,n,1,0.6728656000341289,None,n,1,0.6473741999943741,None,700199,001,2025-11-24_15h58.45.470,soloProject,,2025.1.1,60.13276109880783,2025-11-24 15h58.46.898498 +0530,
Faces/CFD-IM-728-041-N.jpg,n,beer,m,C,I,2,2,0,n,1,0.7077769999741577,None,m,1,1.0758648000191897,None,,,,,,,,,,,,,0,2,2,60,545.5139510000008,,,,,,,,,545.5097884999705,545.5139510000008,545.9660145999514,545.9660145999514,546.0156926999916,546.6823839999852,,,,,546.6835203999653,547.1820940999896,547.1820940999896,548.2657000999898,,,,,,,,,,,,,,,,,,,,,,,,,,,,,,,,n,1,0.7077769999741577,None,m,1,1.0758648000191897,None,700199,001,2025-11-24_15h58.45.470,soloProject,,2025.1.1,60.13276109880783,2025-11-24 15h58.46.898498 +0530,
Faces/CFD-IF-608-390-N.jpg,m,doll,n,C,I,3,3,0,m,1,0.912685900053475,None,n,1,0.7694749000365846,None,,,,,,,,,,,,,0,3,3,19,548.3148913999903,,,,,,,,,548.3103698999621,548.3148913999903,548.7658567999606,548.7658567999606,548.8158479999984,549.6842803999898,,,,,549.6855895000044,550.1987547999597,550.1987547999597,550.9833114999929,,,,,,,,,,,,,,,,,,,,,,,,,,,,,,,,m,1,0.912685900053475,None,n,1,0.7694749000365846,None,700199,001,2025-11-24_15h58.45.470,soloProject,,2025.1.1,60.13276109880783,2025-11-24 15h58.46.898498 +0530,
Faces/CFD-IF-601-519-N.jpg,m,doll,n,C,I,4,4,0,m,1,0.794921400025487,None,n,1,0.5164002000237815,None,,,,,,,,,,,,,0,4,4,1,551.0301816999563,,,,,,,,,551.0259257999714,551.0301816999563,551.4986339999596,551.4986339999596,551.5325308999745,552.299490699952,,,,,552.2995380999637,552.7988131999737,552.7988131999737,553.3156371999648,,,,,,,,,,,,,,,,,,,,,,,,,,,,,,,,m,1,0.794921400025487,None,n,1,0.5164002000237815,None,700199,001,2025-11-24_15h58.45.470,soloProject,,2025.1.1,60.13276109880783,2025-11-24 15h58.46.898498 +0530,
Faces/CFD-IF-601-519-N.jpg,m,football,m,I,I,5,5,0,m,1,0.6090306999976747,None,m,1,0.625685999984853,None,,,,,,,,,,,,,0,5,5,35,553.3654668999952,,,,,,,,,553.3609154999722,553.3654668999952,553.8158874999499,553.8158874999499,553.8656778999721,554.4322251999984,,,,,554.4336564999539,554.9316027999739,554.9316027999739,555.5654643999878,,,,,,,,,,,,,,,,,,,,,,,,,,,,,,,,m,1,0.6090306999976747,None,m,1,0.625685999984853,None,700199,001,2025-11-24_15h58.45.470,soloProject,,2025.1.1,60.13276109880783,2025-11-24 15h58.46.898498 +0530,
Faces/CFD-IM-731-223-N.jpg,n,cigar,m,C,I,6,6,0,n,1,0.8168374999659136,None,m,1,0.7227936999988742,None,,,,,,,,,,,,,0,6,6,70,555.6129052999895,,,,,,,,,555.6085405999911,555.6129052999895,556.0658076999825,556.0658076999825,556.1155272999895,556.8830501999473,,,,,556.8842342999997,557.3985312999575,557.3985312999575,558.1316722999909,,,,,,,,,,,,,,,,,,,,,,,,,,,,,,,,n,1,0.8168374999659136,None,m,1,0.7227936999988742,None,700199,001,2025-11-24_15h58.45.470,soloProject,,2025.1.1,60.13276109880783,2025-11-24 15h58.46.898498 +0530,
Faces/CFD-IM-739-012-N.jpg,n,football,m,C,I,7,7,0,n,1,2.183779999963008,None,m,1,2.3512260999996215,None,,,,,,,,,,,,,0,7,7,89,558.1783447999624,,,,,,,,,558.1737904999754,558.1783447999624,558.6324609000003,558.6324609000003,558.6824020999484,560.832362999965,,,,,560.8338306999649,561.3316717999987,561.3316717999987,563.6983058999758,,,,,,,,,,,,,,,,,,,,,,,,,,,,,,,,n,1,2.183779999963008,None,m,1,2.3512260999996215,None,700199,001,2025-11-24_15h58.45.470,soloProject,,2025.1.1,60.13276109880783,2025-11-24 15h58.46.898498 +0530,
Faces/CFD-IM-736-361-N.jpg,n,lipstick,n,I,I,8,8,0,n,1,0.859195200027898,None,n,1,0.5568852000287734,None,,,,,,,,,,,,,0,8,8,106,563.7487575999694,,,,,,,,,563.7442186999833,563.7487575999694,564.1990440999507,564.1990440999507,564.2488813999807,565.0657710999949,,,,,565.0676774999592,565.5650165999541,565.5650165999541,566.1321175999474,,,,,,,,,,,,,,,,,,,,,,,,,,,,,,,,n,1,0.859195200027898,None,n,1,0.5568852000287734,None,700199,001,2025-11-24_15h58.45.470,soloProject,,2025.1.1,60.13276109880783,2025-11-24 15h58.46.898498 +0530,
Faces/CFD-IF-601-519-N.jpg,m,dress,n,C,I,9,9,0,m,1,0.6780069000087678,None,n,1,0.5066394999739714,None,,,,,,,,,,,,,0,9,9,3,566.181916099973,,,,,,,,,566.1776223999914,566.181916099973,566.6321135999751,566.6321135999751,566.6823003999889,567.3155357999494,,,,,567.3167796999915,567.8313827999518,567.8313827999518,568.3484465999645,,,,,,,,,,,,,,,,,,,,,,,,,,,,,,,,m,1,0.6780069000087678,None,n,1,0.5066394999739714,None,700199,001,2025-11-24_15h58.45.470,soloProject,,2025.1.1,60.13276109880783,2025-11-24 15h58.46.898498 +0530,
Faces/CFD-IF-601-519-N.jpg,m,hammer,m,I,I,10,10,0,m,1,0.7484573000110686,None,m,1,1.5991625999449752,None,,,,,,,,,,,,,0,10,10,31,568.3985837999498,,,,,,,,,568.3939468999743,568.3985837999498,568.8489501999575,568.8489501999575,568.8988952999935,569.5999771999777,,,,,569.6011045999476,570.1144702999736,570.1144702999736,571.7152268999489,,,,,,,,,,,,,,,,,,,,,,,,,,,,,,,,m,1,0.7484573000110686,None,m,1,1.5991625999449752,None,700199,001,2025-11-24_15h58.45.470,soloProject,,2025.1.1,60.13276109880783,2025-11-24 15h58.46.898498 +0530,
Faces/CFD-IM-731-223-N.jpg,n,doll,n,I,I,11,11,0,n,1,0.7581573000061326,None,n,1,0.673366500006523,None,,,,,,,,,,,,,0,11,11,97,571.7627565999865,,,,,,,,,571.7577625999693,571.7627565999865,572.2149762999616,572.2149762999616,572.2650717999786,572.982654899999,,,,,572.9839512999752,573.4983994999784,573.4983994999784,574.1816173999687,,,,,,,,,,,,,,,,,,,,,,,,,,,,,,,,n,1,0.7581573000061326,None,n,1,0.673366500006523,None,700199,001,2025-11-24_15h58.45.470,soloProject,,2025.1.1,60.13276109880783,2025-11-24 15h58.46.898498 +0530,
Faces/CFD-IF-609-408-N.jpg,m,doll,n,C,I,12,12,0,m,1,3.1113397000008263,None,n,1,0.5737824999960139,None,,,,,,,,,,,,,0,12,12,25,574.22859959997,,,,,,,,,574.2240331999492,574.22859959997,574.682436299976,574.682436299976,574.7316315999487,577.7987519999733,,,,,577.7987998999888,578.2982757999562,578.2982757999562,578.8814847999602,,,,,,,,,,,,,,,,,,,,,,,,,,,,,,,,m,1,3.1113397000008263,None,n,1,0.5737824999960139,None,700199,001,2025-11-24_15h58.45.470,soloProject,,2025.1.1,60.13276109880783,2025-11-24 15h58.46.898498 +0530,
Faces/CFD-IF-609-408-N.jpg,m,football,m,I,I,13,13,0,m,1,0.6837684999918565,None,n,0,0.7908983999514021,None,,,,,,,,,,,,,0,13,13,59,578.9254727999796,,,,,,,,,578.9207059000037,578.9254727999796,579.3819536999799,579.3819536999799,579.4314566999674,580.0660161999986,,,,,580.0674738999805,580.5645106000011,580.5645106000011,581.3645222999621,,,,,,,,,,,,,,,,,,,,,,,,,,,,,,,,m,1,0.6837684999918565,None,n,0,0.7908983999514021,None,700199,001,2025-11-24_15h58.45.470,soloProject,,2025.1.1,60.13276109880783,2025-11-24 15h58.46.898498 +0530,
Faces/CFD-IF-605-066-N.jpg,m,hammer,m,I,I,14,14,0,m,1,2.4291044999845326,None,m,1,0.5762911000056192,None,,,,,,,,,,,,,0,14,14,43,581.4117220999906,,,,,,,,,581.4070191999781,581.4117220999906,581.8647912999731,581.8647912999731,581.9149064999656,584.2992148000048,,,,,584.3005730999867,584.8147761999862,584.8147761999862,585.3981477999478,,,,,,,,,,,,,,,,,,,,,,,,,,,,,,,,m,1,2.4291044999845326,None,m,1,0.5762911000056192,None,700199,001,2025-11-24_15h58.45.470,soloProject,,2025.1.1,60.13276109880783,2025-11-24 15h58.46.898498 +0530,
Faces/CFD-IF-602-134-N.jpg,m,beer,m,I,I,15,15,0,m,1,0.6317763999686576,None,m,1,1.0091312000295147,None,,,,,,,,,,,,,0,15,15,36,585.4480539999786,,,,,,,,,585.4430137999589,585.4480539999786,585.8983837999986,585.8983837999986,585.948405699979,586.5322652999894,,,,,586.5333615999552,587.0314081999823,587.0314081999823,588.0479966999847,,,,,,,,,,,,,,,,,,,,,,,,,,,,,,,,m,1,0.6317763999686576,None,m,1,1.0091312000295147,None,700199,001,2025-11-24_15h58.45.470,soloProject,,2025.1.1,60.13276109880783,2025-11-24 15h58.46.898498 +0530,
Faces/CFD-IM-736-361-N.jpg,n,doll,n,I,I,16,16,0,n,1,0.5002442999975756,None,n,1,0.7443017000332475,None,,,,,,,,,,,,,0,16,16,103,588.0917443999788,,,,,,,,,588.0871979999938,588.0917443999788,588.5480276999879,588.5480276999879,588.5986111999955,589.048696999962,,,,,589.0501748999814,589.5486916999798,589.5486916999798,590.2984870999935,,,,,,,,,,,,,,,,,,,,,,,,,,,,,,,,n,1,0.5002442999975756,None,n,1,0.7443017000332475,None,700199,001,2025-11-24_15h58.45.470,soloProject,,2025.1.1,60.13276109880783,2025-11-24 15h58.46.898498 +0530,
Faces/CFD-IF-608-390-N.jpg,m,bowtie,m,I,I,17,17,0,m,1,0.8285612000036053,None,m,1,0.5661685999948531,None,,,,,,,,,,,,,0,17,17,50,590.3478938000044,,,,,,,,,590.3433461999521,590.3478938000044,590.7990092999535,590.7990092999535,590.8492953999666,591.6318857999868,,,,,591.633160599973,592.1475346999941,592.1475346999941,592.7154554000008,,,,,,,,,,,,,,,,,,,,,,,,,,,,,,,,m,1,0.8285612000036053,None,m,1,0.5661685999948531,None,700199,001,2025-11-24_15h58.45.470,soloProject,,2025.1.1,60.13276109880783,2025-11-24 15h58.46.898498 +0530,
Faces/CFD-IF-608-390-N.jpg,m,football,m,I,I,18,18,0,m,1,0.5367485000169836,None,m,1,0.5450639000046067,None,,,,,,,,,,,,,0,18,18,53,592.7651488999836,,,,,,,,,592.7609423999675,592.7651488999836,593.2315565999597,593.2315565999597,593.264823000005,593.7818450999912,,,,,593.7834454999538,594.2976724999608,594.2976724999608,594.8484500999912,,,,,,,,,,,,,,,,,,,,,,,,,,,,,,,,m,1,0.5367485000169836,None,m,1,0.5450639000046067,None,700199,001,2025-11-24_15h58.45.470,soloProject,,2025.1.1,60.13276109880783,2025-11-24 15h58.46.898498 +0530,
Faces/CFD-IF-605-066-N.jpg,m,bowtie,m,I,I,19,19,0,m,1,0.7966873000259511,None,m,1,0.43807259999448434,None,,,,,,,,,,,,,0,19,19,44,594.8957081999979,,,,,,,,,594.8913236999651,594.8957081999979,595.3651379999937,595.3651379999937,595.3979881999549,596.1658155999612,,,,,596.1672002999694,596.6811373999808,596.6811373999808,597.1314726999844,,,,,,,,,,,,,,,,,,,,,,,,,,,,,,,,m,1,0.7966873000259511,None,m,1,0.43807259999448434,None,700199,001,2025-11-24_15h58.45.470,soloProject,,2025.1.1,60.13276109880783,2025-11-24 15h58.46.898498 +0530,
Faces/CFD-IF-601-519-N.jpg,m,beer,m,I,I,20,20,0,m,1,0.5048012999468483,None,m,1,0.48608230001991615,None,,,,,,,,,,,,,0,20,20,30,597.1785864999983,,,,,,,,,597.1739434999763,597.1785864999983,597.6315576999914,597.6315576999914,597.6816385999555,598.1486103999778,,,,,598.1496602999978,598.6479428999592,598.6479428999592,599.1479413000052,,,,,,,,,,,,,,,,,,,,,,,,,,,,,,,,m,1,0.5048012999468483,None,m,1,0.48608230001991615,None,700199,001,2025-11-24_15h58.45.470,soloProject,,2025.1.1,60.13276109880783,2025-11-24 15h58.46.898498 +0530,
Faces/CFD-IM-739-012-N.jpg,n,bowtie,m,C,I,21,21,0,n,1,0.4880649999831803,None,m,1,0.5877248999895528,None,,,,,,,,,,,,,0,21,21,86,599.1931046999525,,,,,,,,,599.1882131999591,599.1931046999525,599.6484944999684,599.6484944999684,599.6985162999481,600.1484064999968,,,,,600.1496502999798,600.647883699974,600.647883699974,601.2478339999798,,,,,,,,,,,,,,,,,,,,,,,,,,,,,,,,n,1,0.4880649999831803,None,m,1,0.5877248999895528,None,700199,001,2025-11-24_15h58.45.470,soloProject,,2025.1.1,60.13276109880783,2025-11-24 15h58.46.898498 +0530,
Faces/CFD-IF-608-390-N.jpg,m,beer,m,I,I,22,22,0,m,1,0.7256759000010788,None,m,1,0.571663599985186,None,,,,,,,,,,,,,0,22,22,48,601.2960692999768,,,,,,,,,601.2915699000005,601.2960692999768,601.7484861999983,601.7484861999983,601.7980113999802,602.481777399953,,,,,602.4835797999986,602.9809142999584,602.9809142999584,603.5645799000049,,,,,,,,,,,,,,,,,,,,,,,,,,,,,,,,m,1,0.7256759000010788,None,m,1,0.571663599985186,None,700199,001,2025-11-24_15h58.45.470,soloProject,,2025.1.1,60.13276109880783,2025-11-24 15h58.46.898498 +0530,
Faces/CFD-IF-608-390-N.jpg,m,jewelry,n,C,I,23,23,0,m,1,0.4751158999861218,None,n,1,0.5754666999564506,None,,,,,,,,,,,,,0,23,23,23,603.6157491999911,,,,,,,,,603.6111860999954,603.6157491999911,604.0645402999944,604.0645402999944,604.1313694999553,604.5482573999907,,,,,604.5498047999572,605.0474776999908,605.0474776999908,605.6310096999514,,,,,,,,,,,,,,,,,,,,,,,,,,,,,,,,m,1,0.4751158999861218,None,n,1,0.5754666999564506,None,700199,001,2025-11-24_15h58.45.470,soloProject,,2025.1.1,60.13276109880783,2025-11-24 15h58.46.898498 +0530,
Faces/CFD-IM-728-041-N.jpg,n,flower,n,I,I,24,24,0,n,1,0.6800927000003867,None,n,1,0.7919360999949276,None,,,,,,,,,,,,,0,24,24,92,605.6778064999962,,,,,,,,,605.6734989999677,605.6778064999962,606.1312696999521,606.1312696999521,606.181411699974,606.8148364999797,,,,,606.816146600002,607.3144884999492,607.3144884999492,608.1148503999575,,,,,,,,,,,,,,,,,,,,,,,,,,,,,,,,n,1,0.6800927000003867,None,n,1,0.7919360999949276,None,700199,001,2025-11-24_15h58.45.470,soloProject,,2025.1.1,60.13276109880783,2025-11-24 15h58.46.898498 +0530,
Faces/CFD-IF-609-408-N.jpg,m,briefcase,m,I,I,25,25,0,m,1,0.4836342000053264,None,m,1,0.5227457000291906,None,,,,,,,,,,,,,0,25,25,57,608.1637178999954,,,,,,,,,608.1590878999559,608.1637178999954,608.6156308999634,608.6156308999634,608.6647729999968,609.1152663999819,,,,,609.1166496999795,609.614315099956,609.614315099956,610.1480963999638,,,,,,,,,,,,,,,,,,,,,,,,,,,,,,,,m,1,0.4836342000053264,None,m,1,0.5227457000291906,None,700199,001,2025-11-24_15h58.45.470,soloProject,,2025.1.1,60.13276109880783,2025-11-24 15h58.46.898498 +0530,
Faces/CFD-IF-601-519-N.jpg,m,lipstick,n,C,I,26,26,0,m,1,0.667827999975998,None,n,1,0.527924099995289,None,,,,,,,,,,,,,0,26,26,4,610.1959186999593,,,,,,,,,610.1913551999605,610.1959186999593,610.6479308999842,610.6479308999842,610.6977943999809,611.3160586999729,,,,,611.3175715999678,611.8310338999727,611.8310338999727,612.3647490000003,,,,,,,,,,,,,,,,,,,,,,,,,,,,,,,,m,1,0.667827999975998,None,n,1,0.527924099995289,None,700199,001,2025-11-24_15h58.45.470,soloProject,,2025.1.1,60.13276109880783,2025-11-24 15h58.46.898498 +0530,
Faces/CFD-IM-739-012-N.jpg,n,briefcase,m,C,I,27,27,0,n,1,0.7126765999710187,None,m,1,0.7755347999627702,None,,,,,,,,,,,,,0,27,27,87,612.4105541000026,,,,,,,,,612.406166300003,612.4105541000026,612.8648027000017,612.8648027000017,612.9146231999621,613.5816916999756,,,,,613.5828795999987,614.0973416999914,614.0973416999914,614.8809017000021,,,,,,,,,,,,,,,,,,,,,,,,,,,,,,,,n,1,0.7126765999710187,None,m,1,0.7755347999627702,None,700199,001,2025-11-24_15h58.45.470,soloProject,,2025.1.1,60.13276109880783,2025-11-24 15h58.46.898498 +0530,
Faces/CFD-IF-605-066-N.jpg,m,jewelry,n,C,I,28,28,0,m,1,0.4545069999876432,None,n,1,0.6189600999932736,None,,,,,,,,,,,,,0,28,28,17,614.9264807999716,,,,,,,,,614.9216310999473,614.9264807999716,615.3810847999994,615.3810847999994,615.4311480000033,615.8481997999479,,,,,615.849494199967,616.36434619996,616.36434619996,616.9836387999821,,,,,,,,,,,,,,,,,,,,,,,,,,,,,,,,m,1,0.4545069999876432,None,n,1,0.6189600999932736,None,700199,001,2025-11-24_15h58.45.470,soloProject,,2025.1.1,60.13276109880783,2025-11-24 15h58.46.898498 +0530,
Faces/CFD-IF-602-134-N.jpg,m,doll,n,C,I,29,29,0,m,1,0.6852299000020139,None,n,1,0.9862637000042014,None,,,,,,,,,,,,,0,29,29,7,617.0339066999732,,,,,,,,,617.0297452999512,617.0339066999732,617.4978325999691,617.4978325999691,617.5479909999995,618.1979657000047,,,,,618.1991455999669,618.6973375999951,618.6973375999951,619.6975616999553,,,,,,,,,,,,,,,,,,,,,,,,,,,,,,,,m,1,0.6852299000020139,None,n,1,0.9862637000042014,None,700199,001,2025-11-24_15h58.45.470,soloProject,,2025.1.1,60.13276109880783,2025-11-24 15h58.46.898498 +0530,
Faces/CFD-IM-731-223-N.jpg,n,bowtie,m,C,I,30,30,0,n,1,0.6945702999946661,None,m,1,0.594686400028877,None,,,,,,,,,,,,,0,30,30,68,619.747252399975,,,,,,,,,619.7428080999525,619.747252399975,620.1981844999827,620.1981844999827,620.2477725999779,620.898466899991,,,,,620.8996658999822,621.4138515999657,621.4138515999657,622.0145790999522,,,,,,,,,,,,,,,,,,,,,,,,,,,,,,,,n,1,0.6945702999946661,None,m,1,0.594686400028877,None,700199,001,2025-11-24_15h58.45.470,soloProject,,2025.1.1,60.13276109880783,2025-11-24 15h58.46.898498 +0530,
Faces/CFD-IM-731-223-N.jpg,n,flower,n,I,I,31,31,0,n,1,0.6723715999978594,None,n,1,0.6576390999834985,None,,,,,,,,,,,,,0,31,31,98,622.0618261999916,,,,,,,,,622.0573298999807,622.0618261999916,622.5144335999503,622.5144335999503,622.5646951999515,623.1981263000052,,,,,623.199596499966,623.6972172999522,623.6972172999522,624.3641389999539,,,,,,,,,,,,,,,,,,,,,,,,,,,,,,,,n,1,0.6723715999978594,None,n,1,0.6576390999834985,None,700199,001,2025-11-24_15h58.45.470,soloProject,,2025.1.1,60.13276109880783,2025-11-24 15h58.46.898498 +0530,
Faces/CFD-IF-608-390-N.jpg,m,perfume,n,C,I,32,32,0,m,1,0.6584995999583043,None,n,1,1.7518699999782257,None,,,,,,,,,,,,,0,32,32,18,624.4125509999576,,,,,,,,,624.4081845000037,624.4125509999576,624.864350399992,624.864350399992,624.9144068000023,625.5318077999982,,,,,625.5331446999917,626.0475260999519,626.0475260999519,627.8150025999639,,,,,,,,,,,,,,,,,,,,,,,,,,,,,,,,m,1,0.6584995999583043,None,n,1,1.7518699999782257,None,700199,001,2025-11-24_15h58.45.470,soloProject,,2025.1.1,60.13276109880783,2025-11-24 15h58.46.898498 +0530,
Faces/CFD-IM-728-041-N.jpg,n,perfume,n,I,I,33,33,0,n,1,0.7536057000397705,None,n,1,0.8110943000065163,None,,,,,,,,,,,,,0,33,33,90,627.8656136999489,,,,,,,,,627.8609908999642,627.8656136999489,628.3310243999586,628.3310243999586,628.381029399985,629.0983584999922,,,,,629.0984066999517,629.6137856999994,629.6137856999994,630.4307354000048,,,,,,,,,,,,,,,,,,,,,,,,,,,,,,,,n,1,0.7536057000397705,None,n,1,0.8110943000065163,None,700199,001,2025-11-24_15h58.45.470,soloProject,,2025.1.1,60.13276109880783,2025-11-24 15h58.46.898498 +0530,
Faces/CFD-IF-605-066-N.jpg,m,cigar,m,I,I,34,34,0,m,1,0.5869204999762587,None,n,0,0.7973783999914303,None,,,,,,,,,,,,,0,34,34,46,630.4773107999936,,,,,,,,,630.4725674999645,630.4773107999936,630.9310010999907,630.9310010999907,630.980811699992,631.5314032000024,,,,,631.5328789999476,632.0308237999561,632.0308237999561,632.8307419999619,,,,,,,,,,,,,,,,,,,,,,,,,,,,,,,,m,1,0.5869204999762587,None,n,0,0.7973783999914303,None,700199,001,2025-11-24_15h58.45.470,soloProject,,2025.1.1,60.13276109880783,2025-11-24 15h58.46.898498 +0530,
Faces/CFD-IM-739-012-N.jpg,n,cigar,m,C,I,35,35,0,n,1,1.3751590000465512,None,m,1,0.6499527000123635,None,,,,,,,,,,,,,0,35,35,88,632.8775072999997,,,,,,,,,632.873162599979,632.8775072999997,633.3313360000029,633.3313360000029,633.381321599998,634.7146701999591,,,,,634.714715399954,635.2302744999761,635.2302744999761,635.8806308999774,,,,,,,,,,,,,,,,,,,,,,,,,,,,,,,,n,1,1.3751590000465512,None,m,1,0.6499527000123635,None,700199,001,2025-11-24_15h58.45.470,soloProject,,2025.1.1,60.13276109880783,2025-11-24 15h58.46.898498 +0530,
Faces/CFD-IF-601-519-N.jpg,m,jewelry,n,C,I,36,36,0,m,1,1.469914700021036,None,n,1,0.6786570999538526,None,,,,,,,,,,,,,0,36,36,5,635.9271849999786,,,,,,,,,635.9227357999771,635.9271849999786,636.3808053999674,636.3808053999674,636.4309455999755,637.8649241999956,,,,,637.8663008000003,638.3806792999967,638.3806792999967,639.0639999999548,,,,,,,,,,,,,,,,,,,,,,,,,,,,,,,,m,1,1.469914700021036,None,n,1,0.6786570999538526,None,700199,001,2025-11-24_15h58.45.470,soloProject,,2025.1.1,60.13276109880783,2025-11-24 15h58.46.898498 +0530,
Faces/CFD-IM-728-041-N.jpg,n,doll,n,I,I,37,37,0,n,1,0.5889053999562748,None,n,1,2.321777999983169,None,,,,,,,,,,,,,0,37,37,91,639.1128103999654,,,,,,,,,639.1083590999478,639.1128103999654,639.5645020999946,639.5645020999946,639.614240099967,640.1643918000045,,,,,640.1658768999623,640.665006199968,640.665006199968,642.9976343999733,,,,,,,,,,,,,,,,,,,,,,,,,,,,,,,,n,1,0.5889053999562748,None,n,1,2.321777999983169,None,700199,001,2025-11-24_15h58.45.470,soloProject,,2025.1.1,60.13276109880783,2025-11-24 15h58.46.898498 +0530,
Faces/CFD-IM-731-223-N.jpg,n,dress,n,I,I,38,38,0,n,1,0.7810598000069149,None,n,1,1.6500442999531515,None,,,,,,,,,,,,,0,38,38,99,643.048974299978,,,,,,,,,643.0443691999535,643.048974299978,643.4977311999537,643.4977311999537,643.5645084999851,644.2807932999567,,,,,644.282037500001,644.7801055999589,644.7801055999589,646.4310088999919,,,,,,,,,,,,,,,,,,,,,,,,,,,,,,,,n,1,0.7810598000069149,None,n,1,1.6500442999531515,None,700199,001,2025-11-24_15h58.45.470,soloProject,,2025.1.1,60.13276109880783,2025-11-24 15h58.46.898498 +0530,
Faces/CFD-IM-736-361-N.jpg,n,jewelry,n,I,I,39,39,0,n,1,0.4005248000030406,None,n,1,0.523317200015299,None,,,,,,,,,,,,,0,39,39,107,646.4787705999915,,,,,,,,,646.4736752999597,646.4787705999915,646.93061879999,646.93061879999,646.9806257999735,647.3315554999863,,,,,647.3329575999524,647.8306204999681,647.8306204999681,648.3637963999645,,,,,,,,,,,,,,,,,,,,,,,,,,,,,,,,n,1,0.4005248000030406,None,n,1,0.523317200015299,None,700199,001,2025-11-24_15h58.45.470,soloProject,,2025.1.1,60.13276109880783,2025-11-24 15h58.46.898498 +0530,
Faces/CFD-IF-602-134-N.jpg,m,flower,n,C,I,40,40,0,m,1,0.5937364000128582,None,n,1,0.6282493000035174,None,,,,,,,,,,,,,0,40,40,8,648.4186013999861,,,,,,,,,648.4141012000036,648.4186013999861,648.863771299948,648.863771299948,648.930407399952,649.4644232999999,,,,,649.4658548999578,649.9630505999667,649.9630505999667,650.5981875999714,,,,,,,,,,,,,,,,,,,,,,,,,,,,,,,,m,1,0.5937364000128582,None,n,1,0.6282493000035174,None,700199,001,2025-11-24_15h58.45.470,soloProject,,2025.1.1,60.13276109880783,2025-11-24 15h58.46.898498 +0530,
Faces/CFD-IM-731-223-N.jpg,n,football,m,C,I,41,41,0,n,1,2.3280391999869607,None,m,1,0.9409831000375561,None,,,,,,,,,,,,,0,41,41,71,650.6488025999861,,,,,,,,,650.6440695999772,650.6488025999861,651.1143372999504,651.1143372999504,651.164009799948,653.4479358999524,,,,,653.4493665999616,653.9470974999713,653.9470974999713,654.8971360999858,,,,,,,,,,,,,,,,,,,,,,,,,,,,,,,,n,1,2.3280391999869607,None,m,1,0.9409831000375561,None,700199,001,2025-11-24_15h58.45.470,soloProject,,2025.1.1,60.13276109880783,2025-11-24 15h58.46.898498 +0530,
Faces/CFD-IM-738-191-N.jpg,n,perfume,n,I,I,42,42,0,m,0,0.5643194000003859,None,n,1,0.6512913000187837,None,,,,,,,,,,,,,0,42,42,108,654.9463868999737,,,,,,,,,654.9417200000025,654.9463868999737,655.3975455999607,655.3975455999607,655.4476108999806,655.9643622000003,,,,,655.9657999000046,656.4636777999694,656.4636777999694,657.1306947999983,,,,,,,,,,,,,,,,,,,,,,,,,,,,,,,,m,0,0.5643194000003859,None,n,1,0.6512913000187837,None,700199,001,2025-11-24_15h58.45.470,soloProject,,2025.1.1,60.13276109880783,2025-11-24 15h58.46.898498 +0530,
Faces/CFD-IF-602-134-N.jpg,m,hammer,m,I,I,43,43,0,n,0,0.9941403999691829,None,m,1,1.0968631000141613,None,,,,,,,,,,,,,0,43,43,37,657.1828384999535,,,,,,,,,657.1782184999902,657.1828384999535,657.6476197000011,657.6476197000011,657.6974582999828,658.6477272000047,,,,,658.6489235999761,659.1468444999773,659.1468444999773,660.247198499972,,,,,,,,,,,,,,,,,,,,,,,,,,,,,,,,n,0,0.9941403999691829,None,m,1,1.0968631000141613,None,700199,001,2025-11-24_15h58.45.470,soloProject,,2025.1.1,60.13276109880783,2025-11-24 15h58.46.898498 +0530,
Faces/CFD-IM-731-223-N.jpg,n,lipstick,n,I,I,44,44,0,n,1,0.7557240000460297,None,n,1,0.6866063000052236,None,,,,,,,,,,,,,0,44,44,100,660.2939640999539,,,,,,,,,660.289743500005,660.2939640999539,660.7475861999555,660.7475861999555,660.7975408999482,661.5140662999474,,,,,661.5155648999498,662.030310699949,662.030310699949,662.7305889999843,,,,,,,,,,,,,,,,,,,,,,,,,,,,,,,,n,1,0.7557240000460297,None,n,1,0.6866063000052236,None,700199,001,2025-11-24_15h58.45.470,soloProject,,2025.1.1,60.13276109880783,2025-11-24 15h58.46.898498 +0530,
Faces/CFD-IM-736-361-N.jpg,n,hammer,m,C,I,45,45,0,n,1,0.6703052000375465,None,m,1,0.515249699994456,None,,,,,,,,,,,,,0,45,45,73,662.7795720999711,,,,,,,,,662.7748936999706,662.7795720999711,663.2307612999575,663.2307612999575,663.2805049999733,663.9145176999737,,,,,663.9157795999781,664.4135326999822,664.4135326999822,664.9302417999716,,,,,,,,,,,,,,,,,,,,,,,,,,,,,,,,n,1,0.6703052000375465,None,m,1,0.515249699994456,None,700199,001,2025-11-24_15h58.45.470,soloProject,,2025.1.1,60.13276109880783,2025-11-24 15h58.46.898498 +0530,
Faces/CFD-IM-739-012-N.jpg,n,hammer,m,C,I,46,46,0,n,1,0.766958300024271,None,m,1,0.5087547000148334,None,,,,,,,,,,,,,0,46,46,85,664.981096799951,,,,,,,,,664.9768240999547,664.981096799951,665.4308279999532,665.4308279999532,665.4809584000031,666.198186499998,,,,,666.1982321999967,666.7132053999812,666.7132053999812,667.2303987999912,,,,,,,,,,,,,,,,,,,,,,,,,,,,,,,,n,1,0.766958300024271,None,m,1,0.5087547000148334,None,700199,001,2025-11-24_15h58.45.470,soloProject,,2025.1.1,60.13276109880783,2025-11-24 15h58.46.898498 +0530,
Faces/CFD-IM-739-012-N.jpg,n,dress,n,I,I,47,47,0,n,1,0.523811699997168,None,n,1,0.5989453000365756,None,,,,,,,,,,,,,0,47,47,117,667.2794678999926,,,,,,,,,667.2751715999912,667.2794678999926,667.7303430999746,667.7303430999746,667.7802186000044,668.2642083999817,,,,,668.2655811999575,668.763021599967,668.763021599967,669.3635647999472,,,,,,,,,,,,,,,,,,,,,,,,,,,,,,,,n,1,0.523811699997168,None,n,1,0.5989453000365756,None,700199,001,2025-11-24_15h58.45.470,soloProject,,2025.1.1,60.13276109880783,2025-11-24 15h58.46.898498 +0530,
Faces/CFD-IF-608-390-N.jpg,m,lipstick,n,C,I,48,48,0,m,1,0.6315821000025608,None,n,1,3.6240797999780625,None,,,,,,,,,,,,,0,48,48,22,669.4154232000001,,,,,,,,,669.4101371999714,669.4154232000001,669.8636464999872,669.8636464999872,669.9304161999607,670.4974050999735,,,,,670.4987928000046,670.996750899998,670.996750899998,674.629990699992,,,,,,,,,,,,,,,,,,,,,,,,,,,,,,,,m,1,0.6315821000025608,None,n,1,3.6240797999780625,None,700199,001,2025-11-24_15h58.45.470,soloProject,,2025.1.1,60.13276109880783,2025-11-24 15h58.46.898498 +0530,
Faces/CFD-IF-605-066-N.jpg,m,beer,m,I,I,49,49,0,m,1,0.7400748999789357,None,m,1,1.695742900017649,None,,,,,,,,,,,,,0,49,49,42,674.6775284999749,,,,,,,,,674.6728728999733,674.6775284999749,675.1305834999657,675.1305834999657,675.18057029997,675.880664700002,,,,,675.8817711999873,676.3963952999911,676.3963952999911,678.0963230999769,,,,,,,,,,,,,,,,,,,,,,,,,,,,,,,,m,1,0.7400748999789357,None,m,1,1.695742900017649,None,700199,001,2025-11-24_15h58.45.470,soloProject,,2025.1.1,60.13276109880783,2025-11-24 15h58.46.898498 +0530,
Faces/CFD-IF-609-408-N.jpg,m,lipstick,n,C,I,50,50,0,m,1,0.5580569000449032,None,n,1,0.8847985999891534,None,,,,,,,,,,,,,0,50,50,28,678.1451415999909,,,,,,,,,678.140309999988,678.1451415999909,678.5970296000014,678.5970296000014,678.6470120999729,679.163872999954,,,,,679.1651869000052,679.6807260999922,679.6807260999922,680.5799321999657,,,,,,,,,,,,,,,,,,,,,,,,,,,,,,,,m,1,0.5580569000449032,None,n,1,0.8847985999891534,None,700199,001,2025-11-24_15h58.45.470,soloProject,,2025.1.1,60.13276109880783,2025-11-24 15h58.46.898498 +0530,
Faces/CFD-IM-728-041-N.jpg,n,lipstick,n,I,I,51,51,0,n,1,1.4349727999651805,None,n,1,1.8832634999998845,None,,,,,,,,,,,,,0,51,51,94,680.6355355999549,,,,,,,,,680.6307595999679,680.6355355999549,681.0803035999998,681.0803035999998,681.1471694999491,682.5305761999916,,,,,682.5306215999881,683.0299831999582,683.0299831999582,684.9137207999593,,,,,,,,,,,,,,,,,,,,,,,,,,,,,,,,n,1,1.4349727999651805,None,n,1,1.8832634999998845,None,700199,001,2025-11-24_15h58.45.470,soloProject,,2025.1.1,60.13276109880783,2025-11-24 15h58.46.898498 +0530,
Faces/CFD-IM-738-191-N.jpg,n,briefcase,m,C,I,52,52,0,n,1,0.809484799974598,None,m,1,1.542732400004752,None,,,,,,,,,,,,,0,52,52,81,684.9594617999974,,,,,,,,,684.9547574999742,684.9594617999974,685.4137356999563,685.4137356999563,685.4637507000007,686.2305089999572,,,,,686.2329704999574,686.7461103999522,686.7461103999522,688.2965300999931,,,,,,,,,,,,,,,,,,,,,,,,,,,,,,,,n,1,0.809484799974598,None,m,1,1.542732400004752,None,700199,001,2025-11-24_15h58.45.470,soloProject,,2025.1.1,60.13276109880783,2025-11-24 15h58.46.898498 +0530,
Faces/CFD-IM-731-223-N.jpg,n,jewelry,n,I,I,53,53,0,n,1,1.0637279999791645,None,n,1,0.5854917999822646,None,,,,,,,,,,,,,0,53,53,101,688.346947199956,,,,,,,,,688.3422960999887,688.346947199956,688.7974917999818,688.7974917999818,688.8469444999937,689.8635976999649,,,,,689.8656624999712,690.362828399986,690.362828399986,690.963137099985,,,,,,,,,,,,,,,,,,,,,,,,,,,,,,,,n,1,1.0637279999791645,None,n,1,0.5854917999822646,None,700199,001,2025-11-24_15h58.45.470,soloProject,,2025.1.1,60.13276109880783,2025-11-24 15h58.46.898498 +0530,
Faces/CFD-IM-736-361-N.jpg,n,flower,n,I,I,54,54,0,n,1,0.4330173999769613,None,n,1,0.4348617999930866,None,,,,,,,,,,,,,0,54,54,104,691.0108433999703,,,,,,,,,691.0063715999713,691.0108433999703,691.4635889999918,691.4635889999918,691.5134436999797,691.9001617999747,,,,,691.9015664999606,692.4128196999663,692.4128196999663,692.8632082999684,,,,,,,,,,,,,,,,,,,,,,,,,,,,,,,,n,1,0.4330173999769613,None,n,1,0.4348617999930866,None,700199,001,2025-11-24_15h58.45.470,soloProject,,2025.1.1,60.13276109880783,2025-11-24 15h58.46.898498 +0530,
Faces/CFD-IM-728-041-N.jpg,n,football,m,C,I,55,55,0,n,1,0.3820039000129327,None,m,1,0.6657666999963112,None,,,,,,,,,,,,,0,55,55,65,692.9081551999552,,,,,,,,,692.9030269999639,692.9081551999552,693.3630734999897,693.3630734999897,693.413537299959,693.7471837999765,,,,,693.748770999955,694.2631465999875,694.2631465999875,694.9297825999674,,,,,,,,,,,,,,,,,,,,,,,,,,,,,,,,n,1,0.3820039000129327,None,m,1,0.6657666999963112,None,700199,001,2025-11-24_15h58.45.470,soloProject,,2025.1.1,60.13276109880783,2025-11-24 15h58.46.898498 +0530,
Faces/CFD-IM-739-012-N.jpg,n,flower,n,I,I,56,56,0,n,1,1.2318556000245735,None,n,1,3.0683629999984987,None,,,,,,,,,,,,,0,56,56,116,694.9763527999748,,,,,,,,,694.9716739999712,694.9763527999748,695.4302546999534,695.4302546999534,695.4800715000019,696.6642748999875,,,,,696.6660370999598,697.1797566000023,697.1797566000023,700.2500607999973,,,,,,,,,,,,,,,,,,,,,,,,,,,,,,,,n,1,1.2318556000245735,None,n,1,3.0683629999984987,None,700199,001,2025-11-24_15h58.45.470,soloProject,,2025.1.1,60.13276109880783,2025-11-24 15h58.46.898498 +0530,
Faces/CFD-IF-602-134-N.jpg,m,dress,n,C,I,57,57,0,m,1,0.5788557000341825,None,n,1,0.5593962999992073,None,,,,,,,,,,,,,0,57,57,9,700.299765899952,,,,,,,,,700.2946662000031,700.299765899952,700.7632253000047,700.7632253000047,700.8133492000052,701.3472099999781,,,,,701.34849819995,701.8460067999549,701.8460067999549,702.4140937999473,,,,,,,,,,,,,,,,,,,,,,,,,,,,,,,,m,1,0.5788557000341825,None,n,1,0.5593962999992073,None,700199,001,2025-11-24_15h58.45.470,soloProject,,2025.1.1,60.13276109880783,2025-11-24 15h58.46.898498 +0530,
Faces/CFD-IM-738-191-N.jpg,n,doll,n,I,I,58,58,0,n,1,0.6226016000146046,None,n,1,0.48328059999039397,None,,,,,,,,,,,,,0,58,58,109,702.4626592999557,,,,,,,,,702.4578216999653,702.4626592999557,702.9306204000022,702.9306204000022,702.9631342999637,703.5634456999833,,,,,703.564749299956,704.0624046999728,704.0624046999728,704.5466823999886,,,,,,,,,,,,,,,,,,,,,,,,,,,,,,,,n,1,0.6226016000146046,None,n,1,0.48328059999039397,None,700199,001,2025-11-24_15h58.45.470,soloProject,,2025.1.1,60.13276109880783,2025-11-24 15h58.46.898498 +0530,
Faces/CFD-IM-738-191-N.jpg,n,hammer,m,C,I,59,59,0,n,1,0.3909218000480905,None,m,1,0.3543350999825634,None,,,,,,,,,,,,,0,59,59,79,704.5920655999798,,,,,,,,,704.5878292999696,704.5920655999798,705.0464803999639,705.0464803999639,705.0964353999589,705.4467902999604,,,,,705.4479897999554,705.9458795999526,705.9458795999526,706.313191299967,,,,,,,,,,,,,,,,,,,,,,,,,,,,,,,,n,1,0.3909218000480905,None,m,1,0.3543350999825634,None,700199,001,2025-11-24_15h58.45.470,soloProject,,2025.1.1,60.13276109880783,2025-11-24 15h58.46.898498 +0530,
Faces/CFD-IM-731-223-N.jpg,n,perfume,n,I,I,60,60,0,m,0,0.9420852000475861,None,n,1,0.5991046000272036,None,,,,,,,,,,,,,0,60,60,96,706.3585858999868,,,,,,,,,706.3543190999771,706.3585858999868,706.8132087999838,706.8132087999838,706.8630377999507,707.7638848999632,,,,,707.7653623999795,708.2791628999985,708.2791628999985,708.8797276999685,,,,,,,,,,,,,,,,,,,,,,,,,,,,,,,,m,0,0.9420852000475861,None,n,1,0.5991046000272036,None,700199,001,2025-11-24_15h58.45.470,soloProject,,2025.1.1,60.13276109880783,2025-11-24 15h58.46.898498 +0530,
Faces/CFD-IM-738-191-N.jpg,n,football,m,C,I,61,61,0,n,1,0.45711009996011853,None,m,1,0.9187229999806732,None,,,,,,,,,,,,,0,61,61,83,708.9261199999601,,,,,,,,,708.9216948999674,708.9261199999601,709.3797984999837,709.3797984999837,709.429679199995,709.8468601999921,,,,,709.848148799967,710.3627986999927,710.3627986999927,711.2961240999866,,,,,,,,,,,,,,,,,,,,,,,,,,,,,,,,n,1,0.45711009996011853,None,m,1,0.9187229999806732,None,700199,001,2025-11-24_15h58.45.470,soloProject,,2025.1.1,60.13276109880783,2025-11-24 15h58.46.898498 +0530,
Faces/CFD-IF-609-408-N.jpg,m,beer,m,I,I,62,62,0,m,1,0.4874945000046864,None,m,1,0.45033399999374524,None,,,,,,,,,,,,,0,62,62,54,711.3443660999765,,,,,,,,,711.3399722999893,711.3443660999765,711.7963323000004,711.7963323000004,711.8463895999594,712.2967371999985,,,,,712.2978809999768,712.7957527999533,712.7957527999533,713.24648229999,,,,,,,,,,,,,,,,,,,,,,,,,,,,,,,,m,1,0.4874945000046864,None,m,1,0.45033399999374524,None,700199,001,2025-11-24_15h58.45.470,soloProject,,2025.1.1,60.13276109880783,2025-11-24 15h58.46.898498 +0530,
Faces/CFD-IF-602-134-N.jpg,m,football,m,I,I,63,63,0,m,1,0.492616800009273,None,m,1,0.4089296000311151,None,,,,,,,,,,,,,0,63,63,41,713.2955774999573,,,,,,,,,713.2912626999896,713.2955774999573,713.7464052999858,713.7464052999858,713.7962672999711,714.2468949999893,,,,,714.248473399959,714.7625269999844,714.7625269999844,715.1792521000025,,,,,,,,,,,,,,,,,,,,,,,,,,,,,,,,m,1,0.492616800009273,None,m,1,0.4089296000311151,None,700199,001,2025-11-24_15h58.45.470,soloProject,,2025.1.1,60.13276109880783,2025-11-24 15h58.46.898498 +0530,
Faces/CFD-IF-602-134-N.jpg,m,bowtie,m,I,I,64,64,0,m,1,0.41248220001580194,None,n,0,0.3974614000180736,None,,,,,,,,,,,,,0,64,64,38,715.2321800999925,,,,,,,,,715.2281522999983,715.2321800999925,715.6799849999952,715.6799849999952,715.7466502999887,716.0968227999983,,,,,716.098090799991,716.6121114999987,716.6121114999987,717.0127149999607,,,,,,,,,,,,,,,,,,,,,,,,,,,,,,,,m,1,0.41248220001580194,None,n,0,0.3974614000180736,None,700199,001,2025-11-24_15h58.45.470,soloProject,,2025.1.1,60.13276109880783,2025-11-24 15h58.46.898498 +0530,
Faces/CFD-IF-605-066-N.jpg,m,perfume,n,C,I,65,65,0,m,1,1.002853000012692,None,n,1,2.0240688999765553,None,,,,,,,,,,,,,0,65,65,12,717.0621946000028,,,,,,,,,717.0577670999919,717.0621946000028,717.5132995999884,717.5132995999884,717.5628851999645,718.5302513999632,,,,,718.5316341999569,719.0456675000023,719.0456675000023,721.0791859999881,,,,,,,,,,,,,,,,,,,,,,,,,,,,,,,,m,1,1.002853000012692,None,n,1,2.0240688999765553,None,700199,001,2025-11-24_15h58.45.470,soloProject,,2025.1.1,60.13276109880783,2025-11-24 15h58.46.898498 +0530,
Faces/CFD-IF-608-390-N.jpg,m,flower,n,C,I,66,66,0,m,1,0.6543012000038289,None,m,0,1.1131211000028998,None,,,,,,,,,,,,,0,66,66,20,721.1267674999544,,,,,,,,,721.121971799992,721.1267674999544,721.5795582999708,721.5795582999708,721.6295900999685,722.2469891999499,,,,,722.2483959999518,722.7622699999483,722.7622699999483,723.8794712999952,,,,,,,,,,,,,,,,,,,,,,,,,,,,,,,,m,1,0.6543012000038289,None,m,0,1.1131211000028998,None,700199,001,2025-11-24_15h58.45.470,soloProject,,2025.1.1,60.13276109880783,2025-11-24 15h58.46.898498 +0530,
Faces/CFD-IF-608-390-N.jpg,m,briefcase,m,I,I,67,67,0,m,1,0.6449938000296243,None,n,0,0.5329109000158496,None,,,,,,,,,,,,,0,67,67,51,723.9282718999893,,,,,,,,,723.9238397000008,723.9282718999893,724.3792627999792,724.3792627999792,724.4295953999972,725.029879299982,,,,,725.0311129000038,725.528991899977,725.528991899977,726.0623769999947,,,,,,,,,,,,,,,,,,,,,,,,,,,,,,,,m,1,0.6449938000296243,None,n,0,0.5329109000158496,None,700199,001,2025-11-24_15h58.45.470,soloProject,,2025.1.1,60.13276109880783,2025-11-24 15h58.46.898498 +0530,
Faces/CFD-IF-602-134-N.jpg,m,briefcase,m,I,I,68,68,0,m,1,0.6991161999758333,None,m,1,1.1651317999931052,None,,,,,,,,,,,,,0,68,68,39,726.1115117999725,,,,,,,,,726.1070000999607,726.1115117999725,726.56281209999,726.56281209999,726.6130740999943,727.2634380999953,,,,,727.2634852000047,727.7792502999655,727.7792502999655,728.9461255999631,,,,,,,,,,,,,,,,,,,,,,,,,,,,,,,,m,1,0.6991161999758333,None,m,1,1.1651317999931052,None,700199,001,2025-11-24_15h58.45.470,soloProject,,2025.1.1,60.13276109880783,2025-11-24 15h58.46.898498 +0530,
Faces/CFD-IM-738-191-N.jpg,n,jewelry,n,I,I,69,69,0,m,0,0.7266953999642283,None,n,1,0.7674340999801643,None,,,,,,,,,,,,,0,69,69,113,728.9951937999576,,,,,,,,,728.9907588999486,728.9951937999576,729.4464505999931,729.4464505999931,729.4964976999909,730.1797334000003,,,,,730.1811954999575,730.6797279999591,730.6797279999591,731.4626966999494,,,,,,,,,,,,,,,,,,,,,,,,,,,,,,,,m,0,0.7266953999642283,None,n,1,0.7674340999801643,None,700199,001,2025-11-24_15h58.45.470,soloProject,,2025.1.1,60.13276109880783,2025-11-24 15h58.46.898498 +0530,
Faces/CFD-IM-739-012-N.jpg,n,lipstick,n,I,I,70,70,0,n,1,0.5273611000156961,None,n,1,1.0944624000112526,None,,,,,,,,,,,,,0,70,70,118,731.5106128999614,,,,,,,,,731.5061952999677,731.5106128999614,731.9630893999711,731.9630893999711,732.0130189999472,732.4969103999902,,,,,732.4983061999665,733.0125243999646,733.0125243999646,734.1124376999796,,,,,,,,,,,,,,,,,,,,,,,,,,,,,,,,n,1,0.5273611000156961,None,n,1,1.0944624000112526,None,700199,001,2025-11-24_15h58.45.470,soloProject,,2025.1.1,60.13276109880783,2025-11-24 15h58.46.898498 +0530,
Faces/CFD-IM-738-191-N.jpg,n,beer,m,C,I,71,71,0,n,1,0.6392716999980621,None,m,1,0.8075564000173472,None,,,,,,,,,,,,,0,71,71,78,734.1615650999593,,,,,,,,,734.1570446999976,734.1615650999593,734.6129534999491,734.6129534999491,734.6629649999668,735.2633235999965,,,,,735.2645669999765,735.778717499983,735.778717499983,736.5961331999861,,,,,,,,,,,,,,,,,,,,,,,,,,,,,,,,n,1,0.6392716999980621,None,m,1,0.8075564000173472,None,700199,001,2025-11-24_15h58.45.470,soloProject,,2025.1.1,60.13276109880783,2025-11-24 15h58.46.898498 +0530,
Faces/CFD-IF-601-519-N.jpg,m,briefcase,m,I,I,72,72,0,m,1,0.4820022000349127,None,m,1,0.5874647999880835,None,,,,,,,,,,,,,0,72,72,33,736.642114199989,,,,,,,,,736.6376295999507,736.642114199989,737.0961032999912,737.0961032999912,737.146100199956,737.5792816999601,,,,,737.5804568000021,738.0791389999795,738.0791389999795,738.6789449999924,,,,,,,,,,,,,,,,,,,,,,,,,,,,,,,,m,1,0.4820022000349127,None,m,1,0.5874647999880835,None,700199,001,2025-11-24_15h58.45.470,soloProject,,2025.1.1,60.13276109880783,2025-11-24 15h58.46.898498 +0530,
Faces/CFD-IF-609-408-N.jpg,m,flower,n,C,I,73,73,0,m,1,0.600687799975276,None,n,1,0.4969438999542035,None,,,,,,,,,,,,,0,73,73,26,738.7255649999715,,,,,,,,,738.7213617999805,738.7255649999715,739.179027199978,739.179027199978,739.2292961999774,739.7801702999859,,,,,739.7816385999904,740.2957606999553,740.2957606999553,740.7958530999604,,,,,,,,,,,,,,,,,,,,,,,,,,,,,,,,m,1,0.600687799975276,None,n,1,0.4969438999542035,None,700199,001,2025-11-24_15h58.45.470,soloProject,,2025.1.1,60.13276109880783,2025-11-24 15h58.46.898498 +0530,
Faces/CFD-IF-602-134-N.jpg,m,jewelry,n,C,I,74,74,0,m,1,0.5290410000015981,None,n,1,0.5273320999694988,None,,,,,,,,,,,,,0,74,74,11,740.848248699971,,,,,,,,,740.8440794999478,740.848248699971,741.2960141999647,741.2960141999647,741.3625810999656,741.8294859000016,,,,,741.8309458000003,742.3453407000052,742.3453407000052,742.8790847999626,,,,,,,,,,,,,,,,,,,,,,,,,,,,,,,,m,1,0.5290410000015981,None,n,1,0.5273320999694988,None,700199,001,2025-11-24_15h58.45.470,soloProject,,2025.1.1,60.13276109880783,2025-11-24 15h58.46.898498 +0530,
Faces/CFD-IF-609-408-N.jpg,m,cigar,m,I,I,75,75,0,m,1,0.5279375000391155,None,m,1,0.5839047000044957,None,,,,,,,,,,,,,0,75,75,58,742.9260288999649,,,,,,,,,742.9214120999677,742.9260288999649,743.3793280999525,743.3793280999525,743.429121299996,743.9134090999723,,,,,743.9145542999613,744.4301567999646,744.4301567999646,745.0286958999932,,,,,,,,,,,,,,,,,,,,,,,,,,,,,,,,m,1,0.5279375000391155,None,m,1,0.5839047000044957,None,700199,001,2025-11-24_15h58.45.470,soloProject,,2025.1.1,60.13276109880783,2025-11-24 15h58.46.898498 +0530,
Faces/CFD-IM-738-191-N.jpg,n,lipstick,n,I,I,76,76,0,n,1,0.880774199962616,None,n,1,1.3912110999808647,None,,,,,,,,,,,,,0,76,76,112,745.0772286999854,,,,,,,,,745.0726273999899,745.0772286999854,745.5295902999933,745.5295902999933,745.579568199988,746.412552499969,,,,,746.4138841999811,746.9123100999859,746.9123100999859,748.3121469999896,,,,,,,,,,,,,,,,,,,,,,,,,,,,,,,,n,1,0.880774199962616,None,n,1,1.3912110999808647,None,700199,001,2025-11-24_15h58.45.470,soloProject,,2025.1.1,60.13276109880783,2025-11-24 15h58.46.898498 +0530,
Faces/CFD-IM-736-361-N.jpg,n,football,m,C,I,77,77,0,n,1,0.4285970000200905,None,m,1,0.5031851999810897,None,,,,,,,,,,,,,0,77,77,77,748.3605936999666,,,,,,,,,748.3559577999986,748.3605936999666,748.8123334999545,748.8123334999545,748.8624241999933,749.2462768999976,,,,,749.2477534999489,749.7452733999817,749.7452733999817,750.2622843999998,,,,,,,,,,,,,,,,,,,,,,,,,,,,,,,,n,1,0.4285970000200905,None,m,1,0.5031851999810897,None,700199,001,2025-11-24_15h58.45.470,soloProject,,2025.1.1,60.13276109880783,2025-11-24 15h58.46.898498 +0530,
Faces/CFD-IF-602-134-N.jpg,m,lipstick,n,C,I,78,78,0,m,1,1.122888799989596,None,n,1,1.383468299987726,None,,,,,,,,,,,,,0,78,78,10,750.3132073999732,,,,,,,,,750.3089228000026,750.3132073999732,750.7624502999824,750.7624502999824,750.8127866999712,751.8961230999557,,,,,751.8977109999978,752.4118662999826,752.4118662999826,753.7957952999859,,,,,,,,,,,,,,,,,,,,,,,,,,,,,,,,m,1,1.122888799989596,None,n,1,1.383468299987726,None,700199,001,2025-11-24_15h58.45.470,soloProject,,2025.1.1,60.13276109880783,2025-11-24 15h58.46.898498 +0530,
Faces/CFD-IM-728-041-N.jpg,n,dress,n,I,I,79,79,0,n,1,0.7585743999807164,None,n,1,0.5795427999692038,None,,,,,,,,,,,,,0,79,79,93,753.845480799966,,,,,,,,,753.8409113999805,753.845480799966,754.2960120999487,754.2960120999487,754.3463303999742,755.0629928999697,,,,,755.065043199982,755.5784936999553,755.5784936999553,756.1621598999482,,,,,,,,,,,,,,,,,,,,,,,,,,,,,,,,n,1,0.7585743999807164,None,n,1,0.5795427999692038,None,700199,001,2025-11-24_15h58.45.470,soloProject,,2025.1.1,60.13276109880783,2025-11-24 15h58.46.898498 +0530,
Faces/CFD-IM-736-361-N.jpg,n,perfume,n,I,I,80,80,0,n,1,1.0014398000203073,None,n,1,0.4574951000395231,None,,,,,,,,,,,,,0,80,80,102,756.2093860000023,,,,,,,,,756.2050375999534,756.2093860000023,756.6624207999557,756.6624207999557,756.7126697999774,757.6795727999997,,,,,757.680951599963,758.1784498000052,758.1784498000052,758.6457282999763,,,,,,,,,,,,,,,,,,,,,,,,,,,,,,,,n,1,1.0014398000203073,None,n,1,0.4574951000395231,None,700199,001,2025-11-24_15h58.45.470,soloProject,,2025.1.1,60.13276109880783,2025-11-24 15h58.46.898498 +0530,
Faces/CFD-IF-608-390-N.jpg,m,dress,n,C,I,81,81,0,n,0,0.5602017999626696,None,n,1,0.9625012000324205,None,,,,,,,,,,,,,0,81,81,21,758.6956685999758,,,,,,,,,758.6900026999647,758.6956685999758,759.1457924999995,759.1457924999995,759.1957037999528,759.7126897999551,,,,,759.7139440999599,760.2284248999786,760.2284248999786,761.1954238999751,,,,,,,,,,,,,,,,,,,,,,,,,,,,,,,,n,0,0.5602017999626696,None,n,1,0.9625012000324205,None,700199,001,2025-11-24_15h58.45.470,soloProject,,2025.1.1,60.13276109880783,2025-11-24 15h58.46.898498 +0530,
Faces/CFD-IF-605-066-N.jpg,m,lipstick,n,C,I,82,82,0,m,1,1.0613509999820963,None,n,1,1.6062948000035249,None,,,,,,,,,,,,,0,82,82,16,761.2382744999486,,,,,,,,,761.2336796000018,761.2382744999486,761.6956843999797,761.6956843999797,761.7456515999511,762.7621545000002,,,,,762.7650953999837,763.2616592999548,763.2616592999548,764.8787916000001,,,,,,,,,,,,,,,,,,,,,,,,,,,,,,,,m,1,1.0613509999820963,None,n,1,1.6062948000035249,None,700199,001,2025-11-24_15h58.45.470,soloProject,,2025.1.1,60.13276109880783,2025-11-24 15h58.46.898498 +0530,
Faces/CFD-IM-738-191-N.jpg,n,bowtie,m,C,I,83,83,0,n,1,0.6575762999709696,None,m,1,0.6695948999840766,None,,,,,,,,,,,,,0,83,83,80,764.9242703999626,,,,,,,,,764.9197488999926,764.9242703999626,765.3789570999797,765.3789570999797,765.4292177999741,766.0459898999543,,,,,766.0472683999687,766.5617557999794,766.5617557999794,767.2456707999809,,,,,,,,,,,,,,,,,,,,,,,,,,,,,,,,n,1,0.6575762999709696,None,m,1,0.6695948999840766,None,700199,001,2025-11-24_15h58.45.470,soloProject,,2025.1.1,60.13276109880783,2025-11-24 15h58.46.898498 +0530,
Faces/CFD-IM-731-223-N.jpg,n,beer,m,C,I,84,84,0,n,1,2.28057699999772,None,m,1,0.7118756999843754,None,,,,,,,,,,,,,0,84,84,66,767.2913667999674,,,,,,,,,767.2869691999513,767.2913667999674,767.7464496999746,767.7464496999746,767.7963831999805,770.0291572999558,,,,,770.0306147999945,770.5286170999752,770.5286170999752,771.2453062999994,,,,,,,,,,,,,,,,,,,,,,,,,,,,,,,,n,1,2.28057699999772,None,m,1,0.7118756999843754,None,700199,001,2025-11-24_15h58.45.470,soloProject,,2025.1.1,60.13276109880783,2025-11-24 15h58.46.898498 +0530,
Faces/CFD-IM-739-012-N.jpg,n,jewelry,n,I,I,85,85,0,n,1,1.062516100006178,None,n,1,1.4449029000243172,None,,,,,,,,,,,,,0,85,85,119,771.2915494999615,,,,,,,,,771.2873136999551,771.2915494999615,771.745975799975,771.745975799975,771.7954078000039,772.8125007999479,,,,,772.8140632999712,773.3118555999827,773.3118555999827,774.762090299977,,,,,,,,,,,,,,,,,,,,,,,,,,,,,,,,n,1,1.062516100006178,None,n,1,1.4449029000243172,None,700199,001,2025-11-24_15h58.45.470,soloProject,,2025.1.1,60.13276109880783,2025-11-24 15h58.46.898498 +0530,
Faces/CFD-IF-601-519-N.jpg,m,flower,n,C,I,86,86,0,m,1,0.48719459999119863,None,n,1,0.5488152000471018,None,,,,,,,,,,,,,0,86,86,2,774.8091399999685,,,,,,,,,774.8047080999822,774.8091399999685,775.2620620999951,775.2620620999951,775.3125557999592,775.7626581999939,,,,,775.7648402999621,776.2785226999549,776.2785226999549,776.8289254999836,,,,,,,,,,,,,,,,,,,,,,,,,,,,,,,,m,1,0.48719459999119863,None,n,1,0.5488152000471018,None,700199,001,2025-11-24_15h58.45.470,soloProject,,2025.1.1,60.13276109880783,2025-11-24 15h58.46.898498 +0530,
Faces/CFD-IM-728-041-N.jpg,n,cigar,m,C,I,87,87,0,n,1,0.9384635000023991,None,n,0,0.7068666000268422,None,,,,,,,,,,,,,0,87,87,64,776.8764504999854,,,,,,,,,776.8720280999551,776.8764504999854,777.3451741999597,777.3451741999597,777.3787504999782,778.2957526999526,,,,,778.2971823999542,778.7949363999651,778.7949363999651,779.511590399954,,,,,,,,,,,,,,,,,,,,,,,,,,,,,,,,n,1,0.9384635000023991,None,n,0,0.7068666000268422,None,700199,001,2025-11-24_15h58.45.470,soloProject,,2025.1.1,60.13276109880783,2025-11-24 15h58.46.898498 +0530,
Faces/CFD-IM-738-191-N.jpg,n,cigar,m,C,I,88,88,0,n,1,0.9712613999727182,None,m,1,7.09131809999235,None,,,,,,,,,,,,,0,88,88,82,779.5582913999679,,,,,,,,,779.5540736999828,779.5582913999679,780.0119702999946,780.0119702999946,780.0622674999759,780.9955822000047,,,,,780.9956253999844,781.4946749999654,781.4946749999654,788.5950094999862,,,,,,,,,,,,,,,,,,,,,,,,,,,,,,,,n,1,0.9712613999727182,None,m,1,7.09131809999235,None,700199,001,2025-11-24_15h58.45.470,soloProject,,2025.1.1,60.13276109880783,2025-11-24 15h58.46.898498 +0530,
Faces/CFD-IM-728-041-N.jpg,n,hammer,m,C,I,89,89,0,n,1,0.916026699997019,None,m,1,0.4816465000039898,None,,,,,,,,,,,,,0,89,89,61,788.6455197999603,,,,,,,,,788.6405825999682,788.6455197999603,789.0954799999599,789.0954799999599,789.1454721999471,790.0125384999556,,,,,790.0138140999479,790.5279786000028,790.5279786000028,791.0113292000024,,,,,,,,,,,,,,,,,,,,,,,,,,,,,,,,n,1,0.916026699997019,None,m,1,0.4816465000039898,None,700199,001,2025-11-24_15h58.45.470,soloProject,,2025.1.1,60.13276109880783,2025-11-24 15h58.46.898498 +0530,
Faces/CFD-IM-736-361-N.jpg,n,dress,n,I,I,90,90,0,n,1,0.38933650002582,None,n,1,0.6258674999698997,None,,,,,,,,,,,,,0,90,90,105,791.0600169999525,,,,,,,,,791.0559162999853,791.0600169999525,791.5121538999956,791.5121538999956,791.5620221999707,791.9131921999506,,,,,791.9146997999633,792.428279499989,792.428279499989,793.0616078999592,,,,,,,,,,,,,,,,,,,,,,,,,,,,,,,,n,1,0.38933650002582,None,n,1,0.6258674999698997,None,700199,001,2025-11-24_15h58.45.470,soloProject,,2025.1.1,60.13276109880783,2025-11-24 15h58.46.898498 +0530,
Faces/CFD-IF-609-408-N.jpg,m,bowtie,m,I,I,91,91,0,m,1,0.4939110999694094,None,m,1,0.7022659000358544,None,,,,,,,,,,,,,0,91,91,56,793.1092707999633,,,,,,,,,793.1047456999659,793.1092707999633,793.5620486999978,793.5620486999978,793.6121918999706,794.0626203999855,,,,,794.0637783999555,794.5779532999732,794.5779532999732,795.294836099958,,,,,,,,,,,,,,,,,,,,,,,,,,,,,,,,m,1,0.4939110999694094,None,m,1,0.7022659000358544,None,700199,001,2025-11-24_15h58.45.470,soloProject,,2025.1.1,60.13276109880783,2025-11-24 15h58.46.898498 +0530,
Faces/CFD-IM-728-041-N.jpg,n,briefcase,m,C,I,92,92,0,n,1,0.49303740001050755,None,m,1,0.5496741000097245,None,,,,,,,,,,,,,0,92,92,63,795.3475788999931,,,,,,,,,795.3418982999865,795.3475788999931,795.7951335999533,795.7951335999533,795.861568399996,796.2957576999906,,,,,796.2970236999681,796.8115364999976,796.8115364999976,797.3615622999496,,,,,,,,,,,,,,,,,,,,,,,,,,,,,,,,n,1,0.49303740001050755,None,m,1,0.5496741000097245,None,700199,001,2025-11-24_15h58.45.470,soloProject,,2025.1.1,60.13276109880783,2025-11-24 15h58.46.898498 +0530,
Faces/CFD-IF-605-066-N.jpg,m,doll,n,C,I,93,93,0,m,1,0.5517749999999069,None,n,1,0.508194399997592,None,,,,,,,,,,,,,0,93,93,13,797.4073281000019,,,,,,,,,797.4028145999764,797.4073281000019,797.861718399974,797.861718399974,797.9120438999962,798.4286403000006,,,,,798.4302881999756,798.9281237999676,798.9281237999676,799.4448040999705,,,,,,,,,,,,,,,,,,,,,,,,,,,,,,,,m,1,0.5517749999999069,None,n,1,0.508194399997592,None,700199,001,2025-11-24_15h58.45.470,soloProject,,2025.1.1,60.13276109880783,2025-11-24 15h58.46.898498 +0530,
Faces/CFD-IM-736-361-N.jpg,n,cigar,m,C,I,94,94,0,n,1,0.5996204999973997,None,m,1,0.6233042000094429,None,,,,,,,,,,,,,0,94,94,76,799.4917736999923,,,,,,,,,799.4870808999985,799.4917736999923,799.9449803999742,799.9449803999742,799.9953922999557,800.5453346999711,,,,,800.5466076000012,801.0447118000011,801.0447118000011,801.6781008999678,,,,,,,,,,,,,,,,,,,,,,,,,,,,,,,,n,1,0.5996204999973997,None,m,1,0.6233042000094429,None,700199,001,2025-11-24_15h58.45.470,soloProject,,2025.1.1,60.13276109880783,2025-11-24 15h58.46.898498 +0530,
Faces/CFD-IF-609-408-N.jpg,m,perfume,n,C,I,95,95,0,m,1,0.4120001000119373,None,m,0,0.45681930001592264,None,,,,,,,,,,,,,0,95,95,24,801.7269381999504,,,,,,,,,801.7225712999934,801.7269381999504,802.1786954999552,802.1786954999552,802.2286432999535,802.5952381999814,,,,,802.5966944999527,803.11096369999,803.11096369999,803.5781354999635,,,,,,,,,,,,,,,,,,,,,,,,,,,,,,,,m,1,0.4120001000119373,None,m,0,0.45681930001592264,None,700199,001,2025-11-24_15h58.45.470,soloProject,,2025.1.1,60.13276109880783,2025-11-24 15h58.46.898498 +0530,
Faces/CFD-IM-728-041-N.jpg,n,bowtie,m,C,I,96,96,0,n,1,2.073455300007481,None,m,1,0.5232165000052191,None,,,,,,,,,,,,,0,96,96,62,803.6266133000026,,,,,,,,,803.6221395999892,803.6266133000026,804.0782929999987,804.0782929999987,804.128052999964,806.161833799968,,,,,806.1634107999853,806.6610909999581,806.6610909999581,807.1945979999728,,,,,,,,,,,,,,,,,,,,,,,,,,,,,,,,n,1,2.073455300007481,None,m,1,0.5232165000052191,None,700199,001,2025-11-24_15h58.45.470,soloProject,,2025.1.1,60.13276109880783,2025-11-24 15h58.46.898498 +0530,
Faces/CFD-IF-609-408-N.jpg,m,jewelry,n,C,I,97,97,0,m,1,0.6056690000114031,None,n,1,0.4744339000317268,None,,,,,,,,,,,,,0,97,97,29,807.2428437999915,,,,,,,,,807.2381215999485,807.2428437999915,807.6964894999983,807.6964894999983,807.7449523999821,808.3118006999721,,,,,808.313184699975,808.8108322999906,808.8108322999906,809.2949032000033,,,,,,,,,,,,,,,,,,,,,,,,,,,,,,,,m,1,0.6056690000114031,None,n,1,0.4744339000317268,None,700199,001,2025-11-24_15h58.45.470,soloProject,,2025.1.1,60.13276109880783,2025-11-24 15h58.46.898498 +0530,
Faces/CFD-IF-601-519-N.jpg,m,perfume,n,C,I,98,98,0,m,1,1.4496003999956883,None,n,1,0.6729545000125654,None,,,,,,,,,,,,,0,98,98,0,809.3437603999628,,,,,,,,,809.337713499961,809.3437603999628,809.7947402999853,809.7947402999853,809.8448127000011,811.2448656999622,,,,,811.2463007000042,811.7449737999705,811.7449737999705,812.4281630999758,,,,,,,,,,,,,,,,,,,,,,,,,,,,,,,,m,1,1.4496003999956883,None,n,1,0.6729545000125654,None,700199,001,2025-11-24_15h58.45.470,soloProject,,2025.1.1,60.13276109880783,2025-11-24 15h58.46.898498 +0530,
Faces/CFD-IF-602-134-N.jpg,m,cigar,m,I,I,99,99,0,m,1,0.6389995999634266,None,m,1,0.5611770000541583,None,,,,,,,,,,,,,0,99,99,40,812.4868106999784,,,,,,,,,812.4812448999728,812.4868106999784,812.9280422999873,812.9280422999873,812.9949792999541,813.5782270999625,,,,,813.5795482999529,814.0942738999729,814.0942738999729,814.661558999971,,,,,,,,,,,,,,,,,,,,,,,,,,,,,,,,m,1,0.6389995999634266,None,m,1,0.5611770000541583,None,700199,001,2025-11-24_15h58.45.470,soloProject,,2025.1.1,60.13276109880783,2025-11-24 15h58.46.898498 +0530,
Faces/CFD-IM-736-361-N.jpg,n,beer,m,C,I,100,100,0,n,1,2.8477369000320323,None,m,1,0.6223438000306487,None,,,,,,,,,,,,,0,100,100,72,814.7140791999991,,,,,,,,,814.7095429999754,814.7140791999991,815.1619199999841,815.1619199999841,815.2281082999543,818.0116526999627,,,,,818.0127827999531,818.5106340999482,818.5106340999482,819.1446174999583,,,,,,,,,,,,,,,,,,,,,,,,,,,,,,,,n,1,2.8477369000320323,None,m,1,0.6223438000306487,None,700199,001,2025-11-24_15h58.45.470,soloProject,,2025.1.1,60.13276109880783,2025-11-24 15h58.46.898498 +0530,
Faces/CFD-IF-608-390-N.jpg,m,hammer,m,I,I,101,101,0,n,0,0.587653299968224,None,m,1,2.4329937999718823,None,,,,,,,,,,,,,0,101,101,49,819.1908108999487,,,,,,,,,819.1864101999672,819.1908108999487,819.6446467999485,819.6446467999485,819.6944736999576,820.2451112999697,,,,,820.2465649999795,820.7608305999893,820.7608305999893,823.1953428999986,,,,,,,,,,,,,,,,,,,,,,,,,,,,,,,,n,0,0.587653299968224,None,m,1,2.4329937999718823,None,700199,001,2025-11-24_15h58.45.470,soloProject,,2025.1.1,60.13276109880783,2025-11-24 15h58.46.898498 +0530,
Faces/CFD-IF-605-066-N.jpg,m,flower,n,C,I,102,102,0,m,1,0.7928549000062048,None,n,1,0.5441983999917284,None,,,,,,,,,,,,,0,102,102,14,823.2429794999771,,,,,,,,,823.2385529999738,823.2429794999771,823.7112940999796,823.7112940999796,823.7445745999576,824.5118301999755,,,,,824.5133055999759,825.0274286999484,825.0274286999484,825.5781029999489,,,,,,,,,,,,,,,,,,,,,,,,,,,,,,,,m,1,0.7928549000062048,None,n,1,0.5441983999917284,None,700199,001,2025-11-24_15h58.45.470,soloProject,,2025.1.1,60.13276109880783,2025-11-24 15h58.46.898498 +0530,
Faces/CFD-IF-608-390-N.jpg,m,cigar,m,I,I,103,103,0,m,1,0.4271645999979228,None,m,1,0.5685705000068992,None,,,,,,,,,,,,,0,103,103,52,825.6263690999476,,,,,,,,,825.6211493999581,825.6263690999476,826.0780951999477,826.0780951999477,826.128328199964,826.5119611999835,,,,,826.5131766999839,827.0277338000014,827.0277338000014,827.6109880000004,,,,,,,,,,,,,,,,,,,,,,,,,,,,,,,,m,1,0.4271645999979228,None,m,1,0.5685705000068992,None,700199,001,2025-11-24_15h58.45.470,soloProject,,2025.1.1,60.13276109880783,2025-11-24 15h58.46.898498 +0530,
Faces/CFD-IF-605-066-N.jpg,m,briefcase,m,I,I,104,104,0,m,1,0.4223914999747649,None,m,1,0.7141237000469118,None,,,,,,,,,,,,,0,104,104,45,827.6591152999899,,,,,,,,,827.6544544999488,827.6591152999899,828.1115976999863,828.1115976999863,828.1609351999941,828.5449816999608,,,,,828.5461883999524,829.0441013999516,829.0441013999516,829.7611011999543,,,,,,,,,,,,,,,,,,,,,,,,,,,,,,,,m,1,0.4223914999747649,None,m,1,0.7141237000469118,None,700199,001,2025-11-24_15h58.45.470,soloProject,,2025.1.1,60.13276109880783,2025-11-24 15h58.46.898498 +0530,
Faces/CFD-IF-605-066-N.jpg,m,dress,n,C,I,105,105,0,m,1,0.4391306999605149,None,n,1,0.5015363999991678,None,,,,,,,,,,,,,0,105,105,15,829.8085815999657,,,,,,,,,829.804178899969,829.8085815999657,830.2615870999871,830.2615870999871,830.3114705999615,830.7115960999508,,,,,830.7130094000022,831.2108153000008,831.2108153000008,831.7274010999827,,,,,,,,,,,,,,,,,,,,,,,,,,,,,,,,m,1,0.4391306999605149,None,n,1,0.5015363999991678,None,700199,001,2025-11-24_15h58.45.470,soloProject,,2025.1.1,60.13276109880783,2025-11-24 15h58.46.898498 +0530,
Faces/CFD-IF-609-408-N.jpg,m,hammer,m,I,I,106,106,0,m,1,0.6327204999979585,None,m,1,0.7094524000422098,None,,,,,,,,,,,,,0,106,106,55,831.776965899975,,,,,,,,,831.7720513999811,831.776965899975,832.228332699975,832.228332699975,832.2779038999579,832.8617150999489,,,,,832.8629082999541,833.3607612999622,833.3607612999622,834.0776639999822,,,,,,,,,,,,,,,,,,,,,,,,,,,,,,,,m,1,0.6327204999979585,None,m,1,0.7094524000422098,None,700199,001,2025-11-24_15h58.45.470,soloProject,,2025.1.1,60.13276109880783,2025-11-24 15h58.46.898498 +0530,
Faces/CFD-IM-731-223-N.jpg,n,briefcase,m,C,I,107,107,0,n,1,0.6304131000069901,None,n,0,0.5057005999842659,None,,,,,,,,,,,,,0,107,107,69,834.1261738999747,,,,,,,,,834.1217903999495,834.1261738999747,834.5781900999718,834.5781900999718,834.6281025999924,835.2112756999559,,,,,835.2127107999986,835.7106434999732,835.7106434999732,836.227589099959,,,,,,,,,,,,,,,,,,,,,,,,,,,,,,,,n,1,0.6304131000069901,None,n,0,0.5057005999842659,None,700199,001,2025-11-24_15h58.45.470,soloProject,,2025.1.1,60.13276109880783,2025-11-24 15h58.46.898498 +0530,
Faces/CFD-IF-605-066-N.jpg,m,football,m,I,I,108,108,0,m,1,6.808430799981579,None,m,1,0.7118711000075564,None,,,,,,,,,,,,,0,108,108,47,836.276144399948,,,,,,,,,836.2712753999513,836.276144399948,836.7277081999928,836.7277081999928,836.777712799958,843.5450265999534,,,,,843.5465857999516,844.043910599954,844.043910599954,844.7612962999847,,,,,,,,,,,,,,,,,,,,,,,,,,,,,,,,m,1,6.808430799981579,None,m,1,0.7118711000075564,None,700199,001,2025-11-24_15h58.45.470,soloProject,,2025.1.1,60.13276109880783,2025-11-24 15h58.46.898498 +0530,
Faces/CFD-IF-609-408-N.jpg,m,dress,n,C,I,109,109,0,m,1,0.46171540004434064,None,n,1,1.1111512000206858,None,,,,,,,,,,,,,0,109,109,27,844.8111679999856,,,,,,,,,844.8054803999839,844.8111679999856,845.2611320999567,845.2611320999567,845.3114517999929,845.7280496999738,,,,,845.7293407999678,846.2437036999618,846.2437036999618,847.3611452999758,,,,,,,,,,,,,,,,,,,,,,,,,,,,,,,,m,1,0.46171540004434064,None,n,1,1.1111512000206858,None,700199,001,2025-11-24_15h58.45.470,soloProject,,2025.1.1,60.13276109880783,2025-11-24 15h58.46.898498 +0530,
Faces/CFD-IM-738-191-N.jpg,n,dress,n,I,I,110,110,0,n,1,0.7489256000262685,None,n,1,0.6202477000188082,None,,,,,,,,,,,,,0,110,110,111,847.4120903000003,,,,,,,,,847.4077052999637,847.4120903000003,847.8607948999852,847.8607948999852,847.9279547999613,848.6118422999862,,,,,848.6118906000047,849.1269054999575,849.1269054999575,849.7606299999752,,,,,,,,,,,,,,,,,,,,,,,,,,,,,,,,n,1,0.7489256000262685,None,n,1,0.6202477000188082,None,700199,001,2025-11-24_15h58.45.470,soloProject,,2025.1.1,60.13276109880783,2025-11-24 15h58.46.898498 +0530,
Faces/CFD-IF-601-519-N.jpg,m,bowtie,m,I,I,111,111,0,m,1,1.0946795999770984,None,m,1,0.6159413999994285,None,,,,,,,,,,,,,0,111,111,32,849.8108629999915,,,,,,,,,849.8066479999688,849.8108629999915,850.2608967999695,850.2608967999695,850.3109092999948,851.3615423999727,,,,,851.362863599963,851.8773289999808,851.8773289999808,852.4941646999796,,,,,,,,,,,,,,,,,,,,,,,,,,,,,,,,m,1,1.0946795999770984,None,m,1,0.6159413999994285,None,700199,001,2025-11-24_15h58.45.470,soloProject,,2025.1.1,60.13276109880783,2025-11-24 15h58.46.898498 +0530,
Faces/CFD-IM-738-191-N.jpg,n,flower,n,I,I,112,112,0,n,1,0.6430138999712653,None,n,1,0.3780612999689765,None,,,,,,,,,,,,,0,112,112,110,852.5450392999919,,,,,,,,,852.5408100999775,852.5450392999919,852.9949242000002,852.9949242000002,853.0445468999678,853.6448025999707,,,,,853.6462240999681,854.1602937999996,854.1602937999996,854.5441493999679,,,,,,,,,,,,,,,,,,,,,,,,,,,,,,,,n,1,0.6430138999712653,None,n,1,0.3780612999689765,None,700199,001,2025-11-24_15h58.45.470,soloProject,,2025.1.1,60.13276109880783,2025-11-24 15h58.46.898498 +0530,
Faces/CFD-IM-739-012-N.jpg,n,doll,n,I,I,113,113,0,n,1,0.5524496000143699,None,n,1,0.5442673999932595,None,,,,,,,,,,,,,0,113,113,115,854.5947560999775,,,,,,,,,854.5893602999859,854.5947560999775,855.0442269999767,855.0442269999767,855.0939760999754,855.611164300004,,,,,855.612542799965,856.1105750999996,856.1105750999996,856.660692699952,,,,,,,,,,,,,,,,,,,,,,,,,,,,,,,,n,1,0.5524496000143699,None,n,1,0.5442673999932595,None,700199,001,2025-11-24_15h58.45.470,soloProject,,2025.1.1,60.13276109880783,2025-11-24 15h58.46.898498 +0530,
Faces/CFD-IM-739-012-N.jpg,n,beer,m,C,I,114,114,0,n,1,0.38046449999092147,None,m,1,0.5758507999707945,None,,,,,,,,,,,,,0,114,114,84,856.707659299951,,,,,,,,,856.7022718999651,856.707659299951,857.1608134999988,857.1608134999988,857.2108716999646,857.5446871999884,,,,,857.5459697999759,858.0435142999631,858.0435142999631,858.6273101999541,,,,,,,,,,,,,,,,,,,,,,,,,,,,,,,,n,1,0.38046449999092147,None,m,1,0.5758507999707945,None,700199,001,2025-11-24_15h58.45.470,soloProject,,2025.1.1,60.13276109880783,2025-11-24 15h58.46.898498 +0530,
Faces/CFD-IM-736-361-N.jpg,n,bowtie,m,C,I,115,115,0,n,1,0.564847000001464,None,m,1,0.45916580001357943,None,,,,,,,,,,,,,0,115,115,74,858.6731721999822,,,,,,,,,858.6687826999696,858.6731721999822,859.1277818999952,859.1277818999952,859.1774678999791,859.6946660999674,,,,,859.695912599971,860.2101998999715,860.2101998999715,860.6773238999886,,,,,,,,,,,,,,,,,,,,,,,,,,,,,,,,n,1,0.564847000001464,None,m,1,0.45916580001357943,None,700199,001,2025-11-24_15h58.45.470,soloProject,,2025.1.1,60.13276109880783,2025-11-24 15h58.46.898498 +0530,
Faces/CFD-IM-728-041-N.jpg,n,jewelry,n,I,I,116,116,0,n,1,0.7165957000106573,None,n,1,0.524917499977164,None,,,,,,,,,,,,,0,116,116,95,860.727264599991,,,,,,,,,860.7218416999676,860.727264599991,861.1770723999944,861.1770723999944,861.2273682999657,861.8942616999848,,,,,861.8956275999662,862.3936952999793,862.3936952999793,862.9274865000043,,,,,,,,,,,,,,,,,,,,,,,,,,,,,,,,n,1,0.7165957000106573,None,n,1,0.524917499977164,None,700199,001,2025-11-24_15h58.45.470,soloProject,,2025.1.1,60.13276109880783,2025-11-24 15h58.46.898498 +0530,
Faces/CFD-IF-601-519-N.jpg,m,cigar,m,I,I,117,117,0,m,1,0.5780837999773212,None,m,1,0.49178799998480827,None,,,,,,,,,,,,,0,117,117,34,862.9745659999899,,,,,,,,,862.9703048999654,862.9745659999899,863.4271655000048,863.4271655000048,863.4774329999927,864.0114170999732,,,,,864.0129903999623,864.5105089999852,864.5105089999852,865.0108479000046,,,,,,,,,,,,,,,,,,,,,,,,,,,,,,,,m,1,0.5780837999773212,None,m,1,0.49178799998480827,None,700199,001,2025-11-24_15h58.45.470,soloProject,,2025.1.1,60.13276109880783,2025-11-24 15h58.46.898498 +0530,
Faces/CFD-IM-731-223-N.jpg,n,hammer,m,C,I,118,118,0,n,1,0.8468107999651693,None,m,1,0.5447836000239477,None,,,,,,,,,,,,,0,118,118,67,865.0628272999893,,,,,,,,,865.0579978000023,865.0628272999893,865.5105132999597,865.5105132999597,865.5772742999834,866.360803699994,,,,,866.3619991999585,866.860195199959,866.860195199959,867.4107406999683,,,,,,,,,,,,,,,,,,,,,,,,,,,,,,,,n,1,0.8468107999651693,None,m,1,0.5447836000239477,None,700199,001,2025-11-24_15h58.45.470,soloProject,,2025.1.1,60.13276109880783,2025-11-24 15h58.46.898498 +0530,
Faces/CFD-IF-602-134-N.jpg,m,perfume,n,C,I,119,119,0,m,1,0.6836720000137575,None,n,1,0.7244156999513507,None,,,,,,,,,,,,,0,119,119,6,867.4613276000018,,,,,,,,,867.4572399999597,867.4613276000018,867.9109023999772,867.9109023999772,867.9608842000016,868.5947895999998,,,,,868.5962158999755,869.0937906999607,869.0937906999607,869.8270983999828,,,,,,,,,,,,,,,,,,,,,,,,,,,,,,,,m,1,0.6836720000137575,None,n,1,0.7244156999513507,None,700199,001,2025-11-24_15h58.45.470,soloProject,,2025.1.1,60.13276109880783,2025-11-24 15h58.46.898498 +0530,
