Image,corr_res1,target,corr_res2,ss_compat,sr_compat,thisN,thisTrialN,thisRepN,key_resp.keys,key_resp.corr,key_resp.rt,key_resp.duration,key_resp_2.keys,key_resp_2.corr,key_resp_2.rt,key_resp_2.duration,trials_2.thisRepN,trials_2.thisTrialN,trials_2.thisN,trials_2.thisIndex,trials.thisRepN,trials.thisTrialN,trials.thisN,trials.thisIndex,trials_3.thisRepN,trials_3.thisTrialN,trials_3.thisN,trials_3.thisIndex,trials_4.thisRepN,trials_4.thisTrialN,trials_4.thisN,trials_4.thisIndex,thisRow.t,notes,instructions.started,text_2.started,key_resp_3.started,instructions.stopped,key_resp_3.keys,key_resp_3.rt,key_resp_3.duration,trial.started,fixation.started,image_prime.started,key_resp.started,fixation.stopped,trial.stopped,trials_2.key_resp.keys,trials_2.key_resp.corr,trials_2.key_resp.rt,trials_2.key_resp.duration,trial2.started,text.started,key_resp_2.started,trial2.stopped,trials_2.key_resp_2.keys,trials_2.key_resp_2.corr,trials_2.key_resp_2.rt,trials_2.key_resp_2.duration,begin.started,text_4.started,text_4.stopped,begin.stopped,trials.key_resp.keys,trials.key_resp.corr,trials.key_resp.rt,trials.key_resp.duration,trials.key_resp_2.keys,trials.key_resp_2.corr,trials.key_resp_2.rt,trials.key_resp_2.duration,instructions2.started,text_3.started,key_resp_4.started,instructions2.stopped,key_resp_4.keys,key_resp_4.rt,key_resp_4.duration,trials_3.key_resp.keys,trials_3.key_resp.corr,trials_3.key_resp.rt,trials_3.key_resp.duration,trials_3.key_resp_2.keys,trials_3.key_resp_2.corr,trials_3.key_resp_2.rt,trials_3.key_resp_2.duration,trials_4.key_resp.keys,trials_4.key_resp.corr,trials_4.key_resp.rt,trials_4.key_resp.duration,trials_4.key_resp_2.keys,trials_4.key_resp_2.corr,trials_4.key_resp_2.rt,trials_4.key_resp_2.duration,participant,session,date,expName,expVersion,psychopyVersion,frameRate,expStart,
,,,,,,,,,,,,,,,,,,,,,,,,,,,,,,,,,,,0.0032349000684916973,0.006960500031709671,0.006960500031709671,1.2890393000561744,space,1.2451050999807194,None,,,,,,,,,,,,,,,,,,,,,,,,,,,,,,,,,,,,,,,,,,,,,,,,,,,,,,001499,001,2025-11-24_18h20.05.958,soloProject,,2025.1.1,59.96239158085313,2025-11-24 18h20.07.634660 +0530,
Faces/CFD-IM-728-041-N.jpg,m,football,m,C,C,0,0,0,m,1,0.5518609998980537,None,m,1,0.38740300002973527,None,0,0,0,8,,,,,,,,,,,,,1.3966273000696674,,,,,,,,,1.3890135999536142,1.3966273000696674,1.7998420000076294,1.7998420000076294,1.899972000042908,2.367235600017011,m,1,0.5518609998980537,None,2.3700832000467926,2.8659622999839485,2.8659622999839485,3.2663800000445917,m,1,0.38740300002973527,None,,,,,,,,,,,,,,,,,,,,,,,,,,,,,,,,,,,,001499,001,2025-11-24_18h20.05.958,soloProject,,2025.1.1,59.96239158085313,2025-11-24 18h20.07.634660 +0530,
Faces/CFD-IM-728-041-N.jpg,m,briefcase,m,C,C,1,1,0,m,1,0.3387144999578595,None,m,1,0.43095010006800294,None,0,1,1,6,,,,,,,,,,,,,3.3215258000418544,,,,,,,,,3.315137300058268,3.3215258000418544,3.766764200059697,3.766764200059697,3.8331326000625268,4.1171703999862075,m,1,0.3387144999578595,None,4.118619699962437,4.6326247999677435,4.6326247999677435,5.066349599976093,m,1,0.43095010006800294,None,,,,,,,,,,,,,,,,,,,,,,,,,,,,,,,,,,,,001499,001,2025-11-24_18h20.05.958,soloProject,,2025.1.1,59.96239158085313,2025-11-24 18h20.07.634660 +0530,
Faces/CFD-IM-731-223-N.jpg,m,dress,n,I,C,2,2,0,m,1,0.3644276999402791,None,m,0,0.34045580006204545,None,0,2,2,9,,,,,,,,,,,,,5.1206989999627694,,,,,,,,,5.115553400013596,5.1206989999627694,5.566533399978653,5.566533399978653,5.633173399954103,5.933492299984209,m,1,0.3644276999402791,None,5.93486010003835,6.4325644000200555,6.4325644000200555,6.782884199987166,m,0,0.34045580006204545,None,,,,,,,,,,,,,,,,,,,,,,,,,,,,,,,,,,,,001499,001,2025-11-24_18h20.05.958,soloProject,,2025.1.1,59.96239158085313,2025-11-24 18h20.07.634660 +0530,
Faces/CFD-IF-601-519-N.jpg,n,doll,n,C,C,3,3,0,m,0,0.31718360004015267,None,n,1,0.636733700055629,None,0,3,3,1,,,,,,,,,,,,,6.844357899972238,,,,,,,,,6.838884499971755,6.844357899972238,7.28306759998668,7.28306759998668,7.349598100059666,7.616740599973127,m,0,0.31718360004015267,None,7.618109600036405,8.132970500038937,8.132970500038937,8.782935500028543,n,1,0.636733700055629,None,,,,,,,,,,,,,,,,,,,,,,,,,,,,,,,,,,,,001499,001,2025-11-24_18h20.05.958,soloProject,,2025.1.1,59.96239158085313,2025-11-24 18h20.07.634660 +0530,
Faces/CFD-IF-601-519-N.jpg,n,perfume,n,C,C,4,4,0,n,1,0.4194369000615552,None,n,1,0.3776920000091195,None,0,4,4,0,,,,,,,,,,,,,8.839417799958028,,,,,,,,,8.834251399966888,8.839417799958028,9.283031700062566,9.283031700062566,9.349553999956697,9.717028700048104,n,1,0.4194369000615552,None,9.71871090005152,10.232303600059822,10.232303600059822,10.616230600047857,n,1,0.3776920000091195,None,,,,,,,,,,,,,,,,,,,,,,,,,,,,,,,,,,,,001499,001,2025-11-24_18h20.05.958,soloProject,,2025.1.1,59.96239158085313,2025-11-24 18h20.07.634660 +0530,
Faces/CFD-IM-728-041-N.jpg,m,cigar,m,C,C,5,5,0,m,1,0.3458159000147134,None,m,1,0.500029299990274,None,0,5,5,7,,,,,,,,,,,,,10.672061000019312,,,,,,,,,10.667117899982259,10.672061000019312,11.116443200036883,11.116443200036883,11.18286189995706,11.466779200010933,m,1,0.3458159000147134,None,11.468168999999762,11.966091400012374,11.966091400012374,12.482851800043136,m,1,0.500029299990274,None,,,,,,,,,,,,,,,,,,,,,,,,,,,,,,,,,,,,001499,001,2025-11-24_18h20.05.958,soloProject,,2025.1.1,59.96239158085313,2025-11-24 18h20.07.634660 +0530,
Faces/CFD-IF-602-134-N.jpg,n,hammer,m,I,C,6,6,0,n,1,0.42039159999694675,None,n,0,0.48008090001530945,None,0,6,6,4,,,,,,,,,,,,,12.541448300005868,,,,,,,,,12.53680440003518,12.541448300005868,12.983388100052252,12.983388100052252,13.04974389995914,13.416777899954468,n,1,0.42039159999694675,None,13.418309699976817,13.93229450006038,13.93229450006038,14.416567999986,n,0,0.48008090001530945,None,,,,,,,,,,,,,,,,,,,,,,,,,,,,,,,,,,,,001499,001,2025-11-24_18h20.05.958,soloProject,,2025.1.1,59.96239158085313,2025-11-24 18h20.07.634660 +0530,
Faces/CFD-IF-602-134-N.jpg,n,beer,m,I,C,7,7,0,n,1,0.5549100000644103,None,m,1,1.1357851000502706,None,0,7,7,3,,,,,,,,,,,,,14.470514000044204,,,,,,,,,14.46536659996491,14.470514000044204,14.916400899994187,14.916400899994187,14.982999400002882,15.483688400010578,n,1,0.5549100000644103,None,15.484905899967998,15.999213100061752,15.999213100061752,17.149529400048777,m,1,1.1357851000502706,None,,,,,,,,,,,,,,,,,,,,,,,,,,,,,,,,,,,,001499,001,2025-11-24_18h20.05.958,soloProject,,2025.1.1,59.96239158085313,2025-11-24 18h20.07.634660 +0530,
Faces/CFD-IM-731-223-N.jpg,m,lipstick,n,I,C,8,8,0,m,1,0.48883639997802675,None,n,1,0.6291262999875471,None,0,8,8,10,,,,,,,,,,,,,17.19946410006378,,,,,,,,,17.194886400015093,17.19946410006378,17.64938489999622,17.64938489999622,17.69953019998502,18.149870199966244,m,1,0.48883639997802675,None,18.151440700050443,18.64912820002064,18.64912820002064,19.282892300048843,n,1,0.6291262999875471,None,,,,,,,,,,,,,,,,,,,,,,,,,,,,,,,,,,,,001499,001,2025-11-24_18h20.05.958,soloProject,,2025.1.1,59.96239158085313,2025-11-24 18h20.07.634660 +0530,
Faces/CFD-IM-731-223-N.jpg,m,jewelry,n,I,C,9,9,0,m,1,0.6203076000092551,None,n,1,0.546518100076355,None,0,9,9,11,,,,,,,,,,,,,19.333679800038226,,,,,,,,,19.328821600065567,19.333679800038226,19.782867899979465,19.782867899979465,19.83280229999218,20.41654030000791,m,1,0.6203076000092551,None,20.419732599984854,20.91554840002209,20.91554840002209,21.466153800021857,n,1,0.546518100076355,None,,,,,,,,,,,,,,,,,,,,,,,,,,,,,,,,,,,,001499,001,2025-11-24_18h20.05.958,soloProject,,2025.1.1,59.96239158085313,2025-11-24 18h20.07.634660 +0530,
Faces/CFD-IF-602-134-N.jpg,n,bowtie,m,I,C,10,10,0,n,1,0.7957643999252468,None,m,1,0.5960508000571281,None,0,10,10,5,,,,,,,,,,,,,21.520603199955076,,,,,,,,,21.514963099965826,21.520603199955076,21.966378799988888,21.966378799988888,22.032907900051214,22.766596300061792,n,1,0.7957643999252468,None,22.767977899988182,23.265632900060154,23.265632900060154,23.86622109997552,m,1,0.5960508000571281,None,,,,,,,,,,,,,,,,,,,,,,,,,,,,,,,,,,,,001499,001,2025-11-24_18h20.05.958,soloProject,,2025.1.1,59.96239158085313,2025-11-24 18h20.07.634660 +0530,
Faces/CFD-IF-601-519-N.jpg,n,flower,n,C,C,11,11,0,n,1,0.7557539999252185,None,n,1,0.6203096000244841,None,0,11,11,2,,,,,,,,,,,,,23.9181654000422,,,,,,,,,23.912636899971403,23.9181654000422,24.366271700011566,24.366271700011566,24.432864199974574,25.133122200029902,n,1,0.7557539999252185,None,25.134717000066303,25.63226720003877,25.63226720003877,26.265917100012302,n,1,0.6203096000244841,None,,,,,,,,,,,,,,,,,,,,,,,,,,,,,,,,,,,,001499,001,2025-11-24_18h20.05.958,soloProject,,2025.1.1,59.96239158085313,2025-11-24 18h20.07.634660 +0530,
,,,,,,,,,,,,,,,,,,,,,,,,,,,,,,,,,,,,,,,,,,,,,,,,,,,,,,,,,,,,26.266034699976444,26.282374000060372,27.837266899994574,27.76601889997255,,,,,,,,,,,,,,,,,,,,,,,,,,,,,,,,001499,001,2025-11-24_18h20.05.958,soloProject,,2025.1.1,59.96239158085313,2025-11-24 18h20.07.634660 +0530,
Faces/CFD-IM-736-361-N.jpg,m,flower,n,I,C,0,0,0,m,1,0.8442818999756128,None,n,1,0.4945479000452906,None,,,,,0,0,0,104,,,,,,,,,27.837266899994574,,,,,,,,,27.83259620005265,27.837266899994574,28.266172699979506,28.266172699979506,28.349573599989526,29.116382500040345,,,,,29.116458300035447,29.632085400051437,29.632085400051437,30.132544800057076,,,,,,,,,m,1,0.8442818999756128,None,n,1,0.4945479000452906,None,,,,,,,,,,,,,,,,,,,,,,,,001499,001,2025-11-24_18h20.05.958,soloProject,,2025.1.1,59.96239158085313,2025-11-24 18h20.07.634660 +0530,
Faces/CFD-IF-608-390-N.jpg,n,briefcase,m,I,C,1,1,0,n,1,0.37847630004398525,None,m,1,0.492977200075984,None,,,,,0,1,1,51,,,,,,,,,30.186313300044276,,,,,,,,,30.18042970006354,30.186313300044276,30.632972500054166,30.632972500054166,30.699813000042923,31.01670150004793,,,,,31.01849869999569,31.532195599982515,31.532195599982515,32.032748300000094,,,,,,,,,n,1,0.37847630004398525,None,m,1,0.492977200075984,None,,,,,,,,,,,,,,,,,,,,,,,,001499,001,2025-11-24_18h20.05.958,soloProject,,2025.1.1,59.96239158085313,2025-11-24 18h20.07.634660 +0530,
Faces/CFD-IM-736-361-N.jpg,m,jewelry,n,I,C,2,2,0,m,1,0.5558837000280619,None,n,1,0.4618632000638172,None,,,,,0,2,2,107,,,,,,,,,32.100660700001754,,,,,,,,,32.0929314000532,32.100660700001754,32.53317930002231,32.53317930002231,32.5998407000443,33.1001139000291,,,,,33.10220239998307,33.61536639998667,33.61536639998667,34.082828899961896,,,,,,,,,m,1,0.5558837000280619,None,n,1,0.4618632000638172,None,,,,,,,,,,,,,,,,,,,,,,,,001499,001,2025-11-24_18h20.05.958,soloProject,,2025.1.1,59.96239158085313,2025-11-24 18h20.07.634660 +0530,
Faces/CFD-IM-736-361-N.jpg,m,lipstick,n,I,C,3,3,0,m,1,0.6237032000208274,None,m,0,0.3670297999633476,None,,,,,0,3,3,106,,,,,,,,,34.14075939997565,,,,,,,,,34.13518410001416,34.14075939997565,34.58288770006038,34.58288770006038,34.649117100052536,35.21644300001208,,,,,35.21796819998417,35.73220620001666,35.73220620001666,36.115757600055076,,,,,,,,,m,1,0.6237032000208274,None,m,0,0.3670297999633476,None,,,,,,,,,,,,,,,,,,,,,,,,001499,001,2025-11-24_18h20.05.958,soloProject,,2025.1.1,59.96239158085313,2025-11-24 18h20.07.634660 +0530,
Faces/CFD-IM-731-223-N.jpg,m,briefcase,m,C,C,4,4,0,m,1,0.5423836000263691,None,m,1,0.5348600000143051,None,,,,,0,4,4,69,,,,,,,,,36.16720180003904,,,,,,,,,36.16273970005568,36.16720180003904,36.61596099997405,36.61596099997405,36.68265860003885,37.166294099995866,,,,,37.167669099988416,37.681957600056194,37.681957600056194,38.232473699958064,,,,,,,,,m,1,0.5423836000263691,None,m,1,0.5348600000143051,None,,,,,,,,,,,,,,,,,,,,,,,,001499,001,2025-11-24_18h20.05.958,soloProject,,2025.1.1,59.96239158085313,2025-11-24 18h20.07.634660 +0530,
Faces/CFD-IF-608-390-N.jpg,n,flower,n,C,C,5,5,0,n,1,0.48758499999530613,None,n,1,0.40434969996567816,None,,,,,0,5,5,20,,,,,,,,,38.288093699957244,,,,,,,,,38.2828540999908,38.288093699957244,38.733007800066844,38.733007800066844,38.79911570006516,39.23308000003453,,,,,39.23479690006934,39.748686100007035,39.748686100007035,40.16554830002133,,,,,,,,,n,1,0.48758499999530613,None,n,1,0.40434969996567816,None,,,,,,,,,,,,,,,,,,,,,,,,001499,001,2025-11-24_18h20.05.958,soloProject,,2025.1.1,59.96239158085313,2025-11-24 18h20.07.634660 +0530,
Faces/CFD-IF-609-408-N.jpg,n,bowtie,m,I,C,6,6,0,n,1,0.42535359994508326,None,m,1,0.5160496000899002,None,,,,,0,6,6,56,,,,,,,,,40.219489700044505,,,,,,,,,40.21328570006881,40.219489700044505,40.665982000064105,40.665982000064105,40.733084300067276,41.0995165000204,,,,,41.10101340000983,41.598655899986625,41.598655899986625,42.11603859998286,,,,,,,,,n,1,0.42535359994508326,None,m,1,0.5160496000899002,None,,,,,,,,,,,,,,,,,,,,,,,,001499,001,2025-11-24_18h20.05.958,soloProject,,2025.1.1,59.96239158085313,2025-11-24 18h20.07.634660 +0530,
Faces/CFD-IF-601-519-N.jpg,n,hammer,m,I,C,7,7,0,n,1,0.49688650004100055,None,m,1,0.6319840999785811,None,,,,,0,7,7,31,,,,,,,,,42.17115309997462,,,,,,,,,42.166290599969216,42.17115309997462,42.61580260004848,42.61580260004848,42.68270909995772,43.116098599974066,,,,,43.11758119997103,43.61545499996282,43.61545499996282,44.24939480004832,,,,,,,,,n,1,0.49688650004100055,None,m,1,0.6319840999785811,None,,,,,,,,,,,,,,,,,,,,,,,,001499,001,2025-11-24_18h20.05.958,soloProject,,2025.1.1,59.96239158085313,2025-11-24 18h20.07.634660 +0530,
Faces/CFD-IM-731-223-N.jpg,m,hammer,m,C,C,8,8,0,m,1,0.6882440000772476,None,m,1,0.4509641999611631,None,,,,,0,8,8,67,,,,,,,,,44.30034940002952,,,,,,,,,44.295197000028566,44.30034940002952,44.749298300012015,44.749298300012015,44.81586309999693,45.44973940006457,,,,,45.44980960001703,45.96520960005,45.96520960005,46.43258290004451,,,,,,,,,m,1,0.6882440000772476,None,m,1,0.4509641999611631,None,,,,,,,,,,,,,,,,,,,,,,,,001499,001,2025-11-24_18h20.05.958,soloProject,,2025.1.1,59.96239158085313,2025-11-24 18h20.07.634660 +0530,
Faces/CFD-IM-738-191-N.jpg,m,jewelry,n,I,C,9,9,0,m,1,0.44621369999367744,None,n,1,0.48034719994757324,None,,,,,0,9,9,113,,,,,,,,,46.491970899980515,,,,,,,,,46.48578230000567,46.491970899980515,46.93251119996421,46.93251119996421,46.99907819996588,47.38285589998122,,,,,47.38439530006144,47.88186099997256,47.88186099997256,48.366240500006825,,,,,,,,,m,1,0.44621369999367744,None,n,1,0.48034719994757324,None,,,,,,,,,,,,,,,,,,,,,,,,001499,001,2025-11-24_18h20.05.958,soloProject,,2025.1.1,59.96239158085313,2025-11-24 18h20.07.634660 +0530,
Faces/CFD-IM-739-012-N.jpg,m,beer,m,C,C,10,10,0,n,0,0.8670362000120804,None,m,1,0.945200200076215,None,,,,,0,10,10,84,,,,,,,,,48.419175300048664,,,,,,,,,48.413527600001544,48.419175300048664,48.88249830005225,48.88249830005225,48.93258180003613,49.76581520005129,,,,,49.76709880004637,50.26530970004387,50.26530970004387,51.21552219998557,,,,,,,,,n,0,0.8670362000120804,None,m,1,0.945200200076215,None,,,,,,,,,,,,,,,,,,,,,,,,001499,001,2025-11-24_18h20.05.958,soloProject,,2025.1.1,59.96239158085313,2025-11-24 18h20.07.634660 +0530,
Faces/CFD-IM-728-041-N.jpg,m,lipstick,n,I,C,11,11,0,m,1,0.5289647000608966,None,n,1,0.44237119995523244,None,,,,,0,11,11,94,,,,,,,,,51.268478799960576,,,,,,,,,51.263402099953964,51.268478799960576,51.715759200043976,51.715759200043976,51.782456499990076,52.249620600021444,,,,,52.25118260004092,52.765147599973716,52.765147599973716,53.21623400005046,,,,,,,,,m,1,0.5289647000608966,None,n,1,0.44237119995523244,None,,,,,,,,,,,,,,,,,,,,,,,,001499,001,2025-11-24_18h20.05.958,soloProject,,2025.1.1,59.96239158085313,2025-11-24 18h20.07.634660 +0530,
Faces/CFD-IM-731-223-N.jpg,m,beer,m,C,C,12,12,0,m,1,0.7463815999217331,None,m,1,0.4195625999709591,None,,,,,0,12,12,66,,,,,,,,,53.266590200015344,,,,,,,,,53.26200970006175,53.266590200015344,53.73221290006768,53.73221290006768,53.7824214999564,54.48271440004464,,,,,54.48399330000393,54.981861200067215,54.981861200067215,55.41596989997197,,,,,,,,,m,1,0.7463815999217331,None,m,1,0.4195625999709591,None,,,,,,,,,,,,,,,,,,,,,,,,001499,001,2025-11-24_18h20.05.958,soloProject,,2025.1.1,59.96239158085313,2025-11-24 18h20.07.634660 +0530,
Faces/CFD-IM-738-191-N.jpg,m,doll,n,I,C,13,13,0,m,1,0.4783028999809176,None,n,1,0.5852296000812203,None,,,,,0,13,13,109,,,,,,,,,55.466761799994856,,,,,,,,,55.46216470003128,55.466761799994856,55.91573230002541,55.91573230002541,55.96567349997349,56.39916490006726,,,,,56.400736100040376,56.898398200049996,56.898398200049996,57.499168000067584,,,,,,,,,m,1,0.4783028999809176,None,n,1,0.5852296000812203,None,,,,,,,,,,,,,,,,,,,,,,,,001499,001,2025-11-24_18h20.05.958,soloProject,,2025.1.1,59.96239158085313,2025-11-24 18h20.07.634660 +0530,
Faces/CFD-IM-728-041-N.jpg,m,cigar,m,C,C,14,14,0,m,1,0.44184690003748983,None,m,1,0.5806757999816909,None,,,,,0,14,14,64,,,,,,,,,57.550327399978414,,,,,,,,,57.54402679996565,57.550327399978414,57.99904789996799,57.99904789996799,58.06546650000382,58.44918490003329,,,,,58.45055269997101,58.96516470005736,58.96516470005736,59.54961720004212,,,,,,,,,m,1,0.44184690003748983,None,m,1,0.5806757999816909,None,,,,,,,,,,,,,,,,,,,,,,,,001499,001,2025-11-24_18h20.05.958,soloProject,,2025.1.1,59.96239158085313,2025-11-24 18h20.07.634660 +0530,
Faces/CFD-IM-736-361-N.jpg,m,dress,n,I,C,15,15,0,m,1,0.45951720001176,None,n,1,1.3875240000197664,None,,,,,0,15,15,105,,,,,,,,,59.60221869999077,,,,,,,,,59.59672060003504,59.60221869999077,60.04902450006921,60.04902450006921,60.115650700055994,60.516122100059874,,,,,60.517583600012586,61.03191759996116,61.03191759996116,62.43204300000798,,,,,,,,,m,1,0.45951720001176,None,n,1,1.3875240000197664,None,,,,,,,,,,,,,,,,,,,,,,,,001499,001,2025-11-24_18h20.05.958,soloProject,,2025.1.1,59.96239158085313,2025-11-24 18h20.07.634660 +0530,
Faces/CFD-IM-728-041-N.jpg,m,flower,n,I,C,16,16,0,m,1,0.5059654999058694,None,n,1,0.5323386000236496,None,,,,,0,16,16,92,,,,,,,,,62.48267409997061,,,,,,,,,62.47764409997035,62.48267409997061,62.93208219995722,62.93208219995722,62.98206059995573,63.44985620002262,,,,,63.4522236000048,63.965211200062186,63.965211200062186,64.49948610004503,,,,,,,,,m,1,0.5059654999058694,None,n,1,0.5323386000236496,None,,,,,,,,,,,,,,,,,,,,,,,,001499,001,2025-11-24_18h20.05.958,soloProject,,2025.1.1,59.96239158085313,2025-11-24 18h20.07.634660 +0530,
Faces/CFD-IM-728-041-N.jpg,m,bowtie,m,C,C,17,17,0,m,1,0.4423280000919476,None,m,1,0.941970199928619,None,,,,,0,17,17,62,,,,,,,,,64.55200849997345,,,,,,,,,64.5461854999885,64.55200849997345,65.0174172000261,65.0174172000261,65.06552109995391,65.46620819997042,,,,,65.46761329995934,65.9650999000296,65.9650999000296,66.9157247999683,,,,,,,,,m,1,0.4423280000919476,None,m,1,0.941970199928619,None,,,,,,,,,,,,,,,,,,,,,,,,001499,001,2025-11-24_18h20.05.958,soloProject,,2025.1.1,59.96239158085313,2025-11-24 18h20.07.634660 +0530,
Faces/CFD-IF-608-390-N.jpg,n,beer,m,I,C,18,18,0,n,1,0.9032845000037923,None,m,1,1.2618547000456601,None,,,,,0,18,18,48,,,,,,,,,66.97112440003548,,,,,,,,,66.9664194000652,66.97112440003548,67.41557850001846,67.41557850001846,67.48239440005273,68.33263119996991,,,,,68.3340968999546,68.83158070000354,68.83158070000354,70.09887540002819,,,,,,,,,n,1,0.9032845000037923,None,m,1,1.2618547000456601,None,,,,,,,,,,,,,,,,,,,,,,,,001499,001,2025-11-24_18h20.05.958,soloProject,,2025.1.1,59.96239158085313,2025-11-24 18h20.07.634660 +0530,
Faces/CFD-IM-731-223-N.jpg,m,cigar,m,C,C,19,19,0,m,1,0.5737203999888152,None,m,1,0.6919762999750674,None,,,,,0,19,19,70,,,,,,,,,70.15284540003631,,,,,,,,,70.14725290006027,70.15284540003631,70.5989724000683,70.5989724000683,70.66552779998165,71.18248009996023,,,,,71.18403869995382,71.68164660001639,71.68164660001639,72.38318929995876,,,,,,,,,m,1,0.5737203999888152,None,m,1,0.6919762999750674,None,,,,,,,,,,,,,,,,,,,,,,,,001499,001,2025-11-24_18h20.05.958,soloProject,,2025.1.1,59.96239158085313,2025-11-24 18h20.07.634660 +0530,
Faces/CFD-IM-738-191-N.jpg,m,lipstick,n,I,C,20,20,0,n,0,0.42589830001816154,None,n,1,0.5674758000532165,None,,,,,0,20,20,112,,,,,,,,,72.44256550003774,,,,,,,,,72.43479109997861,72.44256550003774,72.8994917999953,72.8994917999953,72.94892670004629,73.33240960002877,,,,,73.33396189997438,73.83215270005167,73.83215270005167,74.41514469997492,,,,,,,,,n,0,0.42589830001816154,None,n,1,0.5674758000532165,None,,,,,,,,,,,,,,,,,,,,,,,,001499,001,2025-11-24_18h20.05.958,soloProject,,2025.1.1,59.96239158085313,2025-11-24 18h20.07.634660 +0530,
Faces/CFD-IF-609-408-N.jpg,n,football,m,I,C,21,21,0,n,1,0.53387639997527,None,m,1,0.5405079999472946,None,,,,,0,21,21,59,,,,,,,,,74.46738569997251,,,,,,,,,74.46142060006969,74.46738569997251,74.91546559997369,74.91546559997369,74.98234570003115,75.46605389995966,,,,,75.46761699998751,75.98210170003586,75.98210170003586,76.53204650001135,,,,,,,,,n,1,0.53387639997527,None,m,1,0.5405079999472946,None,,,,,,,,,,,,,,,,,,,,,,,,001499,001,2025-11-24_18h20.05.958,soloProject,,2025.1.1,59.96239158085313,2025-11-24 18h20.07.634660 +0530,
Faces/CFD-IM-738-191-N.jpg,m,flower,n,I,C,22,22,0,m,1,0.5639230000087991,None,n,1,0.4860766999190673,None,,,,,0,22,22,110,,,,,,,,,76.5859506999841,,,,,,,,,76.58093519997783,76.5859506999841,77.03246709995437,77.03246709995437,77.09865459997673,77.59918829996604,,,,,77.60080310003832,78.09859629999846,78.09859629999846,78.5990085999947,,,,,,,,,m,1,0.5639230000087991,None,n,1,0.4860766999190673,None,,,,,,,,,,,,,,,,,,,,,,,,001499,001,2025-11-24_18h20.05.958,soloProject,,2025.1.1,59.96239158085313,2025-11-24 18h20.07.634660 +0530,
Faces/CFD-IF-602-134-N.jpg,n,doll,n,C,C,23,23,0,n,1,0.4696366999996826,None,n,1,0.4288201000308618,None,,,,,0,23,23,7,,,,,,,,,78.65638359996956,,,,,,,,,78.64972970006056,78.65638359996956,79.0989746999694,79.0989746999694,79.1654907000484,79.58247350004967,,,,,79.5848158999579,80.08177669998258,80.08177669998258,80.51511559996288,,,,,,,,,n,1,0.4696366999996826,None,n,1,0.4288201000308618,None,,,,,,,,,,,,,,,,,,,,,,,,001499,001,2025-11-24_18h20.05.958,soloProject,,2025.1.1,59.96239158085313,2025-11-24 18h20.07.634660 +0530,
Faces/CFD-IF-602-134-N.jpg,n,lipstick,n,C,C,24,24,0,n,1,0.3830082000931725,None,n,1,0.37016339995898306,None,,,,,0,24,24,10,,,,,,,,,80.56920250004623,,,,,,,,,80.56422669999301,80.56920250004623,81.0153065000195,81.0153065000195,81.08207250002306,81.39960320002865,,,,,81.40130689996295,81.91563129995484,81.91563129995484,82.29856909997761,,,,,,,,,n,1,0.3830082000931725,None,n,1,0.37016339995898306,None,,,,,,,,,,,,,,,,,,,,,,,,001499,001,2025-11-24_18h20.05.958,soloProject,,2025.1.1,59.96239158085313,2025-11-24 18h20.07.634660 +0530,
Faces/CFD-IF-601-519-N.jpg,n,jewelry,n,C,C,25,25,0,n,1,0.4153283000923693,None,n,1,0.3795047999592498,None,,,,,0,25,25,5,,,,,,,,,82.35084620001726,,,,,,,,,82.34613690001424,82.35084620001726,82.79853080003522,82.79853080003522,82.8652225000551,83.21636690001469,,,,,83.21878880006261,83.73151589999907,83.73151589999907,84.11547049996443,,,,,,,,,n,1,0.4153283000923693,None,n,1,0.3795047999592498,None,,,,,,,,,,,,,,,,,,,,,,,,001499,001,2025-11-24_18h20.05.958,soloProject,,2025.1.1,59.96239158085313,2025-11-24 18h20.07.634660 +0530,
Faces/CFD-IF-602-134-N.jpg,n,dress,n,C,C,26,26,0,n,1,0.40771879989188164,None,n,1,0.41290659992955625,None,,,,,0,26,26,9,,,,,,,,,84.17109239997808,,,,,,,,,84.16516760003287,84.17109239997808,84.61546020000242,84.61546020000242,84.68202439998277,85.03252500004601,,,,,85.03386570001021,85.54869139997754,85.54869139997754,85.96591569995508,,,,,,,,,n,1,0.40771879989188164,None,n,1,0.41290659992955625,None,,,,,,,,,,,,,,,,,,,,,,,,001499,001,2025-11-24_18h20.05.958,soloProject,,2025.1.1,59.96239158085313,2025-11-24 18h20.07.634660 +0530,
Faces/CFD-IF-602-134-N.jpg,n,hammer,m,I,C,27,27,0,n,1,0.37142490001861006,None,m,1,0.5973905000137165,None,,,,,0,27,27,37,,,,,,,,,86.02832230005879,,,,,,,,,86.0230524999788,86.02832230005879,86.48268749995623,86.48268749995623,86.53197660006117,86.8662234999938,,,,,86.86796349997167,87.38146449998021,87.38146449998021,87.98211370001081,,,,,,,,,n,1,0.37142490001861006,None,m,1,0.5973905000137165,None,,,,,,,,,,,,,,,,,,,,,,,,001499,001,2025-11-24_18h20.05.958,soloProject,,2025.1.1,59.96239158085313,2025-11-24 18h20.07.634660 +0530,
Faces/CFD-IF-608-390-N.jpg,n,jewelry,n,C,C,28,28,0,n,1,0.5344400000758469,None,n,1,0.9972938999999315,None,,,,,0,28,28,23,,,,,,,,,88.04657760006376,,,,,,,,,88.04029969999101,88.04657760006376,88.48276080004871,88.48276080004871,88.5497897999594,89.03235980006866,,,,,89.03467900003307,89.54807540006004,89.54807540006004,90.54826479998883,,,,,,,,,n,1,0.5344400000758469,None,n,1,0.9972938999999315,None,,,,,,,,,,,,,,,,,,,,,,,,001499,001,2025-11-24_18h20.05.958,soloProject,,2025.1.1,59.96239158085313,2025-11-24 18h20.07.634660 +0530,
Faces/CFD-IM-739-012-N.jpg,m,bowtie,m,C,C,29,29,0,m,1,0.6008442000020295,None,m,1,0.4926790000172332,None,,,,,0,29,29,86,,,,,,,,,90.61063400004059,,,,,,,,,90.60522599995602,90.61063400004059,91.04841859999578,91.04841859999578,91.11594339995645,91.6654357999796,,,,,91.66689780005254,92.16484960005619,92.16484960005619,92.66558300005272,,,,,,,,,m,1,0.6008442000020295,None,m,1,0.4926790000172332,None,,,,,,,,,,,,,,,,,,,,,,,,001499,001,2025-11-24_18h20.05.958,soloProject,,2025.1.1,59.96239158085313,2025-11-24 18h20.07.634660 +0530,
Faces/CFD-IM-731-223-N.jpg,m,perfume,n,I,C,30,30,0,m,1,0.4941120999865234,None,m,0,0.4567134000826627,None,,,,,0,30,30,96,,,,,,,,,92.72360550006852,,,,,,,,,92.71710570005234,92.72360550006852,93.18188070005272,93.18188070005272,93.23178839997854,93.68217100005131,,,,,93.68393739999738,94.19785300001968,94.19785300001968,94.66503150004428,,,,,,,,,m,1,0.4941120999865234,None,m,0,0.4567134000826627,None,,,,,,,,,,,,,,,,,,,,,,,,001499,001,2025-11-24_18h20.05.958,soloProject,,2025.1.1,59.96239158085313,2025-11-24 18h20.07.634660 +0530,
Faces/CFD-IF-605-066-N.jpg,n,perfume,n,C,C,31,31,0,n,1,0.7601533000124618,None,n,1,0.5213607000187039,None,,,,,0,31,31,12,,,,,,,,,94.72276050003711,,,,,,,,,94.71732980001252,94.72276050003711,95.16507770004682,95.16507770004682,95.23166329995729,95.93215070001315,,,,,95.93221870006528,96.44776949996594,96.44776949996594,96.98166779999156,,,,,,,,,n,1,0.7601533000124618,None,n,1,0.5213607000187039,None,,,,,,,,,,,,,,,,,,,,,,,,001499,001,2025-11-24_18h20.05.958,soloProject,,2025.1.1,59.96239158085313,2025-11-24 18h20.07.634660 +0530,
Faces/CFD-IM-736-361-N.jpg,m,doll,n,I,C,32,32,0,m,1,0.41536840004846454,None,n,1,0.5263345999410376,None,,,,,0,32,32,103,,,,,,,,,97.03537779999897,,,,,,,,,97.02982709999196,97.03537779999897,97.481662999955,97.481662999955,97.54833300004248,97.89983220002614,,,,,97.9011156000197,98.41460650006775,98.41460650006775,98.94835550000425,,,,,,,,,m,1,0.41536840004846454,None,n,1,0.5263345999410376,None,,,,,,,,,,,,,,,,,,,,,,,,001499,001,2025-11-24_18h20.05.958,soloProject,,2025.1.1,59.96239158085313,2025-11-24 18h20.07.634660 +0530,
Faces/CFD-IM-736-361-N.jpg,m,bowtie,m,C,C,33,33,0,m,1,0.324851099983789,None,m,1,0.6110217999666929,None,,,,,0,33,33,74,,,,,,,,,99.00264069996774,,,,,,,,,98.99587179999799,99.00264069996774,99.44840790005401,99.44840790005401,99.51522459997796,99.78209600003902,,,,,99.78403119998984,100.28106089995708,100.28106089995708,100.89812490006443,,,,,,,,,m,1,0.324851099983789,None,m,1,0.6110217999666929,None,,,,,,,,,,,,,,,,,,,,,,,,001499,001,2025-11-24_18h20.05.958,soloProject,,2025.1.1,59.96239158085313,2025-11-24 18h20.07.634660 +0530,
Faces/CFD-IF-605-066-N.jpg,n,bowtie,m,I,C,34,34,0,n,1,1.429876400041394,None,m,1,0.5949709999840707,None,,,,,0,34,34,44,,,,,,,,,100.95220800000243,,,,,,,,,100.94762730004732,100.95220800000243,101.39890639996156,101.39890639996156,101.4647857999662,102.83224270003848,,,,,102.8323266999796,103.3479706000071,103.3479706000071,103.94825230003335,,,,,,,,,n,1,1.429876400041394,None,m,1,0.5949709999840707,None,,,,,,,,,,,,,,,,,,,,,,,,001499,001,2025-11-24_18h20.05.958,soloProject,,2025.1.1,59.96239158085313,2025-11-24 18h20.07.634660 +0530,
Faces/CFD-IF-608-390-N.jpg,n,hammer,m,I,C,35,35,0,n,1,0.5643468999769539,None,m,1,0.5243883000221103,None,,,,,0,35,35,49,,,,,,,,,104.00541039998643,,,,,,,,,103.99948130000848,104.00541039998643,104.44816939998418,104.44816939998418,104.51500020001549,105.01563170005102,,,,,105.01711550005712,105.53226180002093,105.53226180002093,106.06476209999528,,,,,,,,,n,1,0.5643468999769539,None,m,1,0.5243883000221103,None,,,,,,,,,,,,,,,,,,,,,,,,001499,001,2025-11-24_18h20.05.958,soloProject,,2025.1.1,59.96239158085313,2025-11-24 18h20.07.634660 +0530,
Faces/CFD-IM-739-012-N.jpg,m,flower,n,I,C,36,36,0,m,1,0.4995479000499472,None,n,1,0.5171031000791118,None,,,,,0,36,36,116,,,,,,,,,106.11959450005088,,,,,,,,,106.1144167999737,106.11959450005088,106.56528350000735,106.56528350000735,106.63165190001018,107.06538980000187,,,,,107.11639179999474,107.58098890003748,107.58098890003748,108.11467380006798,,,,,,,,,m,1,0.4995479000499472,None,n,1,0.5171031000791118,None,,,,,,,,,,,,,,,,,,,,,,,,001499,001,2025-11-24_18h20.05.958,soloProject,,2025.1.1,59.96239158085313,2025-11-24 18h20.07.634660 +0530,
Faces/CFD-IM-739-012-N.jpg,m,doll,n,I,C,37,37,0,m,1,0.6486393000232056,None,n,1,0.5597136999713257,None,,,,,0,37,37,115,,,,,,,,,108.17095920001157,,,,,,,,,108.16623219999019,108.17095920001157,108.61473919998389,108.61473919998389,108.68137879995629,109.26552250003442,,,,,109.26697460003197,109.78182170004584,109.78182170004584,110.34782899997663,,,,,,,,,m,1,0.6486393000232056,None,n,1,0.5597136999713257,None,,,,,,,,,,,,,,,,,,,,,,,,001499,001,2025-11-24_18h20.05.958,soloProject,,2025.1.1,59.96239158085313,2025-11-24 18h20.07.634660 +0530,
Faces/CFD-IM-736-361-N.jpg,m,briefcase,m,C,C,38,38,0,m,1,0.7084710999624804,None,m,1,0.5852739999536425,None,,,,,0,38,38,75,,,,,,,,,110.40254739997908,,,,,,,,,110.39750780002214,110.40254739997908,110.84816990001127,110.84816990001127,110.91486260003876,111.5654297999572,,,,,111.56702519999817,112.08122870000079,112.08122870000079,112.68142779998016,,,,,,,,,m,1,0.7084710999624804,None,m,1,0.5852739999536425,None,,,,,,,,,,,,,,,,,,,,,,,,001499,001,2025-11-24_18h20.05.958,soloProject,,2025.1.1,59.96239158085313,2025-11-24 18h20.07.634660 +0530,
Faces/CFD-IF-605-066-N.jpg,n,hammer,m,I,C,39,39,0,n,1,0.7856573999160901,None,m,1,0.553600599989295,None,,,,,0,39,39,43,,,,,,,,,112.73788350005634,,,,,,,,,112.73313519998919,112.73788350005634,113.18146950006485,113.18146950006485,113.24805220006965,113.98207360005472,,,,,113.9835149999708,114.497946199961,114.497946199961,115.06464780005626,,,,,,,,,n,1,0.7856573999160901,None,m,1,0.553600599989295,None,,,,,,,,,,,,,,,,,,,,,,,,001499,001,2025-11-24_18h20.05.958,soloProject,,2025.1.1,59.96239158085313,2025-11-24 18h20.07.634660 +0530,
Faces/CFD-IF-601-519-N.jpg,n,briefcase,m,I,C,40,40,0,n,1,0.601119099999778,None,m,1,0.5389674999751151,None,,,,,0,40,40,33,,,,,,,,,115.12432429997716,,,,,,,,,115.11859410000034,115.12432429997716,115.56476420001127,115.56476420001127,115.63135419995524,116.18156539998017,,,,,116.18290410004556,116.68067190004513,116.68067190004513,117.23101210000459,,,,,,,,,n,1,0.601119099999778,None,m,1,0.5389674999751151,None,,,,,,,,,,,,,,,,,,,,,,,,001499,001,2025-11-24_18h20.05.958,soloProject,,2025.1.1,59.96239158085313,2025-11-24 18h20.07.634660 +0530,
Faces/CFD-IM-736-361-N.jpg,m,perfume,n,I,C,41,41,0,m,1,0.4868470999645069,None,n,1,0.5660945000126958,None,,,,,0,41,41,102,,,,,,,,,117.28511980001349,,,,,,,,,117.28038030001335,117.28511980001349,117.73126829997636,117.73126829997636,117.79825540003367,118.23184729996137,,,,,118.23364250001032,118.73118120001163,118.73118120001163,119.29799170000479,,,,,,,,,m,1,0.4868470999645069,None,n,1,0.5660945000126958,None,,,,,,,,,,,,,,,,,,,,,,,,001499,001,2025-11-24_18h20.05.958,soloProject,,2025.1.1,59.96239158085313,2025-11-24 18h20.07.634660 +0530,
Faces/CFD-IM-731-223-N.jpg,m,bowtie,m,C,C,42,42,0,m,1,0.7093157001072541,None,m,1,0.5875590000068769,None,,,,,0,42,42,68,,,,,,,,,119.35636960004922,,,,,,,,,119.35119049996138,119.35636960004922,119.79798110004049,119.79798110004049,119.86475219996646,120.51474929996766,,,,,120.51618240005337,121.01401629997417,121.01401629997417,121.61442019999959,,,,,,,,,m,1,0.7093157001072541,None,m,1,0.5875590000068769,None,,,,,,,,,,,,,,,,,,,,,,,,001499,001,2025-11-24_18h20.05.958,soloProject,,2025.1.1,59.96239158085313,2025-11-24 18h20.07.634660 +0530,
Faces/CFD-IM-739-012-N.jpg,m,dress,n,I,C,43,43,0,m,1,0.5816034000599757,None,n,1,0.5268987000454217,None,,,,,0,43,43,117,,,,,,,,,121.67045760003384,,,,,,,,,121.66492789995391,121.67045760003384,122.11471270001493,122.11471270001493,122.18118720001075,122.6983603000408,,,,,122.69993060000706,123.19752609997522,123.19752609997522,123.73123759997543,,,,,,,,,m,1,0.5816034000599757,None,n,1,0.5268987000454217,None,,,,,,,,,,,,,,,,,,,,,,,,001499,001,2025-11-24_18h20.05.958,soloProject,,2025.1.1,59.96239158085313,2025-11-24 18h20.07.634660 +0530,
Faces/CFD-IF-605-066-N.jpg,n,lipstick,n,C,C,44,44,0,n,1,0.6580223999917507,None,n,1,0.5607005000347272,None,,,,,0,44,44,16,,,,,,,,,123.78684670000803,,,,,,,,,123.7822003000183,123.78684670000803,124.2315452999901,124.2315452999901,124.2977406999562,124.89805960003287,,,,,124.89979329996277,125.39736359997187,125.39736359997187,125.96421590005048,,,,,,,,,n,1,0.6580223999917507,None,n,1,0.5607005000347272,None,,,,,,,,,,,,,,,,,,,,,,,,001499,001,2025-11-24_18h20.05.958,soloProject,,2025.1.1,59.96239158085313,2025-11-24 18h20.07.634660 +0530,
Faces/CFD-IM-739-012-N.jpg,m,briefcase,m,C,C,45,45,0,m,1,0.4262586999684572,None,m,1,0.41518220002762973,None,,,,,0,45,45,87,,,,,,,,,126.01766899996437,,,,,,,,,126.01290029997472,126.01766899996437,126.46459920005873,126.46459920005873,126.53132429998368,126.8989480000455,,,,,126.90043380006682,127.41384529997595,127.41384529997595,127.83187029999681,,,,,,,,,m,1,0.4262586999684572,None,m,1,0.41518220002762973,None,,,,,,,,,,,,,,,,,,,,,,,,001499,001,2025-11-24_18h20.05.958,soloProject,,2025.1.1,59.96239158085313,2025-11-24 18h20.07.634660 +0530,
Faces/CFD-IM-736-361-N.jpg,m,beer,m,C,C,46,46,0,m,1,0.49424699996598065,None,m,1,0.4935391000472009,None,,,,,0,46,46,72,,,,,,,,,127.88744219997898,,,,,,,,,127.88285559997894,127.88744219997898,128.34813639998902,128.34813639998902,128.39769220002927,128.84833159996197,,,,,128.84959650004748,129.34746630000882,129.34746630000882,129.8477845999878,,,,,,,,,m,1,0.49424699996598065,None,m,1,0.4935391000472009,None,,,,,,,,,,,,,,,,,,,,,,,,001499,001,2025-11-24_18h20.05.958,soloProject,,2025.1.1,59.96239158085313,2025-11-24 18h20.07.634660 +0530,
Faces/CFD-IM-731-223-N.jpg,m,dress,n,I,C,47,47,0,m,1,0.3909408999606967,None,m,0,0.4423825000412762,None,,,,,0,47,47,99,,,,,,,,,129.91554329998326,,,,,,,,,129.9104018000653,129.91554329998326,130.34807730000466,130.34807730000466,130.41512859996874,130.74891239998396,,,,,130.75078080000822,131.26462000003085,131.26462000003085,131.7143298999872,,,,,,,,,m,1,0.3909408999606967,None,m,0,0.4423825000412762,None,,,,,,,,,,,,,,,,,,,,,,,,001499,001,2025-11-24_18h20.05.958,soloProject,,2025.1.1,59.96239158085313,2025-11-24 18h20.07.634660 +0530,
Faces/CFD-IF-605-066-N.jpg,n,briefcase,m,I,C,48,48,0,n,1,1.1211128999711946,None,m,1,0.5403895999770612,None,,,,,0,48,48,45,,,,,,,,,131.77556280000135,,,,,,,,,131.77066080004442,131.77556280000135,132.2147046000464,132.2147046000464,132.2814699000446,133.3483147000661,,,,,133.34971270000096,133.86400659999344,133.86400659999344,134.41422709997278,,,,,,,,,n,1,1.1211128999711946,None,m,1,0.5403895999770612,None,,,,,,,,,,,,,,,,,,,,,,,,001499,001,2025-11-24_18h20.05.958,soloProject,,2025.1.1,59.96239158085313,2025-11-24 18h20.07.634660 +0530,
Faces/CFD-IF-601-519-N.jpg,n,perfume,n,C,C,49,49,0,n,1,0.9519483000040054,None,n,1,0.4639310999773443,None,,,,,0,49,49,0,,,,,,,,,134.47540840005968,,,,,,,,,134.46983319998253,134.47540840005968,134.91455860005226,134.91455860005226,134.98131080006715,135.88170739996713,,,,,135.88330470002256,136.3807657000143,136.3807657000143,136.8475908000255,,,,,,,,,n,1,0.9519483000040054,None,n,1,0.4639310999773443,None,,,,,,,,,,,,,,,,,,,,,,,,001499,001,2025-11-24_18h20.05.958,soloProject,,2025.1.1,59.96239158085313,2025-11-24 18h20.07.634660 +0530,
Faces/CFD-IF-602-134-N.jpg,n,football,m,I,C,50,50,0,n,1,0.34977339999750257,None,m,1,0.46732020005583763,None,,,,,0,50,50,41,,,,,,,,,136.90793760004453,,,,,,,,,136.90245559997857,136.90793760004453,137.34794869995676,137.34794869995676,137.414614600013,137.698399099987,,,,,137.69994229997974,138.19755389995407,138.19755389995407,138.68091140000615,,,,,,,,,n,1,0.34977339999750257,None,m,1,0.46732020005583763,None,,,,,,,,,,,,,,,,,,,,,,,,001499,001,2025-11-24_18h20.05.958,soloProject,,2025.1.1,59.96239158085313,2025-11-24 18h20.07.634660 +0530,
Faces/CFD-IM-731-223-N.jpg,m,doll,n,I,C,51,51,0,m,1,0.4522937999572605,None,n,1,0.5585727000143379,None,,,,,0,51,51,97,,,,,,,,,138.74202490004245,,,,,,,,,138.73614789999556,138.74202490004245,139.18128320004325,139.18128320004325,139.24785679997876,139.6483943000203,,,,,139.6499697000254,140.16397069999948,140.16397069999948,140.73082409997005,,,,,,,,,m,1,0.4522937999572605,None,n,1,0.5585727000143379,None,,,,,,,,,,,,,,,,,,,,,,,,001499,001,2025-11-24_18h20.05.958,soloProject,,2025.1.1,59.96239158085313,2025-11-24 18h20.07.634660 +0530,
Faces/CFD-IF-608-390-N.jpg,n,doll,n,C,C,52,52,0,n,1,0.555585200083442,None,n,1,1.743723800056614,None,,,,,0,52,52,19,,,,,,,,,140.7935465000337,,,,,,,,,140.7882360999938,140.7935465000337,141.2310989999678,141.2310989999678,141.29800870001782,141.79804460005835,,,,,141.79809679999016,142.29705100005958,142.29705100005958,144.04756960005034,,,,,,,,,n,1,0.555585200083442,None,n,1,1.743723800056614,None,,,,,,,,,,,,,,,,,,,,,,,,001499,001,2025-11-24_18h20.05.958,soloProject,,2025.1.1,59.96239158085313,2025-11-24 18h20.07.634660 +0530,
Faces/CFD-IF-602-134-N.jpg,n,cigar,m,I,C,53,53,0,n,1,0.5457304000156,None,m,1,0.5409900000086054,None,,,,,0,53,53,40,,,,,,,,,144.10481639998034,,,,,,,,,144.09938180004247,144.10481639998034,144.54820520000067,144.54820520000067,144.6143414999824,145.0981455000583,,,,,145.09974139998667,145.5969710999634,145.5969710999634,146.14747860003263,,,,,,,,,n,1,0.5457304000156,None,m,1,0.5409900000086054,None,,,,,,,,,,,,,,,,,,,,,,,,001499,001,2025-11-24_18h20.05.958,soloProject,,2025.1.1,59.96239158085313,2025-11-24 18h20.07.634660 +0530,
Faces/CFD-IM-728-041-N.jpg,m,beer,m,C,C,54,54,0,m,1,0.634903599973768,None,n,0,0.4583058999851346,None,,,,,0,54,54,60,,,,,,,,,146.20208940003067,,,,,,,,,146.19705309998244,146.20208940003067,146.64765110006556,146.64765110006556,146.7142130000284,147.29771079996135,,,,,147.29899210005533,147.79687640001066,147.79687640001066,148.2641359999543,,,,,,,,,m,1,0.634903599973768,None,n,0,0.4583058999851346,None,,,,,,,,,,,,,,,,,,,,,,,,001499,001,2025-11-24_18h20.05.958,soloProject,,2025.1.1,59.96239158085313,2025-11-24 18h20.07.634660 +0530,
Faces/CFD-IF-601-519-N.jpg,n,lipstick,n,C,C,55,55,0,n,1,0.5503612000029534,None,n,1,0.4910945000592619,None,,,,,0,55,55,4,,,,,,,,,148.31868579995353,,,,,,,,,148.3130766999675,148.31868579995353,148.76406029995997,148.76406029995997,148.83073260006495,149.33171000005677,,,,,149.3333341999678,149.84696059999987,149.84696059999987,150.34780420002062,,,,,,,,,n,1,0.5503612000029534,None,n,1,0.4910945000592619,None,,,,,,,,,,,,,,,,,,,,,,,,001499,001,2025-11-24_18h20.05.958,soloProject,,2025.1.1,59.96239158085313,2025-11-24 18h20.07.634660 +0530,
Faces/CFD-IM-731-223-N.jpg,m,football,m,C,C,56,56,0,m,1,0.5802284999517724,None,m,1,0.43856280006002635,None,,,,,0,56,56,71,,,,,,,,,150.4022086999612,,,,,,,,,150.39753630000632,150.4022086999612,150.84738359996118,150.84738359996118,150.91395449999254,151.43139290006366,,,,,151.43308580003213,151.94682219997048,151.94682219997048,152.39728270005435,,,,,,,,,m,1,0.5802284999517724,None,m,1,0.43856280006002635,None,,,,,,,,,,,,,,,,,,,,,,,,001499,001,2025-11-24_18h20.05.958,soloProject,,2025.1.1,59.96239158085313,2025-11-24 18h20.07.634660 +0530,
Faces/CFD-IF-609-408-N.jpg,n,beer,m,I,C,57,57,0,m,0,0.4405862999847159,None,m,1,0.6205972000025213,None,,,,,0,57,57,54,,,,,,,,,152.4516848999774,,,,,,,,,152.44657450006343,152.4516848999774,152.89755750005133,152.89755750005133,152.96452699997462,153.34763720002957,,,,,153.34877589996904,153.84698260005098,153.84698260005098,154.48058670002501,,,,,,,,,m,0,0.4405862999847159,None,m,1,0.6205972000025213,None,,,,,,,,,,,,,,,,,,,,,,,,001499,001,2025-11-24_18h20.05.958,soloProject,,2025.1.1,59.96239158085313,2025-11-24 18h20.07.634660 +0530,
Faces/CFD-IM-728-041-N.jpg,m,perfume,n,I,C,58,58,0,m,1,0.7927720999578014,None,n,1,0.646755599998869,None,,,,,0,58,58,90,,,,,,,,,154.53389449999668,,,,,,,,,154.52865770005155,154.53389449999668,154.98093259998132,154.98093259998132,155.04757599998266,155.78114169999026,,,,,155.78302750003058,156.29684439999983,156.29684439999983,156.9471429999685,,,,,,,,,m,1,0.7927720999578014,None,n,1,0.646755599998869,None,,,,,,,,,,,,,,,,,,,,,,,,001499,001,2025-11-24_18h20.05.958,soloProject,,2025.1.1,59.96239158085313,2025-11-24 18h20.07.634660 +0530,
Faces/CFD-IF-608-390-N.jpg,n,football,m,I,C,59,59,0,n,1,0.7967955999774858,None,m,1,0.4686235999688506,None,,,,,0,59,59,53,,,,,,,,,157.00796169997193,,,,,,,,,157.00299920001999,157.00796169997193,157.44744630006608,157.44744630006608,157.51422959996853,158.24792200000957,,,,,158.24975690001156,158.76413170003798,158.76413170003798,159.24728779995348,,,,,,,,,n,1,0.7967955999774858,None,m,1,0.4686235999688506,None,,,,,,,,,,,,,,,,,,,,,,,,001499,001,2025-11-24_18h20.05.958,soloProject,,2025.1.1,59.96239158085313,2025-11-24 18h20.07.634660 +0530,
Faces/CFD-IF-602-134-N.jpg,n,flower,n,C,C,60,60,0,n,1,0.7564315999625251,None,n,1,0.5274445000104606,None,,,,,0,60,60,8,,,,,,,,,159.30178219999652,,,,,,,,,159.2961859999923,159.30178219999652,159.74721060006414,159.74721060006414,159.81469000002835,160.5148980000522,,,,,160.51677380001638,161.02997050003614,161.02997050003614,161.56403230002616,,,,,,,,,n,1,0.7564315999625251,None,n,1,0.5274445000104606,None,,,,,,,,,,,,,,,,,,,,,,,,001499,001,2025-11-24_18h20.05.958,soloProject,,2025.1.1,59.96239158085313,2025-11-24 18h20.07.634660 +0530,
Faces/CFD-IF-605-066-N.jpg,n,flower,n,C,C,61,61,0,n,1,0.40126820001751184,None,n,1,0.3589654000243172,None,,,,,0,61,61,14,,,,,,,,,161.61950430006254,,,,,,,,,161.61411139997654,161.61950430006254,162.0638850000687,162.0638850000687,162.13049630005844,162.4808475000318,,,,,162.48090309998952,162.97997870005202,162.97997870005202,163.3473973000655,,,,,,,,,n,1,0.40126820001751184,None,n,1,0.3589654000243172,None,,,,,,,,,,,,,,,,,,,,,,,,001499,001,2025-11-24_18h20.05.958,soloProject,,2025.1.1,59.96239158085313,2025-11-24 18h20.07.634660 +0530,
Faces/CFD-IF-605-066-N.jpg,n,dress,n,C,C,62,62,0,n,1,0.32698839996010065,None,n,1,0.38005010003689677,None,,,,,0,62,62,15,,,,,,,,,163.39682140003424,,,,,,,,,163.39153410005383,163.39682140003424,163.84757179999724,163.84757179999724,163.89735560002737,164.18122839997523,,,,,164.1828217000002,164.69717329996638,164.69717329996638,165.08095630002208,,,,,,,,,n,1,0.32698839996010065,None,n,1,0.38005010003689677,None,,,,,,,,,,,,,,,,,,,,,,,,001499,001,2025-11-24_18h20.05.958,soloProject,,2025.1.1,59.96239158085313,2025-11-24 18h20.07.634660 +0530,
Faces/CFD-IM-739-012-N.jpg,m,football,m,C,C,63,63,0,m,1,0.4727125000208616,None,m,1,0.5444891999941319,None,,,,,0,63,63,89,,,,,,,,,165.13569530006498,,,,,,,,,165.12997630005702,165.13569530006498,165.59786229999736,165.59786229999736,165.64717350003775,166.08086860005278,,,,,166.082486600033,166.57986990001518,166.57986990001518,167.13039119995665,,,,,,,,,m,1,0.4727125000208616,None,m,1,0.5444891999941319,None,,,,,,,,,,,,,,,,,,,,,,,,001499,001,2025-11-24_18h20.05.958,soloProject,,2025.1.1,59.96239158085313,2025-11-24 18h20.07.634660 +0530,
Faces/CFD-IF-608-390-N.jpg,n,perfume,n,C,C,64,64,0,n,1,0.4166994000552222,None,n,1,0.3971127000404522,None,,,,,0,64,64,18,,,,,,,,,167.18562620005105,,,,,,,,,167.1807246999815,167.18562620005105,167.63103859999683,167.63103859999683,167.69752960000187,168.06444440002088,,,,,168.06611819996033,168.5635542999953,168.5635542999953,168.96420459996443,,,,,,,,,n,1,0.4166994000552222,None,n,1,0.3971127000404522,None,,,,,,,,,,,,,,,,,,,,,,,,001499,001,2025-11-24_18h20.05.958,soloProject,,2025.1.1,59.96239158085313,2025-11-24 18h20.07.634660 +0530,
Faces/CFD-IF-609-408-N.jpg,n,briefcase,m,I,C,65,65,0,n,1,0.3838703000219539,None,m,1,0.6373174999607727,None,,,,,0,65,65,57,,,,,,,,,169.02826639998239,,,,,,,,,169.02286949998233,169.02826639998239,169.46405690000392,169.46405690000392,169.53077529999427,169.86512770003174,,,,,169.866596100037,170.38003500003833,170.38003500003833,171.03099030000158,,,,,,,,,n,1,0.3838703000219539,None,m,1,0.6373174999607727,None,,,,,,,,,,,,,,,,,,,,,,,,001499,001,2025-11-24_18h20.05.958,soloProject,,2025.1.1,59.96239158085313,2025-11-24 18h20.07.634660 +0530,
Faces/CFD-IF-609-408-N.jpg,n,doll,n,C,C,66,66,0,n,1,0.3736744999187067,None,n,1,0.5554442999418825,None,,,,,0,66,66,25,,,,,,,,,171.09242160001304,,,,,,,,,171.0875260999892,171.09242160001304,171.53150579996873,171.53150579996873,171.59742190001998,171.9142801000271,,,,,171.9165551000042,172.41391020000447,172.41391020000447,172.98058630002197,,,,,,,,,n,1,0.3736744999187067,None,n,1,0.5554442999418825,None,,,,,,,,,,,,,,,,,,,,,,,,001499,001,2025-11-24_18h20.05.958,soloProject,,2025.1.1,59.96239158085313,2025-11-24 18h20.07.634660 +0530,
Faces/CFD-IM-738-191-N.jpg,m,perfume,n,I,C,67,67,0,m,1,0.6285399999469519,None,n,1,0.950952299986966,None,,,,,0,67,67,108,,,,,,,,,173.03839410003275,,,,,,,,,173.03330190002453,173.03839410003275,173.48085960000753,173.48085960000753,173.54739600000903,174.11437790002674,,,,,174.11688099999446,174.63059309998062,174.63059309998062,175.5970670999959,,,,,,,,,m,1,0.6285399999469519,None,n,1,0.950952299986966,None,,,,,,,,,,,,,,,,,,,,,,,,001499,001,2025-11-24_18h20.05.958,soloProject,,2025.1.1,59.96239158085313,2025-11-24 18h20.07.634660 +0530,
Faces/CFD-IM-728-041-N.jpg,m,doll,n,I,C,68,68,0,m,1,0.6288813999854028,None,n,1,0.45882590010296553,None,,,,,0,68,68,91,,,,,,,,,175.65958900004625,,,,,,,,,175.65115869999863,175.65958900004625,176.09802789997775,176.09802789997775,176.16409370000474,176.73157179995906,,,,,176.7332066000672,177.24675569997635,177.24675569997635,177.71386430005077,,,,,,,,,m,1,0.6288813999854028,None,n,1,0.45882590010296553,None,,,,,,,,,,,,,,,,,,,,,,,,001499,001,2025-11-24_18h20.05.958,soloProject,,2025.1.1,59.96239158085313,2025-11-24 18h20.07.634660 +0530,
Faces/CFD-IF-608-390-N.jpg,n,lipstick,n,C,C,69,69,0,n,1,0.5045403999974951,None,n,1,0.4302270000334829,None,,,,,0,69,69,22,,,,,,,,,177.7743507999694,,,,,,,,,177.76944940001704,177.7743507999694,178.2139708000468,178.2139708000468,178.28038979996927,178.73169889999554,,,,,178.73370159999467,179.2469931000378,179.2469931000378,179.68057369999588,,,,,,,,,n,1,0.5045403999974951,None,n,1,0.4302270000334829,None,,,,,,,,,,,,,,,,,,,,,,,,001499,001,2025-11-24_18h20.05.958,soloProject,,2025.1.1,59.96239158085313,2025-11-24 18h20.07.634660 +0530,
Faces/CFD-IF-608-390-N.jpg,n,cigar,m,I,C,70,70,0,n,1,0.6104401000775397,None,m,1,0.6028428999707103,None,,,,,0,70,70,52,,,,,,,,,179.74256330006756,,,,,,,,,179.7371594000142,179.74256330006756,180.1807928000344,180.1807928000344,180.2470857000444,180.79806820000522,,,,,180.79978020000271,181.31334980006795,181.31334980006795,181.9306435000617,,,,,,,,,n,1,0.6104401000775397,None,m,1,0.6028428999707103,None,,,,,,,,,,,,,,,,,,,,,,,,001499,001,2025-11-24_18h20.05.958,soloProject,,2025.1.1,59.96239158085313,2025-11-24 18h20.07.634660 +0530,
Faces/CFD-IM-731-223-N.jpg,m,flower,n,I,C,71,71,0,m,1,0.42381659999955446,None,n,1,0.5480759999481961,None,,,,,0,71,71,98,,,,,,,,,181.98616520001087,,,,,,,,,181.98121670004912,181.98616520001087,182.43061729997862,182.43061729997862,182.49719949997962,182.86454350000713,,,,,182.86611339997035,183.3800564999692,183.3800564999692,183.93023379996885,,,,,,,,,m,1,0.42381659999955446,None,n,1,0.5480759999481961,None,,,,,,,,,,,,,,,,,,,,,,,,001499,001,2025-11-24_18h20.05.958,soloProject,,2025.1.1,59.96239158085313,2025-11-24 18h20.07.634660 +0530,
Faces/CFD-IM-736-361-N.jpg,m,cigar,m,C,C,72,72,0,m,1,0.652461800025776,None,m,1,0.5108784000622109,None,,,,,0,72,72,76,,,,,,,,,183.9941105999751,,,,,,,,,183.98810319998302,183.9941105999751,184.43088160001207,184.43088160001207,184.49740049999673,185.09750889998395,,,,,185.10044279997237,185.5967091000639,185.5967091000639,186.11345810000785,,,,,,,,,m,1,0.652461800025776,None,m,1,0.5108784000622109,None,,,,,,,,,,,,,,,,,,,,,,,,001499,001,2025-11-24_18h20.05.958,soloProject,,2025.1.1,59.96239158085313,2025-11-24 18h20.07.634660 +0530,
Faces/CFD-IM-731-223-N.jpg,m,jewelry,n,I,C,73,73,0,m,1,0.4166478000115603,None,n,1,0.5733093000017107,None,,,,,0,73,73,101,,,,,,,,,186.17105700005777,,,,,,,,,186.16608400002588,186.17105700005777,186.613786800066,186.613786800066,186.6803082000697,187.03170579997823,,,,,187.03341100004036,187.5464515000349,187.5464515000349,188.13068429997656,,,,,,,,,m,1,0.4166478000115603,None,n,1,0.5733093000017107,None,,,,,,,,,,,,,,,,,,,,,,,,001499,001,2025-11-24_18h20.05.958,soloProject,,2025.1.1,59.96239158085313,2025-11-24 18h20.07.634660 +0530,
Faces/CFD-IF-609-408-N.jpg,n,dress,n,C,C,74,74,0,n,1,0.47774120001122355,None,n,1,0.5685804000822827,None,,,,,0,74,74,27,,,,,,,,,188.19004929997027,,,,,,,,,188.1846939000534,188.19004929997027,188.6307836000342,188.6307836000342,188.6973702000687,189.11415400006808,,,,,189.11573780002072,189.61412549996749,189.61412549996749,190.19700619997457,,,,,,,,,n,1,0.47774120001122355,None,n,1,0.5685804000822827,None,,,,,,,,,,,,,,,,,,,,,,,,001499,001,2025-11-24_18h20.05.958,soloProject,,2025.1.1,59.96239158085313,2025-11-24 18h20.07.634660 +0530,
Faces/CFD-IF-609-408-N.jpg,n,cigar,m,I,C,75,75,0,n,1,0.45428169996012,None,n,0,0.48024409997742623,None,,,,,0,75,75,58,,,,,,,,,190.25588740000967,,,,,,,,,190.24977110000327,190.25588740000967,190.69723110005725,190.69723110005725,190.76429770002142,191.16407469997648,,,,,191.16566830000374,191.67982990003657,191.67982990003657,192.1634453999577,,,,,,,,,n,1,0.45428169996012,None,n,0,0.48024409997742623,None,,,,,,,,,,,,,,,,,,,,,,,,001499,001,2025-11-24_18h20.05.958,soloProject,,2025.1.1,59.96239158085313,2025-11-24 18h20.07.634660 +0530,
Faces/CFD-IM-738-191-N.jpg,m,football,m,C,C,76,76,0,m,1,1.0055401999270543,None,m,1,0.375486999982968,None,,,,,0,76,76,83,,,,,,,,,192.22409979999065,,,,,,,,,192.21622840000782,192.22409979999065,192.6636685000267,192.6636685000267,192.7306020000251,193.6808254000498,,,,,193.68267000000924,194.196399700013,194.196399700013,194.58019800006878,,,,,,,,,m,1,1.0055401999270543,None,m,1,0.375486999982968,None,,,,,,,,,,,,,,,,,,,,,,,,001499,001,2025-11-24_18h20.05.958,soloProject,,2025.1.1,59.96239158085313,2025-11-24 18h20.07.634660 +0530,
Faces/CFD-IM-738-191-N.jpg,m,hammer,m,C,C,77,77,0,m,1,0.42847789998631924,None,m,1,0.4597634000238031,None,,,,,0,77,77,79,,,,,,,,,194.63727690000087,,,,,,,,,194.6326146000065,194.63727690000087,195.08066279999912,195.08066279999912,195.1470868999604,195.5139366000658,,,,,195.5154576000059,196.01293800002895,196.01293800002895,196.48018740001135,,,,,,,,,m,1,0.42847789998631924,None,m,1,0.4597634000238031,None,,,,,,,,,,,,,,,,,,,,,,,,001499,001,2025-11-24_18h20.05.958,soloProject,,2025.1.1,59.96239158085313,2025-11-24 18h20.07.634660 +0530,
Faces/CFD-IF-608-390-N.jpg,n,bowtie,m,I,C,78,78,0,n,1,0.5770722999004647,None,m,1,0.6024488999973983,None,,,,,0,78,78,50,,,,,,,,,196.5382179999724,,,,,,,,,196.53317010006867,196.5382179999724,196.98052189999726,196.98052189999726,197.04708669998217,197.5646041999571,,,,,197.56634540006053,198.0796814999776,198.0796814999776,198.6968363999622,,,,,,,,,n,1,0.5770722999004647,None,m,1,0.6024488999973983,None,,,,,,,,,,,,,,,,,,,,,,,,001499,001,2025-11-24_18h20.05.958,soloProject,,2025.1.1,59.96239158085313,2025-11-24 18h20.07.634660 +0530,
Faces/CFD-IF-602-134-N.jpg,n,bowtie,m,I,C,79,79,0,n,1,0.6561382999643683,None,m,1,0.4767984999343753,None,,,,,0,79,79,38,,,,,,,,,198.75877740001306,,,,,,,,,198.7538222000003,198.75877740001306,199.19674549996853,199.19674549996853,199.26375459996052,199.86436520004645,,,,,199.86443630000576,200.38015790004283,200.38015790004283,200.86321960005444,,,,,,,,,n,1,0.6561382999643683,None,m,1,0.4767984999343753,None,,,,,,,,,,,,,,,,,,,,,,,,001499,001,2025-11-24_18h20.05.958,soloProject,,2025.1.1,59.96239158085313,2025-11-24 18h20.07.634660 +0530,
Faces/CFD-IM-736-361-N.jpg,m,football,m,C,C,80,80,0,m,1,0.5928277999628335,None,m,1,0.476101899985224,None,,,,,0,80,80,77,,,,,,,,,200.92103860003408,,,,,,,,,200.91614430001937,200.92103860003408,201.36339860002045,201.36339860002045,201.43015210004523,201.9645722999703,,,,,201.96632350003347,202.47962940006983,202.47962940006983,202.96347750001587,,,,,,,,,m,1,0.5928277999628335,None,m,1,0.476101899985224,None,,,,,,,,,,,,,,,,,,,,,,,,001499,001,2025-11-24_18h20.05.958,soloProject,,2025.1.1,59.96239158085313,2025-11-24 18h20.07.634660 +0530,
Faces/CFD-IF-601-519-N.jpg,n,football,m,I,C,81,81,0,n,1,0.5059932000003755,None,m,1,0.4077629999956116,None,,,,,0,81,81,35,,,,,,,,,203.0197958999779,,,,,,,,,203.01445280003827,203.0197958999779,203.4634469000157,203.4634469000157,203.5299777999753,203.98057480005082,,,,,203.9806283999933,204.47956550004892,204.47956550004892,204.89653579995502,,,,,,,,,n,1,0.5059932000003755,None,m,1,0.4077629999956116,None,,,,,,,,,,,,,,,,,,,,,,,,001499,001,2025-11-24_18h20.05.958,soloProject,,2025.1.1,59.96239158085313,2025-11-24 18h20.07.634660 +0530,
Faces/CFD-IF-605-066-N.jpg,n,jewelry,n,C,C,82,82,0,n,1,0.9532972000306472,None,n,1,0.47956440004054457,None,,,,,0,82,82,17,,,,,,,,,204.9590889000101,,,,,,,,,204.953858199995,204.9590889000101,205.39719729998615,205.39719729998615,205.463482900057,206.3642946999753,,,,,206.36642259999644,206.8796624999959,206.8796624999959,207.3636119000148,,,,,,,,,n,1,0.9532972000306472,None,n,1,0.47956440004054457,None,,,,,,,,,,,,,,,,,,,,,,,,001499,001,2025-11-24_18h20.05.958,soloProject,,2025.1.1,59.96239158085313,2025-11-24 18h20.07.634660 +0530,
Faces/CFD-IM-739-012-N.jpg,m,lipstick,n,I,C,83,83,0,m,1,0.5041685000760481,None,n,1,0.581545399967581,None,,,,,0,83,83,118,,,,,,,,,207.417640700005,,,,,,,,,207.4101939999964,207.417640700005,207.86375380004756,207.86375380004756,207.93003669998143,208.38097359996755,,,,,208.382783500012,208.8966559000546,208.8966559000546,209.48001769999973,,,,,,,,,m,1,0.5041685000760481,None,n,1,0.581545399967581,None,,,,,,,,,,,,,,,,,,,,,,,,001499,001,2025-11-24_18h20.05.958,soloProject,,2025.1.1,59.96239158085313,2025-11-24 18h20.07.634660 +0530,
Faces/CFD-IF-602-134-N.jpg,n,briefcase,m,I,C,84,84,0,n,1,1.3037590000312775,None,m,1,0.5117349000647664,None,,,,,0,84,84,39,,,,,,,,,209.5415971999755,,,,,,,,,209.53683920006733,209.5415971999755,209.98007399996277,209.98007399996277,210.04758400004357,211.2972397999838,,,,,211.29867489996832,211.79614079999737,211.79614079999737,212.31319270003587,,,,,,,,,n,1,1.3037590000312775,None,m,1,0.5117349000647664,None,,,,,,,,,,,,,,,,,,,,,,,,001499,001,2025-11-24_18h20.05.958,soloProject,,2025.1.1,59.96239158085313,2025-11-24 18h20.07.634660 +0530,
Faces/CFD-IF-601-519-N.jpg,n,flower,n,C,C,85,85,0,n,1,0.6795192999998108,None,n,1,0.5216678000288084,None,,,,,0,85,85,2,,,,,,,,,212.37171380000655,,,,,,,,,212.36668229999486,212.37171380000655,212.81419449998066,212.81419449998066,212.88000600005034,213.49720650003292,,,,,213.4988193999743,213.99597509996966,213.99597509996966,214.5302054999629,,,,,,,,,n,1,0.6795192999998108,None,n,1,0.5216678000288084,None,,,,,,,,,,,,,,,,,,,,,,,,001499,001,2025-11-24_18h20.05.958,soloProject,,2025.1.1,59.96239158085313,2025-11-24 18h20.07.634660 +0530,
Faces/CFD-IF-609-408-N.jpg,n,flower,n,C,C,86,86,0,n,1,0.4208195999963209,None,n,1,0.49252690002322197,None,,,,,0,86,86,26,,,,,,,,,214.58854250004515,,,,,,,,,214.58319470006973,214.58854250004515,215.03023030003533,215.03023030003533,215.09648399997968,215.46370550000574,,,,,215.46378600003663,215.9631205999758,215.9631205999758,216.46355029998813,,,,,,,,,n,1,0.4208195999963209,None,n,1,0.49252690002322197,None,,,,,,,,,,,,,,,,,,,,,,,,001499,001,2025-11-24_18h20.05.958,soloProject,,2025.1.1,59.96239158085313,2025-11-24 18h20.07.634660 +0530,
Faces/CFD-IF-605-066-N.jpg,n,cigar,m,I,C,87,87,0,n,1,0.3494014999596402,None,m,1,0.5232120000291616,None,,,,,0,87,87,46,,,,,,,,,216.52332230005413,,,,,,,,,216.5183771000011,216.52332230005413,216.96346770005766,216.96346770005766,217.030077500036,217.3140543999616,,,,,217.31561000004876,217.82927890005521,217.82927890005521,218.36323610006366,,,,,,,,,n,1,0.3494014999596402,None,m,1,0.5232120000291616,None,,,,,,,,,,,,,,,,,,,,,,,,001499,001,2025-11-24_18h20.05.958,soloProject,,2025.1.1,59.96239158085313,2025-11-24 18h20.07.634660 +0530,
Faces/CFD-IM-728-041-N.jpg,m,dress,n,I,C,88,88,0,m,1,0.6946532999863848,None,n,1,0.4926310000009835,None,,,,,0,88,88,93,,,,,,,,,218.42686760006472,,,,,,,,,218.42139050003607,218.42686760006472,218.86326720006764,218.86326720006764,218.929972599959,219.56436740001664,,,,,219.5660958000226,220.0793919999851,220.0793919999851,220.57964300003368,,,,,,,,,m,1,0.6946532999863848,None,n,1,0.4926310000009835,None,,,,,,,,,,,,,,,,,,,,,,,,001499,001,2025-11-24_18h20.05.958,soloProject,,2025.1.1,59.96239158085313,2025-11-24 18h20.07.634660 +0530,
Faces/CFD-IF-605-066-N.jpg,n,doll,n,C,C,89,89,0,n,1,0.42596419993788004,None,n,1,0.5725666999351233,None,,,,,0,89,89,13,,,,,,,,,220.6406355999643,,,,,,,,,220.63501670002006,220.6406355999643,221.07983679999597,221.07983679999597,221.14659570006188,221.51364949997514,,,,,221.51502869999968,222.01256050006486,222.01256050006486,222.5966263000155,,,,,,,,,n,1,0.42596419993788004,None,n,1,0.5725666999351233,None,,,,,,,,,,,,,,,,,,,,,,,,001499,001,2025-11-24_18h20.05.958,soloProject,,2025.1.1,59.96239158085313,2025-11-24 18h20.07.634660 +0530,
Faces/CFD-IF-609-408-N.jpg,n,jewelry,n,C,C,90,90,0,n,1,0.6752827999880537,None,n,1,0.7714987000217661,None,,,,,0,90,90,29,,,,,,,,,222.6633474000264,,,,,,,,,222.65501920005772,222.6633474000264,223.0969255999662,223.0969255999662,223.1644964000443,223.78029879997484,,,,,223.78201209998224,224.29599240003154,224.29599240003154,225.07984210003633,,,,,,,,,n,1,0.6752827999880537,None,n,1,0.7714987000217661,None,,,,,,,,,,,,,,,,,,,,,,,,001499,001,2025-11-24_18h20.05.958,soloProject,,2025.1.1,59.96239158085313,2025-11-24 18h20.07.634660 +0530,
Faces/CFD-IM-731-223-N.jpg,m,lipstick,n,I,C,91,91,0,m,1,0.43704150000121444,None,n,1,0.5899129000026733,None,,,,,0,91,91,100,,,,,,,,,225.14908959995955,,,,,,,,,225.14423360000364,225.14908959995955,225.57981510006357,225.57981510006357,225.6631319000153,226.030464499956,,,,,226.03214480006136,226.54627789999358,226.54627789999358,227.14666560001206,,,,,,,,,m,1,0.43704150000121444,None,n,1,0.5899129000026733,None,,,,,,,,,,,,,,,,,,,,,,,,001499,001,2025-11-24_18h20.05.958,soloProject,,2025.1.1,59.96239158085313,2025-11-24 18h20.07.634660 +0530,
Faces/CFD-IM-738-191-N.jpg,m,bowtie,m,C,C,92,92,0,m,1,1.468298599938862,None,m,1,0.4268851999659091,None,,,,,0,92,92,80,,,,,,,,,227.21209879999515,,,,,,,,,227.20709220005665,227.21209879999515,227.64629539998714,227.64629539998714,227.7132758999942,229.13082620000932,,,,,229.13213270006236,229.6459728999762,229.6459728999762,230.07950190000702,,,,,,,,,m,1,1.468298599938862,None,m,1,0.4268851999659091,None,,,,,,,,,,,,,,,,,,,,,,,,001499,001,2025-11-24_18h20.05.958,soloProject,,2025.1.1,59.96239158085313,2025-11-24 18h20.07.634660 +0530,
Faces/CFD-IF-602-134-N.jpg,n,perfume,n,C,C,93,93,0,n,1,0.426947999978438,None,n,1,0.5517197999870405,None,,,,,0,93,93,6,,,,,,,,,230.14468100003432,,,,,,,,,230.13783090002835,230.14468100003432,230.57968369999435,230.57968369999435,230.64641389995813,231.01368650002405,,,,,231.01591099996585,231.5293145000469,231.5293145000469,232.09647170000244,,,,,,,,,n,1,0.426947999978438,None,n,1,0.5517197999870405,None,,,,,,,,,,,,,,,,,,,,,,,,001499,001,2025-11-24_18h20.05.958,soloProject,,2025.1.1,59.96239158085313,2025-11-24 18h20.07.634660 +0530,
Faces/CFD-IF-609-408-N.jpg,n,perfume,n,C,C,94,94,0,n,1,0.45436839992180467,None,n,1,0.4643212999217212,None,,,,,0,94,94,24,,,,,,,,,232.15793760004453,,,,,,,,,232.1516227000393,232.15793760004453,232.5962681999663,232.5962681999663,232.66367729997728,233.0638898999896,,,,,233.0639671999961,233.57957559998613,233.57957559998613,234.04653689998668,,,,,,,,,n,1,0.45436839992180467,None,n,1,0.4643212999217212,None,,,,,,,,,,,,,,,,,,,,,,,,001499,001,2025-11-24_18h20.05.958,soloProject,,2025.1.1,59.96239158085313,2025-11-24 18h20.07.634660 +0530,
Faces/CFD-IM-739-012-N.jpg,m,hammer,m,C,C,95,95,0,m,1,0.6332056999672204,None,m,1,0.5009843000443652,None,,,,,0,95,95,85,,,,,,,,,234.10712179995608,,,,,,,,,234.10133830003906,234.10712179995608,234.54684650001582,234.54684650001582,234.6130678000627,235.19730380002875,,,,,235.19879609998316,235.71262190002017,235.71262190002017,236.22936490003485,,,,,,,,,m,1,0.6332056999672204,None,m,1,0.5009843000443652,None,,,,,,,,,,,,,,,,,,,,,,,,001499,001,2025-11-24_18h20.05.958,soloProject,,2025.1.1,59.96239158085313,2025-11-24 18h20.07.634660 +0530,
Faces/CFD-IF-609-408-N.jpg,n,hammer,m,I,C,96,96,0,n,1,0.5134490999625996,None,m,1,0.5271745000500232,None,,,,,0,96,96,55,,,,,,,,,236.28689350001514,,,,,,,,,236.28059470001608,236.28689350001514,236.72959050000645,236.72959050000645,236.7961714999983,237.24718810000923,,,,,237.2472460999852,237.7458609000314,237.7458609000314,238.28021440003067,,,,,,,,,n,1,0.5134490999625996,None,m,1,0.5271745000500232,None,,,,,,,,,,,,,,,,,,,,,,,,001499,001,2025-11-24_18h20.05.958,soloProject,,2025.1.1,59.96239158085313,2025-11-24 18h20.07.634660 +0530,
Faces/CFD-IF-601-519-N.jpg,n,dress,n,C,C,97,97,0,n,1,0.41126069996971637,None,n,1,0.5404694000026211,None,,,,,0,97,97,3,,,,,,,,,238.34071650006808,,,,,,,,,238.33555970003363,238.34071650006808,238.7798101999797,238.7798101999797,238.84645980002824,239.1966928000329,,,,,239.19835680001415,239.69619409996085,239.69619409996085,240.24651229998562,,,,,,,,,n,1,0.41126069996971637,None,n,1,0.5404694000026211,None,,,,,,,,,,,,,,,,,,,,,,,,001499,001,2025-11-24_18h20.05.958,soloProject,,2025.1.1,59.96239158085313,2025-11-24 18h20.07.634660 +0530,
Faces/CFD-IM-728-041-N.jpg,m,football,m,C,C,98,98,0,m,1,0.5081074999179691,None,m,1,0.4946949000004679,None,,,,,0,98,98,65,,,,,,,,,240.3131621000357,,,,,,,,,240.30595409998205,240.3131621000357,240.74680459999945,240.74680459999945,240.81328310002573,241.26396969996858,,,,,241.26566240005195,241.77922010002658,241.77922010002658,242.2796658000443,,,,,,,,,m,1,0.5081074999179691,None,m,1,0.4946949000004679,None,,,,,,,,,,,,,,,,,,,,,,,,001499,001,2025-11-24_18h20.05.958,soloProject,,2025.1.1,59.96239158085313,2025-11-24 18h20.07.634660 +0530,
Faces/CFD-IF-605-066-N.jpg,n,beer,m,I,C,99,99,0,n,1,0.47843210003338754,None,m,1,0.7553647999884561,None,,,,,0,99,99,42,,,,,,,,,242.33837560005486,,,,,,,,,242.33327589998953,242.33837560005486,242.77948749996722,242.77948749996722,242.84630860004108,243.26355240005068,,,,,243.26500610006042,243.77934570005164,243.77934570005164,244.54639110004064,,,,,,,,,n,1,0.47843210003338754,None,m,1,0.7553647999884561,None,,,,,,,,,,,,,,,,,,,,,,,,001499,001,2025-11-24_18h20.05.958,soloProject,,2025.1.1,59.96239158085313,2025-11-24 18h20.07.634660 +0530,
Faces/CFD-IM-738-191-N.jpg,m,beer,m,C,C,100,100,0,m,1,1.346404599957168,None,m,1,0.4445103000616655,None,,,,,0,100,100,78,,,,,,,,,244.6198466999922,,,,,,,,,244.61477520002518,244.6198466999922,245.04605310002808,245.04605310002808,245.13008180004545,246.39654920005705,,,,,246.3965994999744,246.895830100053,246.895830100053,247.3458541999571,,,,,,,,,m,1,1.346404599957168,None,m,1,0.4445103000616655,None,,,,,,,,,,,,,,,,,,,,,,,,001499,001,2025-11-24_18h20.05.958,soloProject,,2025.1.1,59.96239158085313,2025-11-24 18h20.07.634660 +0530,
Faces/CFD-IF-601-519-N.jpg,n,bowtie,m,I,C,101,101,0,n,1,0.5189392999745905,None,n,0,0.48342050006613135,None,,,,,0,101,101,32,,,,,,,,,247.40295959997457,,,,,,,,,247.39729510003235,247.40295959997457,247.84610850003082,247.84610850003082,247.91302670002915,248.38026859995443,,,,,248.38300659996457,248.89553340000566,248.89553340000566,249.3800707999617,,,,,,,,,n,1,0.5189392999745905,None,n,0,0.48342050006613135,None,,,,,,,,,,,,,,,,,,,,,,,,001499,001,2025-11-24_18h20.05.958,soloProject,,2025.1.1,59.96239158085313,2025-11-24 18h20.07.634660 +0530,
Faces/CFD-IM-728-041-N.jpg,m,briefcase,m,C,C,102,102,0,m,1,1.2029105999972671,None,m,1,0.5860945000313222,None,,,,,0,102,102,63,,,,,,,,,249.44438820006326,,,,,,,,,249.43721820006613,249.44438820006326,249.89674550003838,249.89674550003838,249.94597360002808,251.11342800001148,,,,,251.11500920006074,251.62891460000537,251.62891460000537,252.22918849997222,,,,,,,,,m,1,1.2029105999972671,None,m,1,0.5860945000313222,None,,,,,,,,,,,,,,,,,,,,,,,,001499,001,2025-11-24_18h20.05.958,soloProject,,2025.1.1,59.96239158085313,2025-11-24 18h20.07.634660 +0530,
Faces/CFD-IF-609-408-N.jpg,n,lipstick,n,C,C,103,103,0,n,1,0.777375900070183,None,n,1,0.4343036999925971,None,,,,,0,103,103,28,,,,,,,,,252.29166910005733,,,,,,,,,252.28522289998364,252.29166910005733,252.72938060003798,252.72938060003798,252.79661560000386,253.51296019996516,,,,,253.51518850005232,254.0119968999643,254.0119968999643,254.46245220000856,,,,,,,,,n,1,0.777375900070183,None,n,1,0.4343036999925971,None,,,,,,,,,,,,,,,,,,,,,,,,001499,001,2025-11-24_18h20.05.958,soloProject,,2025.1.1,59.96239158085313,2025-11-24 18h20.07.634660 +0530,
Faces/CFD-IM-728-041-N.jpg,m,jewelry,n,I,C,104,104,0,m,1,0.47211329999845475,None,n,1,0.876743400003761,None,,,,,0,104,104,95,,,,,,,,,254.52102450001985,,,,,,,,,254.5157673000358,254.52102450001985,254.96287990000565,254.96287990000565,255.03008130006492,255.44633040006738,,,,,255.44843290001154,255.9456538000377,255.9456538000377,256.8293006999884,,,,,,,,,m,1,0.47211329999845475,None,n,1,0.876743400003761,None,,,,,,,,,,,,,,,,,,,,,,,,001499,001,2025-11-24_18h20.05.958,soloProject,,2025.1.1,59.96239158085313,2025-11-24 18h20.07.634660 +0530,
Faces/CFD-IM-738-191-N.jpg,m,briefcase,m,C,C,105,105,0,m,1,0.5131074000382796,None,m,1,0.5905560000101104,None,,,,,0,105,105,81,,,,,,,,,256.8902133000083,,,,,,,,,256.8850461000111,256.8902133000083,257.32975230005104,257.32975230005104,257.3962901000632,257.8469773000106,,,,,257.84904160001315,258.36224649997894,258.36224649997894,258.96231590001844,,,,,,,,,m,1,0.5131074000382796,None,m,1,0.5905560000101104,None,,,,,,,,,,,,,,,,,,,,,,,,001499,001,2025-11-24_18h20.05.958,soloProject,,2025.1.1,59.96239158085313,2025-11-24 18h20.07.634660 +0530,
Faces/CFD-IM-739-012-N.jpg,m,perfume,n,I,C,106,106,0,m,1,0.38803050003480166,None,n,1,0.4707591999322176,None,,,,,0,106,106,114,,,,,,,,,259.01708360004704,,,,,,,,,259.0108838999877,259.01708360004704,259.46245350001846,259.46245350001846,259.52999010006897,259.863259500009,,,,,259.86482799996156,260.378732400015,260.378732400015,260.86289850005414,,,,,,,,,m,1,0.38803050003480166,None,n,1,0.4707591999322176,None,,,,,,,,,,,,,,,,,,,,,,,,001499,001,2025-11-24_18h20.05.958,soloProject,,2025.1.1,59.96239158085313,2025-11-24 18h20.07.634660 +0530,
Faces/CFD-IF-601-519-N.jpg,n,doll,n,C,C,107,107,0,m,0,0.824398799915798,None,n,1,0.9888282000320032,None,,,,,0,107,107,1,,,,,,,,,260.9219902000623,,,,,,,,,260.91605949995574,260.9219902000623,261.36247930000536,261.36247930000536,261.4292177000316,262.19636870000977,,,,,262.19816020003054,262.7120161000639,262.7120161000639,263.7124644999858,,,,,,,,,m,0,0.824398799915798,None,n,1,0.9888282000320032,None,,,,,,,,,,,,,,,,,,,,,,,,001499,001,2025-11-24_18h20.05.958,soloProject,,2025.1.1,59.96239158085313,2025-11-24 18h20.07.634660 +0530,
Faces/CFD-IF-602-134-N.jpg,n,beer,m,I,C,108,108,0,n,1,0.6590776999946684,None,m,1,0.6520827999338508,None,,,,,0,108,108,36,,,,,,,,,263.78568129998166,,,,,,,,,263.77937780006323,263.78568129998166,264.2126255000476,264.2126255000476,264.29662110004574,264.8798069000477,,,,,264.88161809998564,265.39527960005216,265.39527960005216,266.062210300006,,,,,,,,,n,1,0.6590776999946684,None,m,1,0.6520827999338508,None,,,,,,,,,,,,,,,,,,,,,,,,001499,001,2025-11-24_18h20.05.958,soloProject,,2025.1.1,59.96239158085313,2025-11-24 18h20.07.634660 +0530,
Faces/CFD-IF-608-390-N.jpg,n,dress,n,C,C,109,109,0,n,1,0.46991790004540235,None,m,0,0.42585929995402694,None,,,,,0,109,109,21,,,,,,,,,266.1330788000487,,,,,,,,,266.1259866000619,266.1330788000487,266.5626016999595,266.5626016999595,266.646469600033,267.04648660006933,,,,,267.0482590000611,267.545338200056,267.545338200056,267.9789626999991,,,,,,,,,n,1,0.46991790004540235,None,m,0,0.42585929995402694,None,,,,,,,,,,,,,,,,,,,,,,,,001499,001,2025-11-24_18h20.05.958,soloProject,,2025.1.1,59.96239158085313,2025-11-24 18h20.07.634660 +0530,
Faces/CFD-IM-736-361-N.jpg,m,hammer,m,C,C,110,110,0,m,1,1.8390727000078186,None,m,1,3.8375354999443516,None,,,,,0,110,110,73,,,,,,,,,268.0450427000178,,,,,,,,,268.0380910000531,268.0450427000178,268.47910390002653,268.47910390002653,268.54639989999123,270.3297087000683,,,,,270.33128859999124,270.84527319995686,270.84527319995686,274.695777200046,,,,,,,,,m,1,1.8390727000078186,None,m,1,3.8375354999443516,None,,,,,,,,,,,,,,,,,,,,,,,,001499,001,2025-11-24_18h20.05.958,soloProject,,2025.1.1,59.96239158085313,2025-11-24 18h20.07.634660 +0530,
Faces/CFD-IM-738-191-N.jpg,m,dress,n,I,C,111,111,0,m,1,0.44682479999028146,None,n,1,0.5519194999942556,None,,,,,0,111,111,111,,,,,,,,,274.75677390000783,,,,,,,,,274.7511508000316,274.75677390000783,275.19571860006545,275.19571860006545,275.26342750003096,275.6461361000547,,,,,275.6476366999559,276.145078200032,276.145078200032,276.7123734999914,,,,,,,,,m,1,0.44682479999028146,None,n,1,0.5519194999942556,None,,,,,,,,,,,,,,,,,,,,,,,,001499,001,2025-11-24_18h20.05.958,soloProject,,2025.1.1,59.96239158085313,2025-11-24 18h20.07.634660 +0530,
Faces/CFD-IM-738-191-N.jpg,m,cigar,m,C,C,112,112,0,m,1,0.5564781000139192,None,m,1,0.5380953999701887,None,,,,,0,112,112,82,,,,,,,,,276.7760282000527,,,,,,,,,276.7707143999869,276.7760282000527,277.2124044999946,277.2124044999946,277.2791208999697,277.77964289998636,,,,,277.78111039998475,278.2785548999673,278.2785548999673,278.8286286999937,,,,,,,,,m,1,0.5564781000139192,None,m,1,0.5380953999701887,None,,,,,,,,,,,,,,,,,,,,,,,,001499,001,2025-11-24_18h20.05.958,soloProject,,2025.1.1,59.96239158085313,2025-11-24 18h20.07.634660 +0530,
Faces/CFD-IF-601-519-N.jpg,n,cigar,m,I,C,113,113,0,n,1,0.5018361000111327,None,m,1,0.5339876000070944,None,,,,,0,113,113,34,,,,,,,,,278.8891677999636,,,,,,,,,278.88394249998964,278.8891677999636,279.32901620003395,279.32901620003395,279.39617610001005,279.8460032000439,,,,,279.84606370003894,280.3618817999959,280.3618817999959,280.9121603000676,,,,,,,,,n,1,0.5018361000111327,None,m,1,0.5339876000070944,None,,,,,,,,,,,,,,,,,,,,,,,,001499,001,2025-11-24_18h20.05.958,soloProject,,2025.1.1,59.96239158085313,2025-11-24 18h20.07.634660 +0530,
Faces/CFD-IM-739-012-N.jpg,m,cigar,m,C,C,114,114,0,m,1,0.46803290001116693,None,m,1,0.5448553999885917,None,,,,,0,114,114,88,,,,,,,,,280.9696377000073,,,,,,,,,280.963836699957,280.9696377000073,281.4122957000509,281.4122957000509,281.47895709995646,281.8959423999768,,,,,281.8959959000349,282.39491559995804,282.39491559995804,282.94582080002874,,,,,,,,,m,1,0.46803290001116693,None,m,1,0.5448553999885917,None,,,,,,,,,,,,,,,,,,,,,,,,001499,001,2025-11-24_18h20.05.958,soloProject,,2025.1.1,59.96239158085313,2025-11-24 18h20.07.634660 +0530,
Faces/CFD-IF-601-519-N.jpg,n,beer,m,I,C,115,115,0,n,1,0.5194348000222817,None,m,1,0.5453858999535441,None,,,,,0,115,115,30,,,,,,,,,283.0083499000175,,,,,,,,,283.00349090003874,283.0083499000175,283.4457324000541,283.4457324000541,283.51244900003076,283.97944430005737,,,,,283.98108619998675,284.4950893999776,284.4950893999776,285.04551289998926,,,,,,,,,n,1,0.5194348000222817,None,m,1,0.5453858999535441,None,,,,,,,,,,,,,,,,,,,,,,,,001499,001,2025-11-24_18h20.05.958,soloProject,,2025.1.1,59.96239158085313,2025-11-24 18h20.07.634660 +0530,
Faces/CFD-IF-602-134-N.jpg,n,jewelry,n,C,C,116,116,0,n,1,0.4841612000018358,None,n,1,0.5268755999859422,None,,,,,0,116,116,11,,,,,,,,,285.1128934000153,,,,,,,,,285.1065863999538,285.1128934000153,285.5454151000595,285.5454151000595,285.61288270005025,286.04646890005097,,,,,286.0484069000231,286.56182669999544,286.56182669999544,287.09529259998817,,,,,,,,,n,1,0.4841612000018358,None,n,1,0.5268755999859422,None,,,,,,,,,,,,,,,,,,,,,,,,001499,001,2025-11-24_18h20.05.958,soloProject,,2025.1.1,59.96239158085313,2025-11-24 18h20.07.634660 +0530,
Faces/CFD-IM-739-012-N.jpg,m,jewelry,n,I,C,117,117,0,m,1,0.48778950003907084,None,n,1,0.5535416000057012,None,,,,,0,117,117,119,,,,,,,,,287.1535363000585,,,,,,,,,287.14833730005194,287.1535363000585,287.5956335000228,287.5956335000228,287.6620841000695,288.0958309000125,,,,,288.0958962000441,288.59489649999887,288.59489649999887,289.16255630005617,,,,,,,,,m,1,0.48778950003907084,None,n,1,0.5535416000057012,None,,,,,,,,,,,,,,,,,,,,,,,,001499,001,2025-11-24_18h20.05.958,soloProject,,2025.1.1,59.96239158085313,2025-11-24 18h20.07.634660 +0530,
Faces/CFD-IF-605-066-N.jpg,n,football,m,I,C,118,118,0,n,1,0.4221561000449583,None,m,1,0.6002042999025434,None,,,,,0,118,118,47,,,,,,,,,289.2326269999612,,,,,,,,,289.2271009000251,289.2326269999612,289.67976890003774,289.67976890003774,289.74535890005063,290.1124574999558,,,,,290.114202799974,290.61233909998555,290.61233909998555,291.22851110005286,,,,,,,,,n,1,0.4221561000449583,None,m,1,0.6002042999025434,None,,,,,,,,,,,,,,,,,,,,,,,,001499,001,2025-11-24_18h20.05.958,soloProject,,2025.1.1,59.96239158085313,2025-11-24 18h20.07.634660 +0530,
Faces/CFD-IM-728-041-N.jpg,m,hammer,m,C,C,119,119,0,m,1,0.49234860006254166,None,m,1,0.6125293000368401,None,,,,,0,119,119,61,,,,,,,,,291.28738890006207,,,,,,,,,291.28115409996826,291.28738890006207,291.7293782000197,291.7293782000197,291.79571600002237,292.2291488000192,,,,,292.23076070006937,292.7449503999669,292.7449503999669,293.3622676000232,,,,,,,,,m,1,0.49234860006254166,None,m,1,0.6125293000368401,None,,,,,,,,,,,,,,,,,,,,,,,,001499,001,2025-11-24_18h20.05.958,soloProject,,2025.1.1,59.96239158085313,2025-11-24 18h20.07.634660 +0530,
,,,,,,,,,,,,,,,,,,,,,,,,,,,,,,,,,,,,,,,,,,,,,,,,,,,,,,,,,,,,,,,,,,,,,,,,293.3623589000199,293.3784910000395,293.3784910000395,313.9785510000074,space,20.591689000022598,None,,,,,,,,,,,,,,,,,001499,001,2025-11-24_18h20.05.958,soloProject,,2025.1.1,59.96239158085313,2025-11-24 18h20.07.634660 +0530,
Faces/CFD-IF-602-134-N.jpg,m,beer,m,I,I,0,0,0,m,1,1.5093399999896064,None,m,1,0.8664098000153899,None,,,,,,,,,0,0,0,3,,,,,314.0456974999979,,,,,,,,,314.0410487999907,314.0456974999979,314.4798124000663,314.4798124000663,314.54509040003177,315.9957951999968,,,,,315.9973948999541,316.5113971000537,316.5113971000537,317.37940370000433,,,,,,,,,,,,,,,,,,,,,,,,m,1,1.5093399999896064,None,m,1,0.8664098000153899,None,,,,,,,,,001499,001,2025-11-24_18h20.05.958,soloProject,,2025.1.1,59.96239158085313,2025-11-24 18h20.07.634660 +0530,
Faces/CFD-IM-731-223-N.jpg,n,lipstick,n,I,I,1,1,0,n,1,0.6678588000359014,None,n,1,0.6157851000316441,None,,,,,,,,,0,1,1,10,,,,,317.4467981000198,,,,,,,,,317.4402130000526,317.4467981000198,317.8951555000385,317.8951555000385,317.9617430999642,318.57935180002823,,,,,318.582142499974,319.0948734000558,319.0948734000558,319.712203699979,,,,,,,,,,,,,,,,,,,,,,,,n,1,0.6678588000359014,None,n,1,0.6157851000316441,None,,,,,,,,,001499,001,2025-11-24_18h20.05.958,soloProject,,2025.1.1,59.96239158085313,2025-11-24 18h20.07.634660 +0530,
Faces/CFD-IM-728-041-N.jpg,n,football,m,C,I,2,2,0,n,1,0.7736487999791279,None,m,1,0.7425320000620559,None,,,,,,,,,0,2,2,8,,,,,319.7862122000661,,,,,,,,,319.7792938000057,319.7862122000661,320.2119873999618,320.2119873999618,320.2957032000413,320.99594100005925,,,,,320.9975387000013,321.51096780004445,321.51096780004445,322.261800999986,,,,,,,,,,,,,,,,,,,,,,,,n,1,0.7736487999791279,None,m,1,0.7425320000620559,None,,,,,,,,,001499,001,2025-11-24_18h20.05.958,soloProject,,2025.1.1,59.96239158085313,2025-11-24 18h20.07.634660 +0530,
Faces/CFD-IF-601-519-N.jpg,m,perfume,n,C,I,3,3,0,m,1,0.4796218000119552,None,n,1,0.6584092999109998,None,,,,,,,,,0,3,3,0,,,,,322.31724899995606,,,,,,,,,322.31204740004614,322.31724899995606,322.7618696000427,322.7618696000427,322.8281070999801,323.24532880005427,,,,,323.2473061999772,323.7443677999545,323.7443677999545,324.4113787000533,,,,,,,,,,,,,,,,,,,,,,,,m,1,0.4796218000119552,None,n,1,0.6584092999109998,None,,,,,,,,,001499,001,2025-11-24_18h20.05.958,soloProject,,2025.1.1,59.96239158085313,2025-11-24 18h20.07.634660 +0530,
Faces/CFD-IM-728-041-N.jpg,n,cigar,m,C,I,4,4,0,n,1,1.2838192000053823,None,m,1,0.5637272000312805,None,,,,,,,,,0,4,4,7,,,,,324.47208119998686,,,,,,,,,324.46617190004326,324.47208119998686,324.9114351000171,324.9114351000171,324.9785644999938,326.21192340005655,,,,,326.2134140999988,326.7110190000385,326.7110190000385,327.27831439999864,,,,,,,,,,,,,,,,,,,,,,,,n,1,1.2838192000053823,None,m,1,0.5637272000312805,None,,,,,,,,,001499,001,2025-11-24_18h20.05.958,soloProject,,2025.1.1,59.96239158085313,2025-11-24 18h20.07.634660 +0530,
Faces/CFD-IF-602-134-N.jpg,m,bowtie,m,I,I,5,5,0,m,1,1.0656165999826044,None,m,1,0.6344371000304818,None,,,,,,,,,0,5,5,5,,,,,327.3307177000679,,,,,,,,,327.3255012000445,327.3307177000679,327.7790953000076,327.7790953000076,327.8448975000065,328.8454873999581,,,,,328.84694439999294,329.3609793999931,329.3609793999931,330.01195279997773,,,,,,,,,,,,,,,,,,,,,,,,m,1,1.0656165999826044,None,m,1,0.6344371000304818,None,,,,,,,,,001499,001,2025-11-24_18h20.05.958,soloProject,,2025.1.1,59.96239158085313,2025-11-24 18h20.07.634660 +0530,
Faces/CFD-IF-601-519-N.jpg,m,flower,n,C,I,6,6,0,n,0,0.4015654999529943,None,n,1,0.649654799955897,None,,,,,,,,,0,6,6,2,,,,,330.06476940005086,,,,,,,,,330.05876569997054,330.06476940005086,330.5281292999862,330.5281292999862,330.57809049997013,330.9453811000567,,,,,330.9470949000679,331.461045700009,331.461045700009,332.1112430000212,,,,,,,,,,,,,,,,,,,,,,,,n,0,0.4015654999529943,None,n,1,0.649654799955897,None,,,,,,,,,001499,001,2025-11-24_18h20.05.958,soloProject,,2025.1.1,59.96239158085313,2025-11-24 18h20.07.634660 +0530,
Faces/CFD-IF-602-134-N.jpg,m,hammer,m,I,I,7,7,0,m,1,0.5083477000007406,None,m,1,0.557493600063026,None,,,,,,,,,0,7,7,4,,,,,332.161773800035,,,,,,,,,332.15635359997395,332.161773800035,332.61152459995355,332.61152459995355,332.66186550003476,333.12842930003535,,,,,333.12976100004744,333.6274402999552,333.6274402999552,334.1947223000461,,,,,,,,,,,,,,,,,,,,,,,,m,1,0.5083477000007406,None,m,1,0.557493600063026,None,,,,,,,,,001499,001,2025-11-24_18h20.05.958,soloProject,,2025.1.1,59.96239158085313,2025-11-24 18h20.07.634660 +0530,
Faces/CFD-IM-728-041-N.jpg,n,briefcase,m,C,I,8,8,0,n,1,0.5051349999848753,None,m,1,0.6734772999770939,None,,,,,,,,,0,8,8,6,,,,,334.24302020005416,,,,,,,,,334.2372162999818,334.24302020005416,334.69488049997017,334.69488049997017,334.745107499999,335.2115902999649,,,,,335.2133528999984,335.7274880000623,335.7274880000623,336.41122160002124,,,,,,,,,,,,,,,,,,,,,,,,n,1,0.5051349999848753,None,m,1,0.6734772999770939,None,,,,,,,,,001499,001,2025-11-24_18h20.05.958,soloProject,,2025.1.1,59.96239158085313,2025-11-24 18h20.07.634660 +0530,
Faces/CFD-IM-731-223-N.jpg,n,dress,n,I,I,9,9,0,n,1,0.5546329999342561,None,n,1,0.8367392999352887,None,,,,,,,,,0,9,9,9,,,,,336.4607438000385,,,,,,,,,336.4562344000442,336.4607438000385,336.91174110001884,336.91174110001884,336.96176480001304,337.47830259997863,,,,,337.4798657000065,337.9773617000319,337.9773617000319,338.8277852999745,,,,,,,,,,,,,,,,,,,,,,,,n,1,0.5546329999342561,None,n,1,0.8367392999352887,None,,,,,,,,,001499,001,2025-11-24_18h20.05.958,soloProject,,2025.1.1,59.96239158085313,2025-11-24 18h20.07.634660 +0530,
Faces/CFD-IM-731-223-N.jpg,n,jewelry,n,I,I,10,10,0,n,1,0.7222660999977961,None,n,1,0.7312718000030145,None,,,,,,,,,0,10,10,11,,,,,338.874872699962,,,,,,,,,338.86959330004174,338.874872699962,339.32820069999434,339.32820069999434,339.3778402999742,340.0618722999934,,,,,340.06388480006717,340.5607685999712,340.5607685999712,341.29459990002215,,,,,,,,,,,,,,,,,,,,,,,,n,1,0.7222660999977961,None,n,1,0.7312718000030145,None,,,,,,,,,001499,001,2025-11-24_18h20.05.958,soloProject,,2025.1.1,59.96239158085313,2025-11-24 18h20.07.634660 +0530,
Faces/CFD-IF-601-519-N.jpg,m,doll,n,C,I,11,11,0,m,1,0.5974663000088185,None,m,0,0.4324329999508336,None,,,,,,,,,0,11,11,1,,,,,341.3507205999922,,,,,,,,,341.3457516999915,341.3507205999922,341.79527280002367,341.79527280002367,341.8612685999833,342.3948073000647,,,,,342.3966367000248,342.8941607000306,342.8941607000306,343.3282538000494,,,,,,,,,,,,,,,,,,,,,,,,m,1,0.5974663000088185,None,m,0,0.4324329999508336,None,,,,,,,,,001499,001,2025-11-24_18h20.05.958,soloProject,,2025.1.1,59.96239158085313,2025-11-24 18h20.07.634660 +0530,
,,,,,,,,,,,,,,,,,,,,,,,,,,,,,,,,,,,,,,,,,,,,,,,,,,,,,,,,,,,,343.32837790006306,343.3441477000015,344.89088900003117,344.82741599995643,,,,,,,,,,,,,,,,,,,,,,,,,,,,,,,,001499,001,2025-11-24_18h20.05.958,soloProject,,2025.1.1,59.96239158085313,2025-11-24 18h20.07.634660 +0530,
Faces/CFD-IM-736-361-N.jpg,n,briefcase,m,C,I,0,0,0,n,1,1.2377780999522656,None,m,1,1.2431682999012992,None,,,,,,,,,,,,,0,0,0,75,344.89088900003117,,,,,,,,,344.8861275999807,344.89088900003117,345.34453410003334,345.34453410003334,345.3946255999617,346.5952649000101,,,,,346.597528400016,347.1107929999707,347.1107929999707,348.3611624999903,,,,,,,,,,,,,,,,,,,,,,,,,,,,,,,,n,1,1.2377780999522656,None,m,1,1.2431682999012992,None,001499,001,2025-11-24_18h20.05.958,soloProject,,2025.1.1,59.96239158085313,2025-11-24 18h20.07.634660 +0530,
Faces/CFD-IF-605-066-N.jpg,m,football,m,I,I,1,1,0,m,1,1.39569399994798,None,m,1,0.551022999919951,None,,,,,,,,,,,,,0,1,1,47,348.415243400028,,,,,,,,,348.40856260003056,348.415243400028,348.86132470006123,348.86132470006123,348.92769979999866,350.26142860006075,,,,,350.2630763000343,350.77702180005144,350.77702180005144,351.3282515000319,,,,,,,,,,,,,,,,,,,,,,,,,,,,,,,,m,1,1.39569399994798,None,m,1,0.551022999919951,None,001499,001,2025-11-24_18h20.05.958,soloProject,,2025.1.1,59.96239158085313,2025-11-24 18h20.07.634660 +0530,
Faces/CFD-IM-731-223-N.jpg,n,cigar,m,C,I,2,2,0,n,1,2.7892165000084788,None,m,1,0.5801882999949157,None,,,,,,,,,,,,,0,2,2,70,351.37962460005656,,,,,,,,,351.37448450003285,351.37962460005656,351.8444024999626,351.8444024999626,351.89434120000806,354.6446597999893,,,,,354.64677250001114,355.14390190003905,355.14390190003905,355.72763760003727,,,,,,,,,,,,,,,,,,,,,,,,,,,,,,,,n,1,2.7892165000084788,None,m,1,0.5801882999949157,None,001499,001,2025-11-24_18h20.05.958,soloProject,,2025.1.1,59.96239158085313,2025-11-24 18h20.07.634660 +0530,
Faces/CFD-IM-728-041-N.jpg,n,perfume,n,I,I,3,3,0,n,1,0.47669650008901954,None,n,1,0.40019249997567385,None,,,,,,,,,,,,,0,3,3,90,355.78304160002153,,,,,,,,,355.77726929995697,355.78304160002153,356.22765340004116,356.22765340004116,356.29430700000376,356.71200689999387,,,,,356.71383100003004,357.22722210001666,357.22722210001666,357.644509500009,,,,,,,,,,,,,,,,,,,,,,,,,,,,,,,,n,1,0.47669650008901954,None,n,1,0.40019249997567385,None,001499,001,2025-11-24_18h20.05.958,soloProject,,2025.1.1,59.96239158085313,2025-11-24 18h20.07.634660 +0530,
Faces/CFD-IM-731-223-N.jpg,n,doll,n,I,I,4,4,0,n,1,0.4163804000709206,None,m,0,0.393264599959366,None,,,,,,,,,,,,,0,4,4,97,357.70092079997994,,,,,,,,,357.6965094000334,357.70092079997994,358.1448909000028,358.1448909000028,358.21111410006415,358.5618119999999,,,,,358.56373659998644,359.07716059999075,359.07716059999075,359.4774917999748,,,,,,,,,,,,,,,,,,,,,,,,,,,,,,,,n,1,0.4163804000709206,None,m,0,0.393264599959366,None,001499,001,2025-11-24_18h20.05.958,soloProject,,2025.1.1,59.96239158085313,2025-11-24 18h20.07.634660 +0530,
Faces/CFD-IM-731-223-N.jpg,n,bowtie,m,C,I,5,5,0,n,1,0.612398200086318,None,m,1,1.465867800056003,None,,,,,,,,,,,,,0,5,5,68,359.52718580001965,,,,,,,,,359.5216468999861,359.52718580001965,359.9778487000149,359.9778487000149,360.02848249999806,360.59477810002863,,,,,360.59627840004396,361.0940132000251,361.0940132000251,362.56049659999553,,,,,,,,,,,,,,,,,,,,,,,,,,,,,,,,n,1,0.612398200086318,None,m,1,1.465867800056003,None,001499,001,2025-11-24_18h20.05.958,soloProject,,2025.1.1,59.96239158085313,2025-11-24 18h20.07.634660 +0530,
Faces/CFD-IM-739-012-N.jpg,n,hammer,m,C,I,6,6,0,m,0,0.9120542999589816,None,m,1,1.3418052999768406,None,,,,,,,,,,,,,0,6,6,85,362.61295930005144,,,,,,,,,362.60799120005686,362.61295930005144,363.0614709999645,363.0614709999645,363.1288479999639,363.9781863000244,,,,,363.9796246000333,364.49388179997914,364.49388179997914,365.84427430003416,,,,,,,,,,,,,,,,,,,,,,,,,,,,,,,,m,0,0.9120542999589816,None,m,1,1.3418052999768406,None,001499,001,2025-11-24_18h20.05.958,soloProject,,2025.1.1,59.96239158085313,2025-11-24 18h20.07.634660 +0530,
Faces/CFD-IM-736-361-N.jpg,n,beer,m,C,I,7,7,0,n,1,1.0511382999829948,None,m,1,2.009291599970311,None,,,,,,,,,,,,,0,7,7,72,365.89314050006215,,,,,,,,,365.88739569997415,365.89314050006215,366.34445209999103,366.34445209999103,366.39442609995604,367.41120400000364,,,,,367.4125039000064,367.91032789996825,367.91032789996825,369.9273501000134,,,,,,,,,,,,,,,,,,,,,,,,,,,,,,,,n,1,1.0511382999829948,None,m,1,2.009291599970311,None,001499,001,2025-11-24_18h20.05.958,soloProject,,2025.1.1,59.96239158085313,2025-11-24 18h20.07.634660 +0530,
Faces/CFD-IF-608-390-N.jpg,m,beer,m,I,I,8,8,0,m,1,2.076948200003244,None,m,1,1.522245700005442,None,,,,,,,,,,,,,0,8,8,48,369.98414119996596,,,,,,,,,369.97879339999054,369.98414119996596,370.427524000057,370.427524000057,370.4949450000422,372.51114429999143,,,,,372.51121589995455,373.0268440999789,373.0268440999789,374.5606856000377,,,,,,,,,,,,,,,,,,,,,,,,,,,,,,,,m,1,2.076948200003244,None,m,1,1.522245700005442,None,001499,001,2025-11-24_18h20.05.958,soloProject,,2025.1.1,59.96239158085313,2025-11-24 18h20.07.634660 +0530,
Faces/CFD-IF-609-408-N.jpg,m,flower,n,C,I,9,9,0,m,1,0.684352400014177,None,n,1,0.5328121000202373,None,,,,,,,,,,,,,0,9,9,26,374.61266690003686,,,,,,,,,374.60717360000126,374.61266690003686,375.06076639995445,375.06076639995445,375.12742569996044,375.7614169999724,,,,,375.7631971000228,376.27714420005213,376.27714420005213,376.8103316000197,,,,,,,,,,,,,,,,,,,,,,,,,,,,,,,,m,1,0.684352400014177,None,n,1,0.5328121000202373,None,001499,001,2025-11-24_18h20.05.958,soloProject,,2025.1.1,59.96239158085313,2025-11-24 18h20.07.634660 +0530,
Faces/CFD-IF-601-519-N.jpg,m,hammer,m,I,I,10,10,0,m,1,0.46585220005363226,None,m,1,0.7697258000262082,None,,,,,,,,,,,,,0,10,10,31,376.8602111999644,,,,,,,,,376.8550256000599,376.8602111999644,377.31080029997975,377.31080029997975,377.36079089995474,377.7776378999697,,,,,377.7789850999834,378.27688000001945,378.27688000001945,379.0605301000178,,,,,,,,,,,,,,,,,,,,,,,,,,,,,,,,m,1,0.46585220005363226,None,m,1,0.7697258000262082,None,001499,001,2025-11-24_18h20.05.958,soloProject,,2025.1.1,59.96239158085313,2025-11-24 18h20.07.634660 +0530,
Faces/CFD-IF-609-408-N.jpg,m,lipstick,n,C,I,11,11,0,m,1,0.7476277000969276,None,n,1,0.6734643999952823,None,,,,,,,,,,,,,0,11,11,28,379.1117925000144,,,,,,,,,379.10673230001703,379.1117925000144,379.560988000012,379.560988000012,379.62725000001956,380.3116519000614,,,,,380.31330579996575,380.82674789999146,380.82674789999146,381.5106517999666,,,,,,,,,,,,,,,,,,,,,,,,,,,,,,,,m,1,0.7476277000969276,None,n,1,0.6734643999952823,None,001499,001,2025-11-24_18h20.05.958,soloProject,,2025.1.1,59.96239158085313,2025-11-24 18h20.07.634660 +0530,
Faces/CFD-IF-605-066-N.jpg,m,briefcase,m,I,I,12,12,0,m,1,0.5143477999372408,None,m,1,0.5680190999992192,None,,,,,,,,,,,,,0,12,12,45,381.5611453000456,,,,,,,,,381.55567370005883,381.5611453000456,382.01053049997427,382.01053049997427,382.0607803000603,382.5275578000583,,,,,382.52888510003686,383.02714310004376,383.02714310004376,383.6108497000532,,,,,,,,,,,,,,,,,,,,,,,,,,,,,,,,m,1,0.5143477999372408,None,m,1,0.5680190999992192,None,001499,001,2025-11-24_18h20.05.958,soloProject,,2025.1.1,59.96239158085313,2025-11-24 18h20.07.634660 +0530,
Faces/CFD-IM-731-223-N.jpg,n,flower,n,I,I,13,13,0,n,1,0.85656480002217,None,n,1,2.51775700005237,None,,,,,,,,,,,,,0,13,13,98,383.6647065000143,,,,,,,,,383.6593474999536,383.6647065000143,384.1120554000372,384.1120554000372,384.17728429997806,384.9780989000574,,,,,384.9795584999956,385.4934999999823,385.4934999999823,388.02678219997324,,,,,,,,,,,,,,,,,,,,,,,,,,,,,,,,n,1,0.85656480002217,None,n,1,2.51775700005237,None,001499,001,2025-11-24_18h20.05.958,soloProject,,2025.1.1,59.96239158085313,2025-11-24 18h20.07.634660 +0530,
Faces/CFD-IF-601-519-N.jpg,m,perfume,n,C,I,14,14,0,m,1,1.4119930000742897,None,m,0,0.4888318999437615,None,,,,,,,,,,,,,0,14,14,0,388.0892743000295,,,,,,,,,388.0836142000044,388.0892743000295,388.52744710003026,388.52744710003026,388.5944960999768,389.94480110006407,,,,,389.9464659000514,390.46023730002344,390.46023730002344,390.9609014999587,,,,,,,,,,,,,,,,,,,,,,,,,,,,,,,,m,1,1.4119930000742897,None,m,0,0.4888318999437615,None,001499,001,2025-11-24_18h20.05.958,soloProject,,2025.1.1,59.96239158085313,2025-11-24 18h20.07.634660 +0530,
Faces/CFD-IF-602-134-N.jpg,m,bowtie,m,I,I,15,15,0,m,1,0.6029455000534654,None,n,0,2.3585922000929713,None,,,,,,,,,,,,,0,15,15,38,391.0185593999922,,,,,,,,,391.0126070000697,391.0185593999922,391.47702059999574,391.47702059999574,391.52696559997275,392.09405049995985,,,,,392.09540620003827,392.5931644999655,392.5931644999655,394.9605343999574,,,,,,,,,,,,,,,,,,,,,,,,,,,,,,,,m,1,0.6029455000534654,None,n,0,2.3585922000929713,None,001499,001,2025-11-24_18h20.05.958,soloProject,,2025.1.1,59.96239158085313,2025-11-24 18h20.07.634660 +0530,
Faces/CFD-IF-602-134-N.jpg,m,beer,m,I,I,16,16,0,m,1,1.3137109000235796,None,m,1,1.8332407000707462,None,,,,,,,,,,,,,0,16,16,36,395.0181609999854,,,,,,,,,395.01298560004216,395.0181609999854,395.46048430004157,395.46048430004157,395.52728150004987,396.7775396000361,,,,,396.7791936000576,397.2930494999746,397.2930494999746,399.1266429000534,,,,,,,,,,,,,,,,,,,,,,,,,,,,,,,,m,1,1.3137109000235796,None,m,1,1.8332407000707462,None,001499,001,2025-11-24_18h20.05.958,soloProject,,2025.1.1,59.96239158085313,2025-11-24 18h20.07.634660 +0530,
Faces/CFD-IM-731-223-N.jpg,n,jewelry,n,I,I,17,17,0,n,1,1.5186357999918982,None,n,1,0.4448351999744773,None,,,,,,,,,,,,,0,17,17,101,399.1804175999714,,,,,,,,,399.17547969997395,399.1804175999714,399.626866000006,399.626866000006,399.6934757999843,401.16063090006355,,,,,401.162142300047,401.6596443000017,401.6596443000017,402.10991070000455,,,,,,,,,,,,,,,,,,,,,,,,,,,,,,,,n,1,1.5186357999918982,None,n,1,0.4448351999744773,None,001499,001,2025-11-24_18h20.05.958,soloProject,,2025.1.1,59.96239158085313,2025-11-24 18h20.07.634660 +0530,
Faces/CFD-IF-609-408-N.jpg,m,briefcase,m,I,I,18,18,0,m,1,0.6400852999649942,None,m,1,0.5863812000025064,None,,,,,,,,,,,,,0,18,18,57,402.16408739995677,,,,,,,,,402.159668300068,402.16408739995677,402.6104281999869,402.6104281999869,402.6768141000066,403.26056860003155,,,,,403.26210080005694,403.75962889997754,403.75962889997754,404.360020800028,,,,,,,,,,,,,,,,,,,,,,,,,,,,,,,,m,1,0.6400852999649942,None,m,1,0.5863812000025064,None,001499,001,2025-11-24_18h20.05.958,soloProject,,2025.1.1,59.96239158085313,2025-11-24 18h20.07.634660 +0530,
Faces/CFD-IF-601-519-N.jpg,m,cigar,m,I,I,19,19,0,m,1,0.5356174999615178,None,m,1,0.46032229997217655,None,,,,,,,,,,,,,0,19,19,34,404.4238380000461,,,,,,,,,404.4165447000414,404.4238380000461,404.8601779000601,404.8601779000601,404.9267680000048,405.41050670004915,,,,,405.4119567000307,405.90979810000863,405.90979810000863,406.37648059998173,,,,,,,,,,,,,,,,,,,,,,,,,,,,,,,,m,1,0.5356174999615178,None,m,1,0.46032229997217655,None,001499,001,2025-11-24_18h20.05.958,soloProject,,2025.1.1,59.96239158085313,2025-11-24 18h20.07.634660 +0530,
Faces/CFD-IM-728-041-N.jpg,n,football,m,C,I,20,20,0,n,1,0.7954407000215724,None,m,1,0.671915499959141,None,,,,,,,,,,,,,0,20,20,65,406.4306173999794,,,,,,,,,406.4256899000611,406.4306173999794,406.8771362999687,406.8771362999687,406.94337140000425,407.6772090999875,,,,,407.6793922999641,408.19283690000884,408.19283690000884,408.8766734000528,,,,,,,,,,,,,,,,,,,,,,,,,,,,,,,,n,1,0.7954407000215724,None,m,1,0.671915499959141,None,001499,001,2025-11-24_18h20.05.958,soloProject,,2025.1.1,59.96239158085313,2025-11-24 18h20.07.634660 +0530,
Faces/CFD-IM-728-041-N.jpg,n,briefcase,m,C,I,21,21,0,n,1,0.7184880001004785,None,m,1,0.5920092000160366,None,,,,,,,,,,,,,0,21,21,63,408.93020050006453,,,,,,,,,408.9253978000488,408.93020050006453,409.37724399997387,409.37724399997387,409.44340560003184,410.1103669999866,,,,,410.1120438000653,410.6095049000578,410.6095049000578,411.21067729999777,,,,,,,,,,,,,,,,,,,,,,,,,,,,,,,,n,1,0.7184880001004785,None,m,1,0.5920092000160366,None,001499,001,2025-11-24_18h20.05.958,soloProject,,2025.1.1,59.96239158085313,2025-11-24 18h20.07.634660 +0530,
Faces/CFD-IF-609-408-N.jpg,m,dress,n,C,I,22,22,0,m,1,0.484576299902983,None,n,1,1.0379891999764368,None,,,,,,,,,,,,,0,22,22,27,411.26450769999065,,,,,,,,,411.2595175000606,411.26450769999065,411.72672440006863,411.72672440006863,411.77662280004006,412.2274765999755,,,,,412.2287148999749,412.74286600004416,412.74286600004416,413.7932786999736,,,,,,,,,,,,,,,,,,,,,,,,,,,,,,,,m,1,0.484576299902983,None,n,1,1.0379891999764368,None,001499,001,2025-11-24_18h20.05.958,soloProject,,2025.1.1,59.96239158085313,2025-11-24 18h20.07.634660 +0530,
Faces/CFD-IM-736-361-N.jpg,n,flower,n,I,I,23,23,0,n,1,0.5179326001089066,None,n,1,1.0726029999786988,None,,,,,,,,,,,,,0,23,23,104,413.84455759997945,,,,,,,,,413.8398017999716,413.84455759997945,414.2932881000452,414.2932881000452,414.3599997999845,414.8277017000364,,,,,414.8292209999636,415.34392610006034,415.34392610006034,416.4269346999936,,,,,,,,,,,,,,,,,,,,,,,,,,,,,,,,n,1,0.5179326001089066,None,n,1,1.0726029999786988,None,001499,001,2025-11-24_18h20.05.958,soloProject,,2025.1.1,59.96239158085313,2025-11-24 18h20.07.634660 +0530,
Faces/CFD-IM-738-191-N.jpg,n,perfume,n,I,I,24,24,0,m,0,0.746893799980171,None,n,1,1.6374822000507265,None,,,,,,,,,,,,,0,24,24,108,416.48391479998827,,,,,,,,,416.4794400000246,416.48391479998827,416.92678660003,416.92678660003,416.9936904000351,417.67753870005254,,,,,417.6791640999727,418.1765030999668,418.1765030999668,419.82683280005585,,,,,,,,,,,,,,,,,,,,,,,,,,,,,,,,m,0,0.746893799980171,None,n,1,1.6374822000507265,None,001499,001,2025-11-24_18h20.05.958,soloProject,,2025.1.1,59.96239158085313,2025-11-24 18h20.07.634660 +0530,
Faces/CFD-IF-601-519-N.jpg,m,jewelry,n,C,I,25,25,0,m,1,1.743446199921891,None,n,1,0.7206872999668121,None,,,,,,,,,,,,,0,25,25,5,419.8733349000104,,,,,,,,,419.868737300043,419.8733349000104,420.3267161999829,420.3267161999829,420.37659680005163,422.0771623000037,,,,,422.07879369996954,422.5761714000255,422.5761714000255,423.30984999996144,,,,,,,,,,,,,,,,,,,,,,,,,,,,,,,,m,1,1.743446199921891,None,n,1,0.7206872999668121,None,001499,001,2025-11-24_18h20.05.958,soloProject,,2025.1.1,59.96239158085313,2025-11-24 18h20.07.634660 +0530,
Faces/CFD-IM-736-361-N.jpg,n,lipstick,n,I,I,26,26,0,n,1,0.5464948000153527,None,n,1,0.5255055000307038,None,,,,,,,,,,,,,0,26,26,106,423.3719139000168,,,,,,,,,423.3636667999672,423.3719139000168,423.8107635000488,423.8107635000488,423.8775448000524,424.3613357000286,,,,,424.36413230001926,424.87637790001463,424.87637790001463,425.4105735999765,,,,,,,,,,,,,,,,,,,,,,,,,,,,,,,,n,1,0.5464948000153527,None,n,1,0.5255055000307038,None,001499,001,2025-11-24_18h20.05.958,soloProject,,2025.1.1,59.96239158085313,2025-11-24 18h20.07.634660 +0530,
Faces/CFD-IM-731-223-N.jpg,n,football,m,C,I,27,27,0,m,0,0.9416321000317112,None,m,1,0.5744887000182644,None,,,,,,,,,,,,,0,27,27,71,425.48354589997325,,,,,,,,,425.47796589997597,425.48354589997325,425.91027230001055,425.91027230001055,425.9944473999785,426.8616727000335,,,,,426.8644159999676,427.37705730006564,427.37705730006564,427.9605679999804,,,,,,,,,,,,,,,,,,,,,,,,,,,,,,,,m,0,0.9416321000317112,None,m,1,0.5744887000182644,None,001499,001,2025-11-24_18h20.05.958,soloProject,,2025.1.1,59.96239158085313,2025-11-24 18h20.07.634660 +0530,
Faces/CFD-IF-608-390-N.jpg,m,football,m,I,I,28,28,0,m,1,4.885516999987885,None,m,1,1.2398291999706998,None,,,,,,,,,,,,,0,28,28,53,428.0186684000073,,,,,,,,,428.013919500052,428.0186684000073,428.4775170000503,428.4775170000503,428.5273668000009,433.3771787000587,,,,,433.3773204999743,433.87603659997694,433.87603659997694,435.12724850000814,,,,,,,,,,,,,,,,,,,,,,,,,,,,,,,,m,1,4.885516999987885,None,m,1,1.2398291999706998,None,001499,001,2025-11-24_18h20.05.958,soloProject,,2025.1.1,59.96239158085313,2025-11-24 18h20.07.634660 +0530,
Faces/CFD-IF-605-066-N.jpg,m,jewelry,n,C,I,29,29,0,m,1,0.648035499965772,None,n,1,0.7130242000566795,None,,,,,,,,,,,,,0,29,29,17,435.18443610006943,,,,,,,,,435.1795772999758,435.18443610006943,435.643508200068,435.643508200068,435.69346770003904,436.2938542000484,,,,,436.2955322000198,436.809640499996,436.809640499996,437.52666289999615,,,,,,,,,,,,,,,,,,,,,,,,,,,,,,,,m,1,0.648035499965772,None,n,1,0.7130242000566795,None,001499,001,2025-11-24_18h20.05.958,soloProject,,2025.1.1,59.96239158085313,2025-11-24 18h20.07.634660 +0530,
Faces/CFD-IF-605-066-N.jpg,m,doll,n,C,I,30,30,0,m,1,0.8388840000843629,None,n,1,1.2259072000160813,None,,,,,,,,,,,,,0,30,30,13,437.57408619998023,,,,,,,,,437.56955100002233,437.57408619998023,438.02623139997013,438.02623139997013,438.076356900041,438.876772299991,,,,,438.8780012000352,439.3760687999893,439.3760687999893,440.6100137999747,,,,,,,,,,,,,,,,,,,,,,,,,,,,,,,,m,1,0.8388840000843629,None,n,1,1.2259072000160813,None,001499,001,2025-11-24_18h20.05.958,soloProject,,2025.1.1,59.96239158085313,2025-11-24 18h20.07.634660 +0530,
Faces/CFD-IF-608-390-N.jpg,m,jewelry,n,C,I,31,31,0,n,0,0.440911200013943,None,n,1,0.5058297000359744,None,,,,,,,,,,,,,0,31,31,23,440.66119490005076,,,,,,,,,440.6563526999671,440.66119490005076,441.109832999995,441.109832999995,441.17674440005794,441.56007540004794,,,,,441.5614687000634,442.05927119997796,442.05927119997796,442.5767299999716,,,,,,,,,,,,,,,,,,,,,,,,,,,,,,,,n,0,0.440911200013943,None,n,1,0.5058297000359744,None,001499,001,2025-11-24_18h20.05.958,soloProject,,2025.1.1,59.96239158085313,2025-11-24 18h20.07.634660 +0530,
Faces/CFD-IM-739-012-N.jpg,n,football,m,C,I,32,32,0,n,1,0.6198390000499785,None,m,1,2.120109499897808,None,,,,,,,,,,,,,0,32,32,89,442.6235943000065,,,,,,,,,442.61944549996406,442.6235943000065,443.0765345999971,443.0765345999971,443.1263814000413,443.71008360001724,,,,,443.7115446999669,444.21066670003347,444.21066670003347,446.3437344999984,,,,,,,,,,,,,,,,,,,,,,,,,,,,,,,,n,1,0.6198390000499785,None,m,1,2.120109499897808,None,001499,001,2025-11-24_18h20.05.958,soloProject,,2025.1.1,59.96239158085313,2025-11-24 18h20.07.634660 +0530,
Faces/CFD-IM-736-361-N.jpg,n,dress,n,I,I,33,33,0,n,1,0.5371056000003591,None,n,1,0.6165449999971315,None,,,,,,,,,,,,,0,33,33,105,446.39602660003584,,,,,,,,,446.38969940005336,446.39602660003584,446.84300290001556,446.84300290001556,446.91067380004097,447.3940284999553,,,,,447.3952948000515,447.9091380999889,447.9091380999889,448.52599260001443,,,,,,,,,,,,,,,,,,,,,,,,,,,,,,,,n,1,0.5371056000003591,None,n,1,0.6165449999971315,None,001499,001,2025-11-24_18h20.05.958,soloProject,,2025.1.1,59.96239158085313,2025-11-24 18h20.07.634660 +0530,
Faces/CFD-IF-605-066-N.jpg,m,flower,n,C,I,34,34,0,m,1,0.5437030999455601,None,n,1,0.6559154000133276,None,,,,,,,,,,,,,0,34,34,14,448.57493790006265,,,,,,,,,448.570035599987,448.57493790006265,449.0270214000484,449.0270214000484,449.076860900037,449.5765680000186,,,,,449.5779058999615,450.07577700004913,450.07577700004913,450.74305900000036,,,,,,,,,,,,,,,,,,,,,,,,,,,,,,,,m,1,0.5437030999455601,None,n,1,0.6559154000133276,None,001499,001,2025-11-24_18h20.05.958,soloProject,,2025.1.1,59.96239158085313,2025-11-24 18h20.07.634660 +0530,
Faces/CFD-IM-736-361-N.jpg,n,cigar,m,C,I,35,35,0,n,1,0.5236589000560343,None,m,1,2.7665445999009535,None,,,,,,,,,,,,,0,35,35,76,450.7883926000213,,,,,,,,,450.78372409997974,450.7883926000213,451.2434126000153,451.2434126000153,451.2930270000361,451.7773886000505,,,,,451.778662799974,452.27576850005426,452.27576850005426,455.0436489999993,,,,,,,,,,,,,,,,,,,,,,,,,,,,,,,,n,1,0.5236589000560343,None,m,1,2.7665445999009535,None,001499,001,2025-11-24_18h20.05.958,soloProject,,2025.1.1,59.96239158085313,2025-11-24 18h20.07.634660 +0530,
Faces/CFD-IM-731-223-N.jpg,n,perfume,n,I,I,36,36,0,n,1,0.6983995999908075,None,n,1,1.5063594999955967,None,,,,,,,,,,,,,0,36,36,96,455.09698450006545,,,,,,,,,455.09210700006224,455.09698450006545,455.55975140002556,455.55975140002556,455.60949149995577,456.2604477000423,,,,,456.261829999974,456.77584969997406,456.77584969997406,458.2927265999606,,,,,,,,,,,,,,,,,,,,,,,,,,,,,,,,n,1,0.6983995999908075,None,n,1,1.5063594999955967,None,001499,001,2025-11-24_18h20.05.958,soloProject,,2025.1.1,59.96239158085313,2025-11-24 18h20.07.634660 +0530,
Faces/CFD-IM-728-041-N.jpg,n,bowtie,m,C,I,37,37,0,n,1,0.5136372999986634,None,m,1,0.5820561000145972,None,,,,,,,,,,,,,0,37,37,62,458.3454269999638,,,,,,,,,458.3403636000585,458.3454269999638,458.79337400000077,458.79337400000077,458.8602523000445,459.30986469995696,,,,,459.3112186000217,459.8091298000654,459.8091298000654,460.3927627999801,,,,,,,,,,,,,,,,,,,,,,,,,,,,,,,,n,1,0.5136372999986634,None,m,1,0.5820561000145972,None,001499,001,2025-11-24_18h20.05.958,soloProject,,2025.1.1,59.96239158085313,2025-11-24 18h20.07.634660 +0530,
Faces/CFD-IM-728-041-N.jpg,n,flower,n,I,I,38,38,0,n,1,0.6704412999097258,None,n,1,0.8226301000686362,None,,,,,,,,,,,,,0,38,38,92,460.43956760002766,,,,,,,,,460.43514309998136,460.43956760002766,460.89297100005206,460.89297100005206,460.9429899000097,461.57733810006175,,,,,461.5786805000389,462.09244929999113,462.09244929999113,462.92570140003227,,,,,,,,,,,,,,,,,,,,,,,,,,,,,,,,n,1,0.6704412999097258,None,n,1,0.8226301000686362,None,001499,001,2025-11-24_18h20.05.958,soloProject,,2025.1.1,59.96239158085313,2025-11-24 18h20.07.634660 +0530,
Faces/CFD-IM-739-012-N.jpg,n,perfume,n,I,I,39,39,0,n,1,0.5936132000060752,None,n,1,0.5032774999272078,None,,,,,,,,,,,,,0,39,39,114,462.9778981000418,,,,,,,,,462.973053200054,462.9778981000418,463.426051300019,463.426051300019,463.4928786000237,464.0265919000376,,,,,464.0279376000399,464.5255339000141,464.5255339000141,465.0426441000309,,,,,,,,,,,,,,,,,,,,,,,,,,,,,,,,n,1,0.5936132000060752,None,n,1,0.5032774999272078,None,001499,001,2025-11-24_18h20.05.958,soloProject,,2025.1.1,59.96239158085313,2025-11-24 18h20.07.634660 +0530,
Faces/CFD-IF-605-066-N.jpg,m,perfume,n,C,I,40,40,0,n,0,0.5759987001074478,None,n,1,1.7801370000233874,None,,,,,,,,,,,,,0,40,40,12,465.09213130001444,,,,,,,,,465.08773679996375,465.09213130001444,465.5433120999951,465.5433120999951,465.59307930001523,466.12665650004055,,,,,466.1267051000614,466.6254429999972,466.6254429999972,468.4091628000606,,,,,,,,,,,,,,,,,,,,,,,,,,,,,,,,n,0,0.5759987001074478,None,n,1,1.7801370000233874,None,001499,001,2025-11-24_18h20.05.958,soloProject,,2025.1.1,59.96239158085313,2025-11-24 18h20.07.634660 +0530,
Faces/CFD-IM-731-223-N.jpg,n,beer,m,C,I,41,41,0,n,1,1.8982647999655455,None,m,1,0.7195708000799641,None,,,,,,,,,,,,,0,41,41,66,468.4621233000653,,,,,,,,,468.4570177999558,468.4621233000653,468.90925320005044,468.90925320005044,468.9760522999568,470.80944089998957,,,,,470.8105258999858,471.3087627000641,471.3087627000641,472.0424420000054,,,,,,,,,,,,,,,,,,,,,,,,,,,,,,,,n,1,1.8982647999655455,None,m,1,0.7195708000799641,None,001499,001,2025-11-24_18h20.05.958,soloProject,,2025.1.1,59.96239158085313,2025-11-24 18h20.07.634660 +0530,
Faces/CFD-IF-608-390-N.jpg,m,cigar,m,I,I,42,42,0,m,1,0.873232200043276,None,m,1,0.8122233999893069,None,,,,,,,,,,,,,0,42,42,52,472.09541840001475,,,,,,,,,472.0908991000615,472.09541840001475,472.5428414000198,472.5428414000198,472.6095294000115,473.42664550000336,,,,,473.42791950004175,473.9256568000419,473.9256568000419,474.74309909995645,,,,,,,,,,,,,,,,,,,,,,,,,,,,,,,,m,1,0.873232200043276,None,m,1,0.8122233999893069,None,001499,001,2025-11-24_18h20.05.958,soloProject,,2025.1.1,59.96239158085313,2025-11-24 18h20.07.634660 +0530,
Faces/CFD-IM-728-041-N.jpg,n,doll,n,I,I,43,43,0,n,1,0.45767379994504154,None,n,1,0.5091568999923766,None,,,,,,,,,,,,,0,43,43,91,474.7949869000586,,,,,,,,,474.79014980001375,474.7949869000586,475.2593128000153,475.2593128000153,475.3096108000027,475.72674269997515,,,,,475.72800190001726,476.24192659999244,476.24192659999244,476.7597408000147,,,,,,,,,,,,,,,,,,,,,,,,,,,,,,,,n,1,0.45767379994504154,None,n,1,0.5091568999923766,None,001499,001,2025-11-24_18h20.05.958,soloProject,,2025.1.1,59.96239158085313,2025-11-24 18h20.07.634660 +0530,
Faces/CFD-IF-609-408-N.jpg,m,doll,n,C,I,44,44,0,m,1,0.49167639994993806,None,n,1,0.6870170999318361,None,,,,,,,,,,,,,0,44,44,25,476.81252290005796,,,,,,,,,476.8072661999613,476.81252290005796,477.2591139000142,477.2591139000142,477.3259269000264,477.7601910000667,,,,,477.76024149998557,478.275867999997,478.275867999997,478.9761524000205,,,,,,,,,,,,,,,,,,,,,,,,,,,,,,,,m,1,0.49167639994993806,None,n,1,0.6870170999318361,None,001499,001,2025-11-24_18h20.05.958,soloProject,,2025.1.1,59.96239158085313,2025-11-24 18h20.07.634660 +0530,
Faces/CFD-IM-739-012-N.jpg,n,bowtie,m,C,I,45,45,0,m,0,0.6171304999152198,None,m,1,1.2997995000332594,None,,,,,,,,,,,,,0,45,45,86,479.0279442999745,,,,,,,,,479.0231109999586,479.0279442999745,479.47585659998003,479.47585659998003,479.54245710000396,480.0934054000536,,,,,480.0960915000178,480.6089126999723,480.6089126999723,481.9090780999977,,,,,,,,,,,,,,,,,,,,,,,,,,,,,,,,m,0,0.6171304999152198,None,m,1,1.2997995000332594,None,001499,001,2025-11-24_18h20.05.958,soloProject,,2025.1.1,59.96239158085313,2025-11-24 18h20.07.634660 +0530,
Faces/CFD-IM-738-191-N.jpg,n,briefcase,m,C,I,46,46,0,n,1,0.7403820001054555,None,m,1,0.5657272000098601,None,,,,,,,,,,,,,0,46,46,81,481.96204730006866,,,,,,,,,481.95714569999836,481.96204730006866,482.4090883999597,482.4090883999597,482.47586869995575,483.15936110005714,,,,,483.160611600033,483.6586562000448,483.6586562000448,484.2254668000387,,,,,,,,,,,,,,,,,,,,,,,,,,,,,,,,n,1,0.7403820001054555,None,m,1,0.5657272000098601,None,001499,001,2025-11-24_18h20.05.958,soloProject,,2025.1.1,59.96239158085313,2025-11-24 18h20.07.634660 +0530,
Faces/CFD-IF-609-408-N.jpg,m,jewelry,n,C,I,47,47,0,m,1,0.6328475999180228,None,n,1,0.7582790000597015,None,,,,,,,,,,,,,0,47,47,29,484.27981109998655,,,,,,,,,484.2745239000069,484.27981109998655,484.72676630003843,484.72676630003843,484.7924501000671,485.35988720005844,,,,,485.36123509996105,485.85880950000137,485.85880950000137,486.6257437999593,,,,,,,,,,,,,,,,,,,,,,,,,,,,,,,,m,1,0.6328475999180228,None,n,1,0.7582790000597015,None,001499,001,2025-11-24_18h20.05.958,soloProject,,2025.1.1,59.96239158085313,2025-11-24 18h20.07.634660 +0530,
Faces/CFD-IF-609-408-N.jpg,m,beer,m,I,I,48,48,0,m,1,1.645383800030686,None,m,1,0.7043801000108942,None,,,,,,,,,,,,,0,48,48,54,486.68162090005353,,,,,,,,,486.6767610000679,486.68162090005353,487.1257158999797,487.1257158999797,487.1924771000631,488.77671210002154,,,,,488.77810920006596,489.2925814000191,489.2925814000191,490.01038079999853,,,,,,,,,,,,,,,,,,,,,,,,,,,,,,,,m,1,1.645383800030686,None,m,1,0.7043801000108942,None,001499,001,2025-11-24_18h20.05.958,soloProject,,2025.1.1,59.96239158085313,2025-11-24 18h20.07.634660 +0530,
Faces/CFD-IF-601-519-N.jpg,m,lipstick,n,C,I,49,49,0,m,1,0.45524909999221563,None,n,1,0.5589923000661656,None,,,,,,,,,,,,,0,49,49,4,490.06644129997585,,,,,,,,,490.06218889995944,490.06644129997585,490.52585830003954,490.52585830003954,490.57735160004813,490.99268939998,,,,,490.9951664999826,491.4919846999692,491.4919846999692,492.05884640000295,,,,,,,,,,,,,,,,,,,,,,,,,,,,,,,,m,1,0.45524909999221563,None,n,1,0.5589923000661656,None,001499,001,2025-11-24_18h20.05.958,soloProject,,2025.1.1,59.96239158085313,2025-11-24 18h20.07.634660 +0530,
Faces/CFD-IF-601-519-N.jpg,m,football,m,I,I,50,50,0,m,1,1.4837875000666827,None,m,1,0.8258445999817923,None,,,,,,,,,,,,,0,50,50,35,492.1140959999757,,,,,,,,,492.10931490000803,492.1140959999757,492.5596310000401,492.5596310000401,492.6257501000073,494.06075840000995,,,,,494.0631316000363,494.57537069998216,494.57537069998216,495.4095557000255,,,,,,,,,,,,,,,,,,,,,,,,,,,,,,,,m,1,1.4837875000666827,None,m,1,0.8258445999817923,None,001499,001,2025-11-24_18h20.05.958,soloProject,,2025.1.1,59.96239158085313,2025-11-24 18h20.07.634660 +0530,
Faces/CFD-IM-738-191-N.jpg,n,jewelry,n,I,I,51,51,0,n,1,0.6918430000077933,None,n,1,0.4035400999709964,None,,,,,,,,,,,,,0,51,51,113,495.4621570999734,,,,,,,,,495.45790070004296,495.4621570999734,495.9256905000657,495.9256905000657,495.9755821999861,496.6262651999714,,,,,496.62778790004086,497.14171460003126,497.14171460003126,497.55943679995835,,,,,,,,,,,,,,,,,,,,,,,,,,,,,,,,n,1,0.6918430000077933,None,n,1,0.4035400999709964,None,001499,001,2025-11-24_18h20.05.958,soloProject,,2025.1.1,59.96239158085313,2025-11-24 18h20.07.634660 +0530,
Faces/CFD-IF-605-066-N.jpg,m,hammer,m,I,I,52,52,0,m,1,0.460993199958466,None,m,1,0.6376647000433877,None,,,,,,,,,,,,,0,52,52,43,497.615817300044,,,,,,,,,497.6113105000695,497.615817300044,498.0589862000197,498.0589862000197,498.1255048000021,498.5264832000248,,,,,498.5283586999867,499.0417787999613,499.0417787999613,499.69195260002743,,,,,,,,,,,,,,,,,,,,,,,,,,,,,,,,m,1,0.460993199958466,None,m,1,0.6376647000433877,None,001499,001,2025-11-24_18h20.05.958,soloProject,,2025.1.1,59.96239158085313,2025-11-24 18h20.07.634660 +0530,
Faces/CFD-IM-739-012-N.jpg,n,cigar,m,C,I,53,53,0,n,1,1.4953007999574766,None,m,1,0.5040434999391437,None,,,,,,,,,,,,,0,53,53,88,499.7458632000489,,,,,,,,,499.74101969995536,499.7458632000489,500.1923633000115,500.1923633000115,500.2593300000299,501.69244390004314,,,,,501.69362599996384,502.1926565000322,502.1926565000322,502.7086099999724,,,,,,,,,,,,,,,,,,,,,,,,,,,,,,,,n,1,1.4953007999574766,None,m,1,0.5040434999391437,None,001499,001,2025-11-24_18h20.05.958,soloProject,,2025.1.1,59.96239158085313,2025-11-24 18h20.07.634660 +0530,
Faces/CFD-IF-608-390-N.jpg,m,briefcase,m,I,I,54,54,0,m,1,0.6683845000807196,None,m,1,1.816624000086449,None,,,,,,,,,,,,,0,54,54,51,502.76524790003896,,,,,,,,,502.75993519998156,502.76524790003896,503.2090692999773,503.2090692999773,503.275660000043,503.892924600048,,,,,503.8946197000332,504.40834089997225,504.40834089997225,506.22630490001757,,,,,,,,,,,,,,,,,,,,,,,,,,,,,,,,m,1,0.6683845000807196,None,m,1,1.816624000086449,None,001499,001,2025-11-24_18h20.05.958,soloProject,,2025.1.1,59.96239158085313,2025-11-24 18h20.07.634660 +0530,
Faces/CFD-IM-739-012-N.jpg,n,jewelry,n,I,I,55,55,0,n,1,1.6980718999402598,None,n,1,0.4973850999958813,None,,,,,,,,,,,,,0,55,55,119,506.27812629996333,,,,,,,,,506.2734735000413,506.27812629996333,506.7253938000649,506.7253938000649,506.7923795999959,508.4255358000519,,,,,508.426928000059,508.92544400005136,508.92544400005136,509.4253466000082,,,,,,,,,,,,,,,,,,,,,,,,,,,,,,,,n,1,1.6980718999402598,None,n,1,0.4973850999958813,None,001499,001,2025-11-24_18h20.05.958,soloProject,,2025.1.1,59.96239158085313,2025-11-24 18h20.07.634660 +0530,
Faces/CFD-IF-602-134-N.jpg,m,football,m,I,I,56,56,0,m,1,0.5665000000735745,None,m,1,1.6546739999903366,None,,,,,,,,,,,,,0,56,56,41,509.4783536000177,,,,,,,,,509.47408529999666,509.4783536000177,509.92571980005596,509.92571980005596,509.9920180999907,510.49258089996874,,,,,510.49388770002406,510.99195449997205,510.99195449997205,512.6585427999962,,,,,,,,,,,,,,,,,,,,,,,,,,,,,,,,m,1,0.5665000000735745,None,m,1,1.6546739999903366,None,001499,001,2025-11-24_18h20.05.958,soloProject,,2025.1.1,59.96239158085313,2025-11-24 18h20.07.634660 +0530,
Faces/CFD-IF-605-066-N.jpg,m,lipstick,n,C,I,57,57,0,m,1,0.8555249000201002,None,n,1,0.5031564000528306,None,,,,,,,,,,,,,0,57,57,16,512.7114961000625,,,,,,,,,512.70693450002,512.7114961000625,513.1586183999898,513.1586183999898,513.2252985000378,514.0260164999636,,,,,514.0274374999572,514.5247395000188,514.5247395000188,515.0423932999838,,,,,,,,,,,,,,,,,,,,,,,,,,,,,,,,m,1,0.8555249000201002,None,n,1,0.5031564000528306,None,001499,001,2025-11-24_18h20.05.958,soloProject,,2025.1.1,59.96239158085313,2025-11-24 18h20.07.634660 +0530,
Faces/CFD-IM-731-223-N.jpg,n,lipstick,n,I,I,58,58,0,n,1,0.6454307000385597,None,n,1,0.6124808000167832,None,,,,,,,,,,,,,0,58,58,100,515.0958306000102,,,,,,,,,515.0909899000544,515.0958306000102,515.5429872999666,515.5429872999666,515.6087939999998,516.1927367000608,,,,,516.192787899985,516.6916983999545,516.6916983999545,517.3083917000331,,,,,,,,,,,,,,,,,,,,,,,,,,,,,,,,n,1,0.6454307000385597,None,n,1,0.6124808000167832,None,001499,001,2025-11-24_18h20.05.958,soloProject,,2025.1.1,59.96239158085313,2025-11-24 18h20.07.634660 +0530,
Faces/CFD-IF-601-519-N.jpg,m,doll,n,C,I,59,59,0,n,0,0.5944297999376431,None,n,1,0.8833312999922782,None,,,,,,,,,,,,,0,59,59,1,517.3603078000015,,,,,,,,,517.3552023000084,517.3603078000015,517.8092380999587,517.8092380999587,517.8752959000412,518.4091419000179,,,,,518.4113042000681,518.9080517999828,518.9080517999828,519.7921504999977,,,,,,,,,,,,,,,,,,,,,,,,,,,,,,,,n,0,0.5944297999376431,None,n,1,0.8833312999922782,None,001499,001,2025-11-24_18h20.05.958,soloProject,,2025.1.1,59.96239158085313,2025-11-24 18h20.07.634660 +0530,
Faces/CFD-IF-602-134-N.jpg,m,dress,n,C,I,60,60,0,m,1,2.848939700052142,None,n,1,0.6885639999527484,None,,,,,,,,,,,,,0,60,60,9,519.8482577999821,,,,,,,,,519.8435252000345,519.8482577999821,520.2921209000051,520.2921209000051,520.3585970000131,523.1432446000399,,,,,523.1444358000299,523.6581384000601,523.6581384000601,524.3583617999684,,,,,,,,,,,,,,,,,,,,,,,,,,,,,,,,m,1,2.848939700052142,None,n,1,0.6885639999527484,None,001499,001,2025-11-24_18h20.05.958,soloProject,,2025.1.1,59.96239158085313,2025-11-24 18h20.07.634660 +0530,
Faces/CFD-IF-602-134-N.jpg,m,lipstick,n,C,I,61,61,0,m,1,0.6740144999930635,None,n,1,0.5343146999366581,None,,,,,,,,,,,,,0,61,61,10,524.411658499972,,,,,,,,,524.4070922000101,524.411658499972,524.8587793000042,524.8587793000042,524.9262800000142,525.542573899962,,,,,525.5438992000418,526.0587942999555,526.0587942999555,526.6081865000306,,,,,,,,,,,,,,,,,,,,,,,,,,,,,,,,m,1,0.6740144999930635,None,n,1,0.5343146999366581,None,001499,001,2025-11-24_18h20.05.958,soloProject,,2025.1.1,59.96239158085313,2025-11-24 18h20.07.634660 +0530,
Faces/CFD-IM-736-361-N.jpg,n,perfume,n,I,I,62,62,0,n,1,0.8206810000119731,None,n,1,0.8882096000015736,None,,,,,,,,,,,,,0,62,62,102,526.6611481000436,,,,,,,,,526.6566610999871,526.6611481000436,527.1084696999751,527.1084696999751,527.1752905000467,527.9425082000671,,,,,527.9439563000342,528.4585184999742,528.4585184999742,529.3588548999978,,,,,,,,,,,,,,,,,,,,,,,,,,,,,,,,n,1,0.8206810000119731,None,n,1,0.8882096000015736,None,001499,001,2025-11-24_18h20.05.958,soloProject,,2025.1.1,59.96239158085313,2025-11-24 18h20.07.634660 +0530,
Faces/CFD-IF-608-390-N.jpg,m,hammer,m,I,I,63,63,0,m,1,0.5256121000275016,None,m,1,0.5122317998902872,None,,,,,,,,,,,,,0,63,63,49,529.41100740002,,,,,,,,,529.4063256999943,529.41100740002,529.8757460999768,529.8757460999768,529.9251468000002,530.408795400057,,,,,530.4101154999807,530.9079563999549,530.9079563999549,531.4257683999604,,,,,,,,,,,,,,,,,,,,,,,,,,,,,,,,m,1,0.5256121000275016,None,m,1,0.5122317998902872,None,001499,001,2025-11-24_18h20.05.958,soloProject,,2025.1.1,59.96239158085313,2025-11-24 18h20.07.634660 +0530,
Faces/CFD-IF-608-390-N.jpg,m,bowtie,m,I,I,64,64,0,m,1,0.3994187999051064,None,m,1,0.6054298999952152,None,,,,,,,,,,,,,0,64,64,50,531.478618400055,,,,,,,,,531.4739162999904,531.478618400055,531.9416814000579,531.9416814000579,531.9919253999833,532.3431170999538,,,,,532.3443160000024,532.8580539000686,532.8580539000686,533.4749476000434,,,,,,,,,,,,,,,,,,,,,,,,,,,,,,,,m,1,0.3994187999051064,None,m,1,0.6054298999952152,None,001499,001,2025-11-24_18h20.05.958,soloProject,,2025.1.1,59.96239158085313,2025-11-24 18h20.07.634660 +0530,
Faces/CFD-IM-731-223-N.jpg,n,dress,n,I,I,65,65,0,n,1,0.5522216999670491,None,n,1,0.5598453999264166,None,,,,,,,,,,,,,0,65,65,99,533.530502700014,,,,,,,,,533.5260696000187,533.530502700014,533.9753594000358,533.9753594000358,534.0416094000684,534.5429550999543,,,,,534.5440856000641,535.0577709999634,535.0577709999634,535.6250230000587,,,,,,,,,,,,,,,,,,,,,,,,,,,,,,,,n,1,0.5522216999670491,None,n,1,0.5598453999264166,None,001499,001,2025-11-24_18h20.05.958,soloProject,,2025.1.1,59.96239158085313,2025-11-24 18h20.07.634660 +0530,
Faces/CFD-IM-739-012-N.jpg,n,lipstick,n,I,I,66,66,0,n,1,1.7783703999593854,None,n,1,0.5991361000342295,None,,,,,,,,,,,,,0,66,66,118,535.676823399961,,,,,,,,,535.6722263999982,535.676823399961,536.125,536.125,536.1917112000519,537.9088197000092,,,,,537.9115394999972,538.4087835999671,538.4087835999671,539.0083262999542,,,,,,,,,,,,,,,,,,,,,,,,,,,,,,,,n,1,1.7783703999593854,None,n,1,0.5991361000342295,None,001499,001,2025-11-24_18h20.05.958,soloProject,,2025.1.1,59.96239158085313,2025-11-24 18h20.07.634660 +0530,
Faces/CFD-IM-728-041-N.jpg,n,jewelry,n,I,I,67,67,0,n,1,0.4879876999184489,None,n,1,0.7045904999831691,None,,,,,,,,,,,,,0,67,67,95,539.0591632999713,,,,,,,,,539.0544368999545,539.0591632999713,539.5090132000623,539.5090132000623,539.5597686000401,540.0086675999919,,,,,540.0110156000592,540.5084161000559,540.5084161000559,541.2250267000636,,,,,,,,,,,,,,,,,,,,,,,,,,,,,,,,n,1,0.4879876999184489,None,n,1,0.7045904999831691,None,001499,001,2025-11-24_18h20.05.958,soloProject,,2025.1.1,59.96239158085313,2025-11-24 18h20.07.634660 +0530,
Faces/CFD-IF-602-134-N.jpg,m,jewelry,n,C,I,68,68,0,m,1,0.3814999000169337,None,n,1,0.5275499999988824,None,,,,,,,,,,,,,0,68,68,11,541.277529999963,,,,,,,,,541.2728020000504,541.277529999963,541.7253455000464,541.7253455000464,541.7921854000306,542.1089488000143,,,,,542.1090021999553,542.607821600046,542.607821600046,543.1411991000641,,,,,,,,,,,,,,,,,,,,,,,,,,,,,,,,m,1,0.3814999000169337,None,n,1,0.5275499999988824,None,001499,001,2025-11-24_18h20.05.958,soloProject,,2025.1.1,59.96239158085313,2025-11-24 18h20.07.634660 +0530,
Faces/CFD-IF-609-408-N.jpg,m,perfume,n,C,I,69,69,0,m,1,1.0775910000083968,None,n,1,0.801260199979879,None,,,,,,,,,,,,,0,69,69,24,543.1938565999735,,,,,,,,,543.1887877000263,543.1938565999735,543.6415738000069,543.6415738000069,543.7081637000665,544.7255861000158,,,,,544.7274088000413,545.2248616999714,545.2248616999714,546.041256000055,,,,,,,,,,,,,,,,,,,,,,,,,,,,,,,,m,1,1.0775910000083968,None,n,1,0.801260199979879,None,001499,001,2025-11-24_18h20.05.958,soloProject,,2025.1.1,59.96239158085313,2025-11-24 18h20.07.634660 +0530,
Faces/CFD-IF-609-408-N.jpg,m,cigar,m,I,I,70,70,0,m,1,0.5838911000173539,None,m,1,0.619352100067772,None,,,,,,,,,,,,,0,70,70,58,546.1015927999979,,,,,,,,,546.0968280000379,546.1015927999979,546.541822600062,546.541822600062,546.6079777999548,547.1261112999637,,,,,547.1273756000446,547.6413346000481,547.6413346000481,548.2752764000325,,,,,,,,,,,,,,,,,,,,,,,,,,,,,,,,m,1,0.5838911000173539,None,m,1,0.619352100067772,None,001499,001,2025-11-24_18h20.05.958,soloProject,,2025.1.1,59.96239158085313,2025-11-24 18h20.07.634660 +0530,
Faces/CFD-IM-728-041-N.jpg,n,dress,n,I,I,71,71,0,n,1,0.7622166000073776,None,n,1,0.5951295000268146,None,,,,,,,,,,,,,0,71,71,93,548.3249393999577,,,,,,,,,548.3206687000347,548.3249393999577,548.7747503999854,548.7747503999854,548.8252839000197,549.5418534000637,,,,,549.5431181000313,550.0574400000041,550.0574400000041,550.659953000024,,,,,,,,,,,,,,,,,,,,,,,,,,,,,,,,n,1,0.7622166000073776,None,n,1,0.5951295000268146,None,001499,001,2025-11-24_18h20.05.958,soloProject,,2025.1.1,59.96239158085313,2025-11-24 18h20.07.634660 +0530,
Faces/CFD-IM-738-191-N.jpg,n,doll,n,I,I,72,72,0,n,1,1.2082676999270916,None,n,1,4.076615000027232,None,,,,,,,,,,,,,0,72,72,109,550.7121762000024,,,,,,,,,550.7074756000657,550.7121762000024,551.1748026000569,551.1748026000569,551.224898800021,552.3925665999996,,,,,552.3943158000475,552.9075190000003,552.9075190000003,556.9912659999682,,,,,,,,,,,,,,,,,,,,,,,,,,,,,,,,n,1,1.2082676999270916,None,n,1,4.076615000027232,None,001499,001,2025-11-24_18h20.05.958,soloProject,,2025.1.1,59.96239158085313,2025-11-24 18h20.07.634660 +0530,
Faces/CFD-IM-739-012-N.jpg,n,beer,m,C,I,73,73,0,n,1,1.5855758000398055,None,m,1,0.4989702000748366,None,,,,,,,,,,,,,0,73,73,84,557.0442515000468,,,,,,,,,557.038987100008,557.0442515000468,557.491496099974,557.491496099974,557.5580250000348,559.0915936999954,,,,,559.0927307000384,559.5911185999867,559.5911185999867,560.0912645000499,,,,,,,,,,,,,,,,,,,,,,,,,,,,,,,,n,1,1.5855758000398055,None,m,1,0.4989702000748366,None,001499,001,2025-11-24_18h20.05.958,soloProject,,2025.1.1,59.96239158085313,2025-11-24 18h20.07.634660 +0530,
Faces/CFD-IM-738-191-N.jpg,n,dress,n,I,I,74,74,0,m,0,0.5336355000035837,None,n,1,0.6088795000687242,None,,,,,,,,,,,,,0,74,74,111,560.1430927000474,,,,,,,,,560.1372019000119,560.1430927000474,560.5918340999633,560.5918340999633,560.6582370999968,561.1421921000583,,,,,561.1434420000296,561.6574552999809,561.6574552999809,562.2745706000132,,,,,,,,,,,,,,,,,,,,,,,,,,,,,,,,m,0,0.5336355000035837,None,n,1,0.6088795000687242,None,001499,001,2025-11-24_18h20.05.958,soloProject,,2025.1.1,59.96239158085313,2025-11-24 18h20.07.634660 +0530,
Faces/CFD-IF-601-519-N.jpg,m,beer,m,I,I,75,75,0,m,1,0.6001630999380723,None,m,1,0.8400901999557391,None,,,,,,,,,,,,,0,75,75,30,562.3304993000347,,,,,,,,,562.325059200055,562.3304993000347,562.7748840999557,562.7748840999557,562.8413719000528,563.3918337000068,,,,,563.3929255000548,563.8911365000531,563.8911365000531,564.7412604000419,,,,,,,,,,,,,,,,,,,,,,,,,,,,,,,,m,1,0.6001630999380723,None,m,1,0.8400901999557391,None,001499,001,2025-11-24_18h20.05.958,soloProject,,2025.1.1,59.96239158085313,2025-11-24 18h20.07.634660 +0530,
Faces/CFD-IF-609-408-N.jpg,m,bowtie,m,I,I,76,76,0,m,1,0.5283377999439836,None,m,1,0.5146508000325412,None,,,,,,,,,,,,,0,76,76,56,564.7934031999903,,,,,,,,,564.7883042000467,564.7934031999903,565.241246300051,565.241246300051,565.3080999000231,565.775413800031,,,,,565.7765886000125,566.2907154000131,566.2907154000131,566.8078866000287,,,,,,,,,,,,,,,,,,,,,,,,,,,,,,,,m,1,0.5283377999439836,None,m,1,0.5146508000325412,None,001499,001,2025-11-24_18h20.05.958,soloProject,,2025.1.1,59.96239158085313,2025-11-24 18h20.07.634660 +0530,
Faces/CFD-IF-609-408-N.jpg,m,hammer,m,I,I,77,77,0,m,1,0.41020540008321404,None,m,1,0.4107263999758288,None,,,,,,,,,,,,,0,77,77,55,566.8634044000646,,,,,,,,,566.8582569999853,566.8634044000646,567.3081547999755,567.3081547999755,567.3746124999598,567.7255080000032,,,,,567.7267465000041,568.2252377000405,568.2252377000405,568.6408412000164,,,,,,,,,,,,,,,,,,,,,,,,,,,,,,,,m,1,0.41020540008321404,None,m,1,0.4107263999758288,None,001499,001,2025-11-24_18h20.05.958,soloProject,,2025.1.1,59.96239158085313,2025-11-24 18h20.07.634660 +0530,
Faces/CFD-IF-602-134-N.jpg,m,flower,n,C,I,78,78,0,m,1,0.43787780008278787,None,m,0,0.39880349999293685,None,,,,,,,,,,,,,0,78,78,8,568.6952870000387,,,,,,,,,568.6907860999927,568.6952870000387,569.1411998000694,569.1411998000694,569.2089488999918,569.5927320000483,,,,,569.5940550999949,570.1082872999832,570.1082872999832,570.5077920999611,,,,,,,,,,,,,,,,,,,,,,,,,,,,,,,,m,1,0.43787780008278787,None,m,0,0.39880349999293685,None,001499,001,2025-11-24_18h20.05.958,soloProject,,2025.1.1,59.96239158085313,2025-11-24 18h20.07.634660 +0530,
Faces/CFD-IF-608-390-N.jpg,m,doll,n,C,I,79,79,0,m,1,0.8658516000723466,None,n,1,0.7211704000364989,None,,,,,,,,,,,,,0,79,79,19,570.5647053000284,,,,,,,,,570.5586708000628,570.5647053000284,571.0081536000362,571.0081536000362,571.0749897999922,571.8747079999885,,,,,571.8759412000654,572.374001899967,572.374001899967,573.1086585000157,,,,,,,,,,,,,,,,,,,,,,,,,,,,,,,,m,1,0.8658516000723466,None,n,1,0.7211704000364989,None,001499,001,2025-11-24_18h20.05.958,soloProject,,2025.1.1,59.96239158085313,2025-11-24 18h20.07.634660 +0530,
Faces/CFD-IF-605-066-N.jpg,m,bowtie,m,I,I,80,80,0,m,1,0.5762731999857351,None,n,0,0.6119128999998793,None,,,,,,,,,,,,,0,80,80,44,573.1608349999879,,,,,,,,,573.1550282000098,573.1608349999879,573.6245968999574,573.6245968999574,573.674447300029,574.2086997999577,,,,,574.2101602000184,574.708121899981,574.708121899981,575.3249977000523,,,,,,,,,,,,,,,,,,,,,,,,,,,,,,,,m,1,0.5762731999857351,None,n,0,0.6119128999998793,None,001499,001,2025-11-24_18h20.05.958,soloProject,,2025.1.1,59.96239158085313,2025-11-24 18h20.07.634660 +0530,
Faces/CFD-IM-738-191-N.jpg,n,cigar,m,C,I,81,81,0,m,0,1.42174060002435,None,n,0,1.0464016000041738,None,,,,,,,,,,,,,0,81,81,82,575.3776170000201,,,,,,,,,575.3726870999672,575.3776170000201,575.8245625999989,575.8245625999989,575.8907661000267,577.258356400067,,,,,577.259582699975,577.7740669000195,577.7740669000195,578.8239906000672,,,,,,,,,,,,,,,,,,,,,,,,,,,,,,,,m,0,1.42174060002435,None,n,0,1.0464016000041738,None,001499,001,2025-11-24_18h20.05.958,soloProject,,2025.1.1,59.96239158085313,2025-11-24 18h20.07.634660 +0530,
Faces/CFD-IM-728-041-N.jpg,n,beer,m,C,I,82,82,0,n,1,0.6405719999456778,None,m,1,0.7167507000267506,None,,,,,,,,,,,,,0,82,82,60,578.87756980001,,,,,,,,,578.8726929000113,578.87756980001,579.3243080000393,579.3243080000393,579.3913323000306,579.974552800064,,,,,579.9756696999539,580.4739695000462,580.4739695000462,581.1911151000531,,,,,,,,,,,,,,,,,,,,,,,,,,,,,,,,n,1,0.6405719999456778,None,m,1,0.7167507000267506,None,001499,001,2025-11-24_18h20.05.958,soloProject,,2025.1.1,59.96239158085313,2025-11-24 18h20.07.634660 +0530,
Faces/CFD-IF-605-066-N.jpg,m,cigar,m,I,I,83,83,0,m,1,0.5041398000903428,None,m,1,0.6016702000051737,None,,,,,,,,,,,,,0,83,83,46,581.2358169000363,,,,,,,,,581.2308411999838,581.2358169000363,581.6911339999642,581.6911339999642,581.7410427000141,582.207721499959,,,,,582.2089156999718,582.707732400042,582.707732400042,583.3241282000672,,,,,,,,,,,,,,,,,,,,,,,,,,,,,,,,m,1,0.5041398000903428,None,m,1,0.6016702000051737,None,001499,001,2025-11-24_18h20.05.958,soloProject,,2025.1.1,59.96239158085313,2025-11-24 18h20.07.634660 +0530,
Faces/CFD-IM-739-012-N.jpg,n,briefcase,m,C,I,84,84,0,n,1,0.6605647000251338,None,n,0,0.9959473999915645,None,,,,,,,,,,,,,0,84,84,87,583.3754255999811,,,,,,,,,583.3708524999674,583.3754255999811,583.8241243000375,583.8241243000375,583.8911787000252,584.4915323000168,,,,,584.4928253999678,585.0075010999572,585.0075010999572,586.0075048999861,,,,,,,,,,,,,,,,,,,,,,,,,,,,,,,,n,1,0.6605647000251338,None,n,0,0.9959473999915645,None,001499,001,2025-11-24_18h20.05.958,soloProject,,2025.1.1,59.96239158085313,2025-11-24 18h20.07.634660 +0530,
Faces/CFD-IM-728-041-N.jpg,n,cigar,m,C,I,85,85,0,n,1,0.564861600054428,None,m,1,2.3986703000264242,None,,,,,,,,,,,,,0,85,85,64,586.0585203999653,,,,,,,,,586.0536830000347,586.0585203999653,586.507750299992,586.507750299992,586.5752290000673,587.0744999999879,,,,,587.0759365999838,587.5737544000149,587.5737544000149,589.9738961000694,,,,,,,,,,,,,,,,,,,,,,,,,,,,,,,,n,1,0.564861600054428,None,m,1,2.3986703000264242,None,001499,001,2025-11-24_18h20.05.958,soloProject,,2025.1.1,59.96239158085313,2025-11-24 18h20.07.634660 +0530,
Faces/CFD-IF-605-066-N.jpg,m,dress,n,C,I,86,86,0,m,1,0.48687339993193746,None,n,1,0.6259130999678746,None,,,,,,,,,,,,,0,86,86,15,590.0254111000104,,,,,,,,,590.0204199999571,590.0254111000104,590.4743261999683,590.4743261999683,590.540843600058,590.9749402999878,,,,,590.9764399999985,591.4907562000444,591.4907562000444,592.124610900064,,,,,,,,,,,,,,,,,,,,,,,,,,,,,,,,m,1,0.48687339993193746,None,n,1,0.6259130999678746,None,001499,001,2025-11-24_18h20.05.958,soloProject,,2025.1.1,59.96239158085313,2025-11-24 18h20.07.634660 +0530,
Faces/CFD-IM-736-361-N.jpg,n,football,m,C,I,87,87,0,n,1,0.5348143998999149,None,m,1,0.5486823000246659,None,,,,,,,,,,,,,0,87,87,77,592.1760045000119,,,,,,,,,592.1711047999561,592.1760045000119,592.6409247999545,592.6409247999545,592.6907862999942,593.1917032999918,,,,,593.1936726999702,593.6907909000292,593.6907909000292,594.2405675000045,,,,,,,,,,,,,,,,,,,,,,,,,,,,,,,,n,1,0.5348143998999149,None,m,1,0.5486823000246659,None,001499,001,2025-11-24_18h20.05.958,soloProject,,2025.1.1,59.96239158085313,2025-11-24 18h20.07.634660 +0530,
Faces/CFD-IF-601-519-N.jpg,m,dress,n,C,I,88,88,0,m,1,0.673624699935317,None,n,1,0.6821695000398904,None,,,,,,,,,,,,,0,88,88,3,594.291999500012,,,,,,,,,594.2869254000252,594.291999500012,594.7408791000489,594.7408791000489,594.7906615000684,595.424836399965,,,,,595.4260546000442,595.940186599968,595.940186599968,596.6236581000267,,,,,,,,,,,,,,,,,,,,,,,,,,,,,,,,m,1,0.673624699935317,None,n,1,0.6821695000398904,None,001499,001,2025-11-24_18h20.05.958,soloProject,,2025.1.1,59.96239158085313,2025-11-24 18h20.07.634660 +0530,
Faces/CFD-IM-736-361-N.jpg,n,doll,n,I,I,89,89,0,n,1,0.49467220006044954,None,n,1,1.3797149999300018,None,,,,,,,,,,,,,0,89,89,103,596.6766854999587,,,,,,,,,596.671440300066,596.6766854999587,597.1242193999933,597.1242193999933,597.1908923999872,597.62517080002,,,,,597.6268222000217,598.1406034000684,598.1406034000684,599.5238942999858,,,,,,,,,,,,,,,,,,,,,,,,,,,,,,,,n,1,0.49467220006044954,None,n,1,1.3797149999300018,None,001499,001,2025-11-24_18h20.05.958,soloProject,,2025.1.1,59.96239158085313,2025-11-24 18h20.07.634660 +0530,
Faces/CFD-IM-738-191-N.jpg,n,lipstick,n,I,I,90,90,0,m,0,1.1594197999220341,None,n,1,1.3557004000758752,None,,,,,,,,,,,,,0,90,90,112,599.5774417000357,,,,,,,,,599.5718362999614,599.5774417000357,600.0250175000401,600.0250175000401,600.0905250000069,601.1911763000535,,,,,601.1938643000321,601.6903886999935,601.6903886999935,603.0571718000574,,,,,,,,,,,,,,,,,,,,,,,,,,,,,,,,m,0,1.1594197999220341,None,n,1,1.3557004000758752,None,001499,001,2025-11-24_18h20.05.958,soloProject,,2025.1.1,59.96239158085313,2025-11-24 18h20.07.634660 +0530,
Faces/CFD-IM-731-223-N.jpg,n,hammer,m,C,I,91,91,0,n,1,0.48248220002278686,None,m,1,0.6020322000840679,None,,,,,,,,,,,,,0,91,91,67,603.1079011000693,,,,,,,,,603.1033039999893,603.1079011000693,603.5580897000618,603.5580897000618,603.6083477999782,604.0412235000404,,,,,604.0425764999818,604.5570385999745,604.5570385999745,605.1747485999949,,,,,,,,,,,,,,,,,,,,,,,,,,,,,,,,n,1,0.48248220002278686,None,m,1,0.6020322000840679,None,001499,001,2025-11-24_18h20.05.958,soloProject,,2025.1.1,59.96239158085313,2025-11-24 18h20.07.634660 +0530,
Faces/CFD-IM-739-012-N.jpg,n,flower,n,I,I,92,92,0,n,1,0.5664979999419302,None,n,1,0.6195626000408083,None,,,,,,,,,,,,,0,92,92,116,605.2252994000446,,,,,,,,,605.2204454999883,605.2252994000446,605.6915219000075,605.6915219000075,605.7243375000544,606.2584269000217,,,,,606.2598084000638,606.7735465000151,606.7735465000151,607.4072819000576,,,,,,,,,,,,,,,,,,,,,,,,,,,,,,,,n,1,0.5664979999419302,None,n,1,0.6195626000408083,None,001499,001,2025-11-24_18h20.05.958,soloProject,,2025.1.1,59.96239158085313,2025-11-24 18h20.07.634660 +0530,
Faces/CFD-IF-601-519-N.jpg,m,flower,n,C,I,93,93,0,m,1,0.5500385999912396,None,n,1,0.5323942999821156,None,,,,,,,,,,,,,0,93,93,2,607.4568828999763,,,,,,,,,607.4523374000564,607.4568828999763,607.9079439999769,607.9079439999769,607.9583407000173,608.458422100055,,,,,608.4588512000628,608.9737981000217,608.9737981000217,609.5074714999646,,,,,,,,,,,,,,,,,,,,,,,,,,,,,,,,m,1,0.5500385999912396,None,n,1,0.5323942999821156,None,001499,001,2025-11-24_18h20.05.958,soloProject,,2025.1.1,59.96239158085313,2025-11-24 18h20.07.634660 +0530,
Faces/CFD-IM-739-012-N.jpg,n,dress,n,I,I,94,94,0,n,1,1.4261619999306276,None,n,1,0.8909157000016421,None,,,,,,,,,,,,,0,94,94,117,609.5557452000212,,,,,,,,,609.5512056000298,609.5557452000212,610.0074807000346,610.0074807000346,610.0576165000675,611.4407977999654,,,,,611.4420253999997,611.9400060999906,611.9400060999906,612.8404547000537,,,,,,,,,,,,,,,,,,,,,,,,,,,,,,,,n,1,1.4261619999306276,None,n,1,0.8909157000016421,None,001499,001,2025-11-24_18h20.05.958,soloProject,,2025.1.1,59.96239158085313,2025-11-24 18h20.07.634660 +0530,
Faces/CFD-IF-602-134-N.jpg,m,doll,n,C,I,95,95,0,m,1,0.4674415000481531,None,n,1,0.8557722000405192,None,,,,,,,,,,,,,0,95,95,7,612.893907599966,,,,,,,,,612.889431299991,612.893907599966,613.3406477000099,613.3406477000099,613.407566000009,613.8245590999722,,,,,613.825844099978,614.3398755000671,614.3398755000671,615.2070859000087,,,,,,,,,,,,,,,,,,,,,,,,,,,,,,,,m,1,0.4674415000481531,None,n,1,0.8557722000405192,None,001499,001,2025-11-24_18h20.05.958,soloProject,,2025.1.1,59.96239158085313,2025-11-24 18h20.07.634660 +0530,
Faces/CFD-IM-738-191-N.jpg,n,beer,m,C,I,96,96,0,n,1,0.9700853000395,None,n,0,0.6531984999310225,None,,,,,,,,,,,,,0,96,96,78,615.2596281999722,,,,,,,,,615.2540275000501,615.2596281999722,615.7083355999785,615.7083355999785,615.7740086000413,616.6908875000663,,,,,616.6932367000263,617.1898432000307,617.1898432000307,617.8573695999803,,,,,,,,,,,,,,,,,,,,,,,,,,,,,,,,n,1,0.9700853000395,None,n,0,0.6531984999310225,None,001499,001,2025-11-24_18h20.05.958,soloProject,,2025.1.1,59.96239158085313,2025-11-24 18h20.07.634660 +0530,
Faces/CFD-IM-738-191-N.jpg,n,hammer,m,C,I,97,97,0,n,1,0.4694016999565065,None,m,1,0.5566711000865325,None,,,,,,,,,,,,,0,97,97,79,617.9141369999852,,,,,,,,,617.909278600011,617.9141369999852,618.3571943000425,618.3571943000425,618.423868300044,618.8407989999978,,,,,618.8421266999794,619.3403525999747,619.3403525999747,619.907366200001,,,,,,,,,,,,,,,,,,,,,,,,,,,,,,,,n,1,0.4694016999565065,None,m,1,0.5566711000865325,None,001499,001,2025-11-24_18h20.05.958,soloProject,,2025.1.1,59.96239158085313,2025-11-24 18h20.07.634660 +0530,
Faces/CFD-IF-602-134-N.jpg,m,perfume,n,C,I,98,98,0,m,1,0.8915144000202417,None,n,1,0.9069159000646323,None,,,,,,,,,,,,,0,98,98,6,619.9593400000595,,,,,,,,,619.9539984000148,619.9593400000595,620.4076863999944,620.4076863999944,620.4746468999656,621.3078525000019,,,,,621.3093545000302,621.8236595999915,621.8236595999915,622.7410013000481,,,,,,,,,,,,,,,,,,,,,,,,,,,,,,,,m,1,0.8915144000202417,None,n,1,0.9069159000646323,None,001499,001,2025-11-24_18h20.05.958,soloProject,,2025.1.1,59.96239158085313,2025-11-24 18h20.07.634660 +0530,
Faces/CFD-IM-736-361-N.jpg,n,jewelry,n,I,I,99,99,0,n,1,1.4396522999741137,None,n,1,0.4865628000115976,None,,,,,,,,,,,,,0,99,99,107,622.7883832000662,,,,,,,,,622.7826261000009,622.7883832000662,623.2572299999883,623.2572299999883,623.2908420000458,624.7079518999672,,,,,624.7093246000586,625.2237582000671,625.2237582000671,625.7235997000244,,,,,,,,,,,,,,,,,,,,,,,,,,,,,,,,n,1,1.4396522999741137,None,n,1,0.4865628000115976,None,001499,001,2025-11-24_18h20.05.958,soloProject,,2025.1.1,59.96239158085313,2025-11-24 18h20.07.634660 +0530,
Faces/CFD-IM-738-191-N.jpg,n,football,m,C,I,100,100,0,m,0,0.537894899956882,None,m,1,1.156023500021547,None,,,,,,,,,,,,,0,100,100,83,625.7781391000608,,,,,,,,,625.7737387999659,625.7781391000608,626.2241292999825,626.2241292999825,626.2903338000178,626.7743138000369,,,,,626.7756097000092,627.2902188999578,627.2902188999578,628.4574093000265,,,,,,,,,,,,,,,,,,,,,,,,,,,,,,,,m,0,0.537894899956882,None,m,1,1.156023500021547,None,001499,001,2025-11-24_18h20.05.958,soloProject,,2025.1.1,59.96239158085313,2025-11-24 18h20.07.634660 +0530,
Faces/CFD-IM-738-191-N.jpg,n,bowtie,m,C,I,101,101,0,n,1,0.7008611999917775,None,n,0,0.6819316999753937,None,,,,,,,,,,,,,0,101,101,80,628.5096928999992,,,,,,,,,628.5044566000579,628.5096928999992,628.9737091000425,628.9737091000425,629.0237718999851,629.690897100023,,,,,629.6921639000066,630.1900336999679,630.1900336999679,630.8731063000159,,,,,,,,,,,,,,,,,,,,,,,,,,,,,,,,n,1,0.7008611999917775,None,n,0,0.6819316999753937,None,001499,001,2025-11-24_18h20.05.958,soloProject,,2025.1.1,59.96239158085313,2025-11-24 18h20.07.634660 +0530,
Faces/CFD-IF-601-519-N.jpg,m,briefcase,m,I,I,102,102,0,m,1,0.6566602000966668,None,n,0,0.5429463000036776,None,,,,,,,,,,,,,0,102,102,33,630.9185034000548,,,,,,,,,630.914137899992,630.9185034000548,631.3736485999543,631.3736485999543,631.4236614999827,632.0409954000497,,,,,632.0422901000129,632.556545700063,632.556545700063,633.1067695000675,,,,,,,,,,,,,,,,,,,,,,,,,,,,,,,,m,1,0.6566602000966668,None,n,0,0.5429463000036776,None,001499,001,2025-11-24_18h20.05.958,soloProject,,2025.1.1,59.96239158085313,2025-11-24 18h20.07.634660 +0530,
Faces/CFD-IM-738-191-N.jpg,n,flower,n,I,I,103,103,0,n,1,1.1817400000290945,None,n,1,0.6471952999709174,None,,,,,,,,,,,,,0,103,103,110,633.1525906999595,,,,,,,,,633.147904100013,633.1525906999595,633.6073734000092,633.6073734000092,633.657310700044,634.7911481000483,,,,,634.7924587000161,635.3064221000532,635.3064221000532,635.9566801000619,,,,,,,,,,,,,,,,,,,,,,,,,,,,,,,,n,1,1.1817400000290945,None,n,1,0.6471952999709174,None,001499,001,2025-11-24_18h20.05.958,soloProject,,2025.1.1,59.96239158085313,2025-11-24 18h20.07.634660 +0530,
Faces/CFD-IF-602-134-N.jpg,m,hammer,m,I,I,104,104,0,m,1,1.0655475999228656,None,m,1,1.42359620006755,None,,,,,,,,,,,,,0,104,104,37,636.0104081999743,,,,,,,,,636.005810600007,636.0104081999743,636.4572573000332,636.4572573000332,636.5236881000455,637.5243462000508,,,,,637.5256208999781,638.0401773999911,638.0401773999911,639.4732166000176,,,,,,,,,,,,,,,,,,,,,,,,,,,,,,,,m,1,1.0655475999228656,None,m,1,1.42359620006755,None,001499,001,2025-11-24_18h20.05.958,soloProject,,2025.1.1,59.96239158085313,2025-11-24 18h20.07.634660 +0530,
Faces/CFD-IM-731-223-N.jpg,n,briefcase,m,C,I,105,105,0,n,1,0.544714100076817,None,m,1,0.5993827000493184,None,,,,,,,,,,,,,0,105,105,69,639.5183318000054,,,,,,,,,639.513583800057,639.5183318000054,639.9735799999908,639.9735799999908,640.0233366000466,640.5238605999621,,,,,640.5251683000242,641.0227966000093,641.0227966000093,641.6237851000624,,,,,,,,,,,,,,,,,,,,,,,,,,,,,,,,n,1,0.544714100076817,None,m,1,0.5993827000493184,None,001499,001,2025-11-24_18h20.05.958,soloProject,,2025.1.1,59.96239158085313,2025-11-24 18h20.07.634660 +0530,
Faces/CFD-IF-602-134-N.jpg,m,cigar,m,I,I,106,106,0,m,1,0.5527565999655053,None,n,0,0.6010252999840304,None,,,,,,,,,,,,,0,106,106,40,641.6719488999806,,,,,,,,,641.6675212000264,641.6719488999806,642.1235162999947,642.1235162999947,642.1734550000401,642.6904836000176,,,,,642.6916131000035,643.189464300056,643.189464300056,643.8066507000476,,,,,,,,,,,,,,,,,,,,,,,,,,,,,,,,m,1,0.5527565999655053,None,n,0,0.6010252999840304,None,001499,001,2025-11-24_18h20.05.958,soloProject,,2025.1.1,59.96239158085313,2025-11-24 18h20.07.634660 +0530,
Faces/CFD-IF-608-390-N.jpg,m,lipstick,n,C,I,107,107,0,m,1,0.5894220999907702,None,n,1,0.5725563999731094,None,,,,,,,,,,,,,0,107,107,22,643.8528078000527,,,,,,,,,643.8488283000188,643.8528078000527,644.3071913999738,644.3071913999738,644.3571631000377,644.9078100000042,,,,,644.9094877999742,645.4233184000477,645.4233184000477,646.0069219999714,,,,,,,,,,,,,,,,,,,,,,,,,,,,,,,,m,1,0.5894220999907702,None,n,1,0.5725563999731094,None,001499,001,2025-11-24_18h20.05.958,soloProject,,2025.1.1,59.96239158085313,2025-11-24 18h20.07.634660 +0530,
Faces/CFD-IF-605-066-N.jpg,m,beer,m,I,I,108,108,0,m,1,1.4144123999867588,None,m,1,0.8246714000124484,None,,,,,,,,,,,,,0,108,108,42,646.0572974999668,,,,,,,,,646.0526786999544,646.0572974999668,646.5068249000469,646.5068249000469,646.5566945000319,647.9234686000273,,,,,647.9245656999992,648.4232505999971,648.4232505999971,649.2564989000093,,,,,,,,,,,,,,,,,,,,,,,,,,,,,,,,m,1,1.4144123999867588,None,m,1,0.8246714000124484,None,001499,001,2025-11-24_18h20.05.958,soloProject,,2025.1.1,59.96239158085313,2025-11-24 18h20.07.634660 +0530,
Faces/CFD-IF-601-519-N.jpg,m,bowtie,m,I,I,109,109,0,m,1,1.0229296999750659,None,m,1,2.0256290999241173,None,,,,,,,,,,,,,0,109,109,32,649.3045747999568,,,,,,,,,649.3002063999884,649.3045747999568,649.7570452999789,649.7570452999789,649.8064900999889,650.790441500023,,,,,650.7918103999691,651.3057932000374,651.3057932000374,653.3402502000099,,,,,,,,,,,,,,,,,,,,,,,,,,,,,,,,m,1,1.0229296999750659,None,m,1,2.0256290999241173,None,001499,001,2025-11-24_18h20.05.958,soloProject,,2025.1.1,59.96239158085313,2025-11-24 18h20.07.634660 +0530,
Faces/CFD-IF-608-390-N.jpg,m,dress,n,C,I,110,110,0,m,1,0.5753672999562696,None,n,1,0.5823305000085384,None,,,,,,,,,,,,,0,110,110,21,653.3892464999808,,,,,,,,,653.3838402000256,653.3892464999808,653.8400214000139,653.8400214000139,653.8910713000223,654.4235809000675,,,,,654.4248710999964,654.9231484000338,654.9231484000338,655.5070248000557,,,,,,,,,,,,,,,,,,,,,,,,,,,,,,,,m,1,0.5753672999562696,None,n,1,0.5823305000085384,None,001499,001,2025-11-24_18h20.05.958,soloProject,,2025.1.1,59.96239158085313,2025-11-24 18h20.07.634660 +0530,
Faces/CFD-IF-602-134-N.jpg,m,briefcase,m,I,I,111,111,0,m,1,0.9503476000390947,None,m,1,0.4460287999827415,None,,,,,,,,,,,,,0,111,111,39,655.5540009000106,,,,,,,,,655.5491387000075,655.5540009000106,656.0066815000027,656.0066815000027,656.0567258000374,656.9741736999713,,,,,656.9754762999946,657.4894676000113,657.4894676000113,657.9396703999955,,,,,,,,,,,,,,,,,,,,,,,,,,,,,,,,m,1,0.9503476000390947,None,m,1,0.4460287999827415,None,001499,001,2025-11-24_18h20.05.958,soloProject,,2025.1.1,59.96239158085313,2025-11-24 18h20.07.634660 +0530,
Faces/CFD-IF-608-390-N.jpg,m,perfume,n,C,I,112,112,0,m,1,1.366620400105603,None,n,1,0.7736802999861538,None,,,,,,,,,,,,,0,112,112,18,657.9879491999745,,,,,,,,,657.9834644000512,657.9879491999745,658.4400297000539,658.4400297000539,658.4899872000096,659.8070842999732,,,,,659.8085505999625,660.3233112000162,660.3233112000162,661.1059090000344,,,,,,,,,,,,,,,,,,,,,,,,,,,,,,,,m,1,1.366620400105603,None,n,1,0.7736802999861538,None,001499,001,2025-11-24_18h20.05.958,soloProject,,2025.1.1,59.96239158085313,2025-11-24 18h20.07.634660 +0530,
Faces/CFD-IF-608-390-N.jpg,m,flower,n,C,I,113,113,0,m,1,0.46482789993751794,None,m,0,0.4991130999987945,None,,,,,,,,,,,,,0,113,113,20,661.1553205000237,,,,,,,,,661.1507506000344,661.1553205000237,661.6069484000327,661.6069484000327,661.6562762999674,662.0739505999954,,,,,662.0753674999578,662.5896917000646,662.5896917000646,663.089238799992,,,,,,,,,,,,,,,,,,,,,,,,,,,,,,,,m,1,0.46482789993751794,None,m,0,0.4991130999987945,None,001499,001,2025-11-24_18h20.05.958,soloProject,,2025.1.1,59.96239158085313,2025-11-24 18h20.07.634660 +0530,
Faces/CFD-IF-609-408-N.jpg,m,football,m,I,I,114,114,0,m,1,1.0880424999631941,None,m,1,0.8188024999108166,None,,,,,,,,,,,,,0,114,114,59,663.1344432999613,,,,,,,,,663.1300894999877,663.1344432999613,663.589810000034,663.589810000034,663.6401961999945,664.6901603000006,,,,,664.6916436000029,665.1896474000532,665.1896474000532,666.0230118000181,,,,,,,,,,,,,,,,,,,,,,,,,,,,,,,,m,1,1.0880424999631941,None,m,1,0.8188024999108166,None,001499,001,2025-11-24_18h20.05.958,soloProject,,2025.1.1,59.96239158085313,2025-11-24 18h20.07.634660 +0530,
Faces/CFD-IM-728-041-N.jpg,n,hammer,m,C,I,115,115,0,n,1,0.5989360000239685,None,m,1,0.5484689999138936,None,,,,,,,,,,,,,0,115,115,61,666.0689708000282,,,,,,,,,666.0645762999775,666.0689708000282,666.5238317999756,666.5238317999756,666.5729258999927,667.1237339000218,,,,,667.1249272000277,667.6393798000645,667.6393798000645,668.1895599999698,,,,,,,,,,,,,,,,,,,,,,,,,,,,,,,,n,1,0.5989360000239685,None,m,1,0.5484689999138936,None,001499,001,2025-11-24_18h20.05.958,soloProject,,2025.1.1,59.96239158085313,2025-11-24 18h20.07.634660 +0530,
Faces/CFD-IM-739-012-N.jpg,n,doll,n,I,I,116,116,0,n,1,0.38409870001487434,None,n,1,0.5168201000196859,None,,,,,,,,,,,,,0,116,116,115,668.2369965000544,,,,,,,,,668.2327589000342,668.2369965000544,668.6900551000144,668.6900551000144,668.7401457000524,669.0925299000228,,,,,669.0937600999605,669.606346399989,669.606346399989,670.1398117999779,,,,,,,,,,,,,,,,,,,,,,,,,,,,,,,,n,1,0.38409870001487434,None,n,1,0.5168201000196859,None,001499,001,2025-11-24_18h20.05.958,soloProject,,2025.1.1,59.96239158085313,2025-11-24 18h20.07.634660 +0530,
Faces/CFD-IM-728-041-N.jpg,n,lipstick,n,I,I,117,117,0,n,1,0.3461901000700891,None,n,1,0.5593462999677286,None,,,,,,,,,,,,,0,117,117,94,670.1888292999938,,,,,,,,,670.1843233000254,670.1888292999938,670.6400574999861,670.6400574999861,670.6901344000362,670.9900325000053,,,,,670.9916589000495,671.505744199967,671.505744199967,672.073207700043,,,,,,,,,,,,,,,,,,,,,,,,,,,,,,,,n,1,0.3461901000700891,None,n,1,0.5593462999677286,None,001499,001,2025-11-24_18h20.05.958,soloProject,,2025.1.1,59.96239158085313,2025-11-24 18h20.07.634660 +0530,
Faces/CFD-IM-736-361-N.jpg,n,hammer,m,C,I,118,118,0,n,1,0.4653211999684572,None,m,1,0.5966562000103295,None,,,,,,,,,,,,,0,118,118,73,672.1205091000302,,,,,,,,,672.1153367999941,672.1205091000302,672.5728566000471,672.5728566000471,672.6227854000172,673.0403050000314,,,,,673.0416834000498,673.5556244000327,673.5556244000327,674.1562204000074,,,,,,,,,,,,,,,,,,,,,,,,,,,,,,,,n,1,0.4653211999684572,None,m,1,0.5966562000103295,None,001499,001,2025-11-24_18h20.05.958,soloProject,,2025.1.1,59.96239158085313,2025-11-24 18h20.07.634660 +0530,
Faces/CFD-IM-736-361-N.jpg,n,bowtie,m,C,I,119,119,0,n,1,0.5446535999653861,None,m,1,0.48246630001813173,None,,,,,,,,,,,,,0,119,119,74,674.2042132000206,,,,,,,,,674.1999724999769,674.2042132000206,674.6566217000363,674.6566217000363,674.706678800052,675.2070365999825,,,,,675.2082222000463,675.7226324999938,675.7226324999938,676.2066558999941,,,,,,,,,,,,,,,,,,,,,,,,,,,,,,,,n,1,0.5446535999653861,None,m,1,0.48246630001813173,None,001499,001,2025-11-24_18h20.05.958,soloProject,,2025.1.1,59.96239158085313,2025-11-24 18h20.07.634660 +0530,
