Image,corr_res1,target,corr_res2,ss_compat,sr_compat,thisN,thisTrialN,thisRepN,key_resp.keys,key_resp.corr,key_resp.rt,key_resp.duration,key_resp_2.keys,key_resp_2.corr,key_resp_2.rt,key_resp_2.duration,trials_2.thisRepN,trials_2.thisTrialN,trials_2.thisN,trials_2.thisIndex,trials.thisRepN,trials.thisTrialN,trials.thisN,trials.thisIndex,trials_3.thisRepN,trials_3.thisTrialN,trials_3.thisN,trials_3.thisIndex,trials_4.thisRepN,trials_4.thisTrialN,trials_4.thisN,trials_4.thisIndex,thisRow.t,notes,instructions.started,text_2.started,key_resp_3.started,instructions.stopped,key_resp_3.keys,key_resp_3.rt,key_resp_3.duration,trial.started,fixation.started,image_prime.started,key_resp.started,fixation.stopped,trial.stopped,trials_2.key_resp.keys,trials_2.key_resp.corr,trials_2.key_resp.rt,trials_2.key_resp.duration,trial2.started,text.started,key_resp_2.started,trial2.stopped,trials_2.key_resp_2.keys,trials_2.key_resp_2.corr,trials_2.key_resp_2.rt,trials_2.key_resp_2.duration,begin.started,text_4.started,begin.stopped,trials.key_resp.keys,trials.key_resp.corr,trials.key_resp.rt,trials.key_resp.duration,trials.key_resp_2.keys,trials.key_resp_2.corr,trials.key_resp_2.rt,trials.key_resp_2.duration,instructions2.started,text_3.started,key_resp_4.started,instructions2.stopped,key_resp_4.keys,key_resp_4.rt,key_resp_4.duration,trials_3.key_resp.keys,trials_3.key_resp.corr,trials_3.key_resp.rt,trials_3.key_resp.duration,trials_3.key_resp_2.keys,trials_3.key_resp_2.corr,trials_3.key_resp_2.rt,trials_3.key_resp_2.duration,trials_4.key_resp.keys,trials_4.key_resp.corr,trials_4.key_resp.rt,trials_4.key_resp.duration,trials_4.key_resp_2.keys,trials_4.key_resp_2.corr,trials_4.key_resp_2.rt,trials_4.key_resp_2.duration,participant,session,date,expName,expVersion,psychopyVersion,frameRate,expStart,
,,,,,,,,,,,,,,,,,,,,,,,,,,,,,,,,,,,0.0029378000181168318,0.006459299998823553,0.006459299998823553,1.246329500048887,space,1.221057099988684,None,,,,,,,,,,,,,,,,,,,,,,,,,,,,,,,,,,,,,,,,,,,,,,,,,,,,,691899,001,2025-11-24_17h55.12.213,soloProject,,2025.1.1,59.867979137718244,2025-11-24 17h55.13.809378 +0530,
Faces/CFD-IF-601-519-N.jpg,n,doll,n,C,C,0,0,0,m,0,0.6537772999727167,None,n,1,0.675727800000459,None,0,0,0,1,,,,,,,,,,,,,1.3376514000119641,,,,,,,,,1.3299402000266127,1.3376514000119641,1.7479194000479765,1.7479194000479765,1.8482229000073858,2.4158071000128984,m,0,0.6537772999727167,None,2.4184659000020474,2.9309343000059016,2.9309343000059016,3.614827100012917,n,1,0.675727800000459,None,,,,,,,,,,,,,,,,,,,,,,,,,,,,,,,,,,,691899,001,2025-11-24_17h55.12.213,soloProject,,2025.1.1,59.867979137718244,2025-11-24 17h55.13.809378 +0530,
Faces/CFD-IF-601-519-N.jpg,n,perfume,n,C,C,1,1,0,n,1,0.5132988000405021,None,n,1,0.5050524999969639,None,0,1,1,0,,,,,,,,,,,,,3.6696855000336654,,,,,,,,,3.6643604999990202,3.6696855000336654,4.114774400019087,4.114774400019087,4.181371500017121,4.631749899999704,n,1,0.5132988000405021,None,4.633342800021637,5.130890700034797,5.130890700034797,5.648002100002486,n,1,0.5050524999969639,None,,,,,,,,,,,,,,,,,,,,,,,,,,,,,,,,,,,691899,001,2025-11-24_17h55.12.213,soloProject,,2025.1.1,59.867979137718244,2025-11-24 17h55.13.809378 +0530,
Faces/CFD-IF-602-134-N.jpg,n,beer,m,I,C,2,2,0,n,1,0.3542870999663137,None,m,1,0.46591869997791946,None,0,2,2,3,,,,,,,,,,,,,5.700515500037,,,,,,,,,5.695684300037101,5.700515500037,6.147914900036994,6.147914900036994,6.214717100025155,6.5155456000356935,n,1,0.3542870999663137,None,6.517149800027255,7.013925500039477,7.013925500039477,7.481293699995149,m,1,0.46591869997791946,None,,,,,,,,,,,,,,,,,,,,,,,,,,,,,,,,,,,691899,001,2025-11-24_17h55.12.213,soloProject,,2025.1.1,59.867979137718244,2025-11-24 17h55.13.809378 +0530,
Faces/CFD-IM-731-223-N.jpg,m,jewelry,n,I,C,3,3,0,m,1,0.47041200002422556,None,n,1,0.40269089996581897,None,0,3,3,11,,,,,,,,,,,,,7.532313900010195,,,,,,,,,7.5272543000173755,7.532313900010195,7.981296600017231,7.981296600017231,8.0324210000108,8.465073100000154,m,1,0.47041200002422556,None,8.46827300003497,8.980759600002784,8.980759600002784,9.397715500032064,n,1,0.40269089996581897,None,,,,,,,,,,,,,,,,,,,,,,,,,,,,,,,,,,,691899,001,2025-11-24_17h55.12.213,soloProject,,2025.1.1,59.867979137718244,2025-11-24 17h55.13.809378 +0530,
Faces/CFD-IM-728-041-N.jpg,m,cigar,m,C,C,4,4,0,n,0,0.3319986999849789,None,m,1,2.6505720999557525,None,0,4,4,7,,,,,,,,,,,,,9.451075500051957,,,,,,,,,9.446305599994957,9.451075500051957,9.898049800016452,9.898049800016452,9.964313200034667,10.231587000016589,n,0,0.3319986999849789,None,10.232706200040411,10.747847100021318,10.747847100021318,13.414791500021238,m,1,2.6505720999557525,None,,,,,,,,,,,,,,,,,,,,,,,,,,,,,,,,,,,691899,001,2025-11-24_17h55.12.213,soloProject,,2025.1.1,59.867979137718244,2025-11-24 17h55.13.809378 +0530,
Faces/CFD-IF-602-134-N.jpg,n,bowtie,m,I,C,5,5,0,n,1,0.5116810000035912,None,m,1,0.5135281999828294,None,0,5,5,5,,,,,,,,,,,,,13.465800500009209,,,,,,,,,13.460573500022292,13.465800500009209,13.914614500012249,13.914614500012249,13.980894400039688,14.43134569999529,n,1,0.5116810000035912,None,14.432584599999245,14.930638000019826,14.930638000019826,15.44733830000041,m,1,0.5135281999828294,None,,,,,,,,,,,,,,,,,,,,,,,,,,,,,,,,,,,691899,001,2025-11-24_17h55.12.213,soloProject,,2025.1.1,59.867979137718244,2025-11-24 17h55.13.809378 +0530,
Faces/CFD-IM-728-041-N.jpg,m,briefcase,m,C,C,6,6,0,m,1,1.6022778999758884,None,m,1,0.39164520002668723,None,0,6,6,6,,,,,,,,,,,,,15.49202060000971,,,,,,,,,15.487602400011383,15.49202060000971,15.94737350003561,15.94737350003561,15.997807600011583,17.564878900011536,m,1,1.6022778999758884,None,17.566199900000356,18.0801810999983,18.0801810999983,18.480919299996458,m,1,0.39164520002668723,None,,,,,,,,,,,,,,,,,,,,,,,,,,,,,,,,,,,691899,001,2025-11-24_17h55.12.213,soloProject,,2025.1.1,59.867979137718244,2025-11-24 17h55.13.809378 +0530,
Faces/CFD-IM-731-223-N.jpg,m,dress,n,I,C,7,7,0,m,1,0.4604555999976583,None,n,1,0.46339119999902323,None,0,7,7,9,,,,,,,,,,,,,18.529641100030858,,,,,,,,,18.524623600009363,18.529641100030858,18.98140530003002,18.98140530003002,19.030855700024404,19.44849650003016,m,1,0.4604555999976583,None,19.449805200041737,19.963953600032255,19.963953600032255,20.43110980000347,n,1,0.46339119999902323,None,,,,,,,,,,,,,,,,,,,,,,,,,,,,,,,,,,,691899,001,2025-11-24_17h55.12.213,soloProject,,2025.1.1,59.867979137718244,2025-11-24 17h55.13.809378 +0530,
Faces/CFD-IM-728-041-N.jpg,m,football,m,C,C,8,8,0,m,1,0.5587261999608018,None,m,1,0.38921739999204874,None,0,8,8,8,,,,,,,,,,,,,20.481512400030624,,,,,,,,,20.476356600003783,20.481512400030624,20.931000300042797,20.931000300042797,20.9811593000195,21.497926800046116,m,1,0.5587261999608018,None,21.499335500004236,21.996930900029838,21.996930900029838,22.397883800033014,m,1,0.38921739999204874,None,,,,,,,,,,,,,,,,,,,,,,,,,,,,,,,,,,,691899,001,2025-11-24_17h55.12.213,soloProject,,2025.1.1,59.867979137718244,2025-11-24 17h55.13.809378 +0530,
Faces/CFD-IF-602-134-N.jpg,n,hammer,m,I,C,9,9,0,n,1,1.5435213999589905,None,m,1,0.5609542999882251,None,0,9,9,4,,,,,,,,,,,,,22.44818080001278,,,,,,,,,22.44356980000157,22.44818080001278,22.89802890003193,22.89802890003193,22.947895400051493,24.448139600048307,n,1,1.5435213999589905,None,24.44939710001927,24.96385320002446,24.96385320002446,25.531887700024527,m,1,0.5609542999882251,None,,,,,,,,,,,,,,,,,,,,,,,,,,,,,,,,,,,691899,001,2025-11-24_17h55.12.213,soloProject,,2025.1.1,59.867979137718244,2025-11-24 17h55.13.809378 +0530,
Faces/CFD-IF-601-519-N.jpg,n,flower,n,C,C,10,10,0,n,1,0.6105133999953978,None,n,1,0.36249800003133714,None,0,10,10,2,,,,,,,,,,,,,25.580775500042364,,,,,,,,,25.576380300044548,25.580775500042364,26.047631499997806,26.047631499997806,26.08107860002201,26.664975600026082,n,1,0.6105133999953978,None,26.667057200043928,27.163995900016744,27.163995900016744,27.530540800013114,n,1,0.36249800003133714,None,,,,,,,,,,,,,,,,,,,,,,,,,,,,,,,,,,,691899,001,2025-11-24_17h55.12.213,soloProject,,2025.1.1,59.867979137718244,2025-11-24 17h55.13.809378 +0530,
Faces/CFD-IM-731-223-N.jpg,m,lipstick,n,I,C,11,11,0,m,1,0.3994691999978386,None,n,1,0.4992213999503292,None,0,11,11,10,,,,,,,,,,,,,27.57698860001983,,,,,,,,,27.572336800047196,27.57698860001983,28.031883100047708,28.031883100047708,28.081540300045162,28.431756800040603,m,1,0.3994691999978386,None,28.433198800019454,28.947215599997435,28.947215599997435,29.44797090004431,n,1,0.4992213999503292,None,,,,,,,,,,,,,,,,,,,,,,,,,,,,,,,,,,,691899,001,2025-11-24_17h55.12.213,soloProject,,2025.1.1,59.867979137718244,2025-11-24 17h55.13.809378 +0530,
,,,,,,,,,,,,,,,,,,,,,,,,,,,,,,,,,,,,,,,,,,,,,,,,,,,,,,,,,,,,29.4480457000318,29.464162799995393,30.95112440001685,,,,,,,,,,,,,,,,,,,,,,,,,,,,,,,,691899,001,2025-11-24_17h55.12.213,soloProject,,2025.1.1,59.867979137718244,2025-11-24 17h55.13.809378 +0530,
Faces/CFD-IM-731-223-N.jpg,m,beer,m,C,C,0,0,0,m,1,0.5296511999913491,None,m,1,0.38223659998038784,None,,,,,0,0,0,66,,,,,,,,,31.01598850003211,,,,,,,,,31.011298600002192,31.01598850003211,31.44847220001975,31.44847220001975,31.531332000042312,31.980983300018124,,,,,31.982161100022495,32.48028290004004,32.48028290004004,32.86407100001816,,,,,,,,m,1,0.5296511999913491,None,m,1,0.38223659998038784,None,,,,,,,,,,,,,,,,,,,,,,,,691899,001,2025-11-24_17h55.12.213,soloProject,,2025.1.1,59.867979137718244,2025-11-24 17h55.13.809378 +0530,
Faces/CFD-IM-736-361-N.jpg,m,perfume,n,I,C,1,1,0,m,1,0.4218758000060916,None,m,0,0.29834180005127564,None,,,,,0,1,1,102,,,,,,,,,32.91942620003829,,,,,,,,,32.91476870002225,32.91942620003829,33.36464260000503,33.36464260000503,33.43094980000751,33.79894460004289,,,,,33.80049900000449,34.314124800032005,34.314124800032005,34.61373560002539,,,,,,,,m,1,0.4218758000060916,None,m,0,0.29834180005127564,None,,,,,,,,,,,,,,,,,,,,,,,,691899,001,2025-11-24_17h55.12.213,soloProject,,2025.1.1,59.867979137718244,2025-11-24 17h55.13.809378 +0530,
Faces/CFD-IF-605-066-N.jpg,n,cigar,m,I,C,2,2,0,m,0,0.7035254000220448,None,n,0,0.8768519000150263,None,,,,,0,2,2,46,,,,,,,,,34.66670060000615,,,,,,,,,34.662192600022536,34.66670060000615,35.11430820001988,35.11430820001988,35.18113020004239,35.83161530003417,,,,,35.832961400039494,36.346922700002324,36.346922700002324,37.23083580000093,,,,,,,,m,0,0.7035254000220448,None,n,0,0.8768519000150263,None,,,,,,,,,,,,,,,,,,,,,,,,691899,001,2025-11-24_17h55.12.213,soloProject,,2025.1.1,59.867979137718244,2025-11-24 17h55.13.809378 +0530,
Faces/CFD-IM-728-041-N.jpg,m,beer,m,C,C,3,3,0,m,1,2.816112599975895,None,m,1,0.3861443999921903,None,,,,,0,3,3,60,,,,,,,,,37.28159510000842,,,,,,,,,37.27725240000291,37.28159510000842,37.73092430003453,37.73092430003453,37.78127370000584,40.548007100005634,,,,,40.54912250000052,41.047493000049144,41.047493000049144,41.447551000048406,,,,,,,,m,1,2.816112599975895,None,m,1,0.3861443999921903,None,,,,,,,,,,,,,,,,,,,,,,,,691899,001,2025-11-24_17h55.12.213,soloProject,,2025.1.1,59.867979137718244,2025-11-24 17h55.13.809378 +0530,
Faces/CFD-IM-738-191-N.jpg,m,football,m,C,C,4,4,0,m,1,0.4668476000078954,None,m,1,0.4480619999812916,None,,,,,0,4,4,83,,,,,,,,,41.50451360002626,,,,,,,,,41.500048300018534,41.50451360002626,41.96438489999855,41.96438489999855,42.01383380003972,42.43173420004314,,,,,42.433410300000105,42.94682960002683,42.94682960002683,43.39717640000163,,,,,,,,m,1,0.4668476000078954,None,m,1,0.4480619999812916,None,,,,,,,,,,,,,,,,,,,,,,,,691899,001,2025-11-24_17h55.12.213,soloProject,,2025.1.1,59.867979137718244,2025-11-24 17h55.13.809378 +0530,
Faces/CFD-IF-601-519-N.jpg,n,bowtie,m,I,C,5,5,0,n,1,0.45808700000634417,None,m,1,0.5098199000349268,None,,,,,0,5,5,32,,,,,,,,,43.44686540000839,,,,,,,,,43.441939200041816,43.44686540000839,43.89745420002146,43.89745420002146,43.94738910003798,44.36427780002123,,,,,44.36551600001985,44.86340370000107,44.86340370000107,45.3805338999955,,,,,,,,n,1,0.45808700000634417,None,m,1,0.5098199000349268,None,,,,,,,,,,,,,,,,,,,,,,,,691899,001,2025-11-24_17h55.12.213,soloProject,,2025.1.1,59.867979137718244,2025-11-24 17h55.13.809378 +0530,
Faces/CFD-IF-609-408-N.jpg,n,hammer,m,I,C,6,6,0,m,0,0.5552967000403441,None,m,1,0.5018725999980234,None,,,,,0,6,6,55,,,,,,,,,45.430097500036936,,,,,,,,,45.42546370002674,45.430097500036936,45.880710099998396,45.880710099998396,45.93074300000444,46.44737270002952,,,,,46.44851529999869,46.946630500024185,46.946630500024185,47.46379790001083,,,,,,,,m,0,0.5552967000403441,None,m,1,0.5018725999980234,None,,,,,,,,,,,,,,,,,,,,,,,,691899,001,2025-11-24_17h55.12.213,soloProject,,2025.1.1,59.867979137718244,2025-11-24 17h55.13.809378 +0530,
Faces/CFD-IM-731-223-N.jpg,m,briefcase,m,C,C,7,7,0,m,1,0.5171931000077166,None,m,1,0.4163417999516241,None,,,,,0,7,7,69,,,,,,,,,47.5098152999999,,,,,,,,,47.50534180004615,47.5098152999999,47.96391410002252,47.96391410002252,48.014113200013526,48.48132140003145,,,,,48.482755100005306,48.99720919999527,48.99720919999527,49.414087100012694,,,,,,,,m,1,0.5171931000077166,None,m,1,0.4163417999516241,None,,,,,,,,,,,,,,,,,,,,,,,,691899,001,2025-11-24_17h55.12.213,soloProject,,2025.1.1,59.867979137718244,2025-11-24 17h55.13.809378 +0530,
Faces/CFD-IF-608-390-N.jpg,n,lipstick,n,C,C,8,8,0,n,1,0.48150129994610325,None,n,1,0.5507879000506364,None,,,,,0,8,8,22,,,,,,,,,49.468753100023605,,,,,,,,,49.464042100007646,49.468753100023605,49.91436540003633,49.91436540003633,49.98096750001423,50.39788090001093,,,,,50.39928810001584,50.91333670000313,50.91333670000313,51.48061760002747,,,,,,,,n,1,0.48150129994610325,None,n,1,0.5507879000506364,None,,,,,,,,,,,,,,,,,,,,,,,,691899,001,2025-11-24_17h55.12.213,soloProject,,2025.1.1,59.867979137718244,2025-11-24 17h55.13.809378 +0530,
Faces/CFD-IF-605-066-N.jpg,n,football,m,I,C,9,9,0,m,0,0.979520799999591,None,m,1,0.4981143999611959,None,,,,,0,9,9,47,,,,,,,,,51.53148990002228,,,,,,,,,51.52698450000025,51.53148990002228,51.98099040001398,51.98099040001398,52.030859699996654,52.964442900032736,,,,,52.96596600004705,53.47971810004674,53.47971810004674,53.98028980003437,,,,,,,,m,0,0.979520799999591,None,m,1,0.4981143999611959,None,,,,,,,,,,,,,,,,,,,,,,,,691899,001,2025-11-24_17h55.12.213,soloProject,,2025.1.1,59.867979137718244,2025-11-24 17h55.13.809378 +0530,
Faces/CFD-IF-602-134-N.jpg,n,beer,m,I,C,10,10,0,n,1,0.6062830000300892,None,m,1,0.5518547000247054,None,,,,,0,10,10,36,,,,,,,,,54.03297759999987,,,,,,,,,54.02689660002943,54.03297759999987,54.48074440000346,54.48074440000346,54.54723250004463,55.097293900034856,,,,,55.09844620001968,55.59715280000819,55.59715280000819,56.163873600016814,,,,,,,,n,1,0.6062830000300892,None,m,1,0.5518547000247054,None,,,,,,,,,,,,,,,,,,,,,,,,691899,001,2025-11-24_17h55.12.213,soloProject,,2025.1.1,59.867979137718244,2025-11-24 17h55.13.809378 +0530,
Faces/CFD-IF-608-390-N.jpg,n,cigar,m,I,C,11,11,0,n,1,0.49189520004438236,None,m,1,0.5665291000041179,None,,,,,0,11,11,52,,,,,,,,,56.21522370004095,,,,,,,,,56.209144500026014,56.21522370004095,56.6638928000466,56.6638928000466,56.730525900027715,57.16431800002465,,,,,57.16568850004114,57.66368480003439,57.66368480003439,58.23060320003424,,,,,,,,n,1,0.49189520004438236,None,m,1,0.5665291000041179,None,,,,,,,,,,,,,,,,,,,,,,,,691899,001,2025-11-24_17h55.12.213,soloProject,,2025.1.1,59.867979137718244,2025-11-24 17h55.13.809378 +0530,
Faces/CFD-IM-739-012-N.jpg,m,hammer,m,C,C,12,12,0,n,0,0.4827166000031866,None,m,1,0.6462023999774829,None,,,,,0,12,12,85,,,,,,,,,58.28444820002187,,,,,,,,,58.2797825000016,58.28444820002187,58.730537299998105,58.730537299998105,58.796870600024704,59.21491520002019,,,,,59.2160978000029,59.73022170003969,59.73022170003969,60.38025840005139,,,,,,,,n,0,0.4827166000031866,None,m,1,0.6462023999774829,None,,,,,,,,,,,,,,,,,,,,,,,,691899,001,2025-11-24_17h55.12.213,soloProject,,2025.1.1,59.867979137718244,2025-11-24 17h55.13.809378 +0530,
Faces/CFD-IM-739-012-N.jpg,m,cigar,m,C,C,13,13,0,m,1,0.7961748999659903,None,m,1,0.4472203000332229,None,,,,,0,13,13,88,,,,,,,,,60.429869100044016,,,,,,,,,60.42513790004887,60.429869100044016,60.880196600046474,60.880196600046474,60.9310735000181,61.680929200025275,,,,,61.68234050000319,62.19656589999795,62.19656589999795,62.64709820004646,,,,,,,,m,1,0.7961748999659903,None,m,1,0.4472203000332229,None,,,,,,,,,,,,,,,,,,,,,,,,691899,001,2025-11-24_17h55.12.213,soloProject,,2025.1.1,59.867979137718244,2025-11-24 17h55.13.809378 +0530,
Faces/CFD-IF-602-134-N.jpg,n,lipstick,n,C,C,14,14,0,n,1,0.559153999958653,None,n,1,0.4507755999802612,None,,,,,0,14,14,10,,,,,,,,,62.69381770002656,,,,,,,,,62.68914400000358,62.69381770002656,63.147273800044786,63.147273800044786,63.19734519999474,63.71402010001475,,,,,63.71537350001745,64.21322730003158,64.21322730003158,64.680227200035,,,,,,,,n,1,0.559153999958653,None,n,1,0.4507755999802612,None,,,,,,,,,,,,,,,,,,,,,,,,691899,001,2025-11-24_17h55.12.213,soloProject,,2025.1.1,59.867979137718244,2025-11-24 17h55.13.809378 +0530,
Faces/CFD-IF-602-134-N.jpg,n,perfume,n,C,C,15,15,0,n,1,0.4611899000010453,None,m,0,0.40755099995294586,None,,,,,0,15,15,6,,,,,,,,,64.72875560005195,,,,,,,,,64.72466850001365,64.72875560005195,65.18015160004143,65.18015160004143,65.2306610000087,65.64739520003786,,,,,65.64875150000444,66.14672990003601,66.14672990003601,66.56346180004766,,,,,,,,n,1,0.4611899000010453,None,m,0,0.40755099995294586,None,,,,,,,,,,,,,,,,,,,,,,,,691899,001,2025-11-24_17h55.12.213,soloProject,,2025.1.1,59.867979137718244,2025-11-24 17h55.13.809378 +0530,
Faces/CFD-IM-739-012-N.jpg,m,bowtie,m,C,C,16,16,0,m,1,2.048793399997521,None,m,1,0.507719699991867,None,,,,,0,16,16,86,,,,,,,,,66.60984250000911,,,,,,,,,66.60522120003588,66.60984250000911,67.06383370002732,67.06383370002732,67.11367000004975,69.11392870004056,,,,,69.11524790001567,69.61353810003493,69.61353810003493,70.13051250000717,,,,,,,,m,1,2.048793399997521,None,m,1,0.507719699991867,None,,,,,,,,,,,,,,,,,,,,,,,,691899,001,2025-11-24_17h55.12.213,soloProject,,2025.1.1,59.867979137718244,2025-11-24 17h55.13.809378 +0530,
Faces/CFD-IM-738-191-N.jpg,m,jewelry,n,I,C,17,17,0,n,0,0.48174070002278313,None,m,0,0.38960639998549595,None,,,,,0,17,17,113,,,,,,,,,70.17636880005011,,,,,,,,,70.17181260004872,70.17636880005011,70.63122270000167,70.63122270000167,70.68039520003367,71.11388000001898,,,,,71.11524160002591,71.6132867000415,71.6132867000415,72.01369039999554,,,,,,,,n,0,0.48174070002278313,None,m,0,0.38960639998549595,None,,,,,,,,,,,,,,,,,,,,,,,,691899,001,2025-11-24_17h55.12.213,soloProject,,2025.1.1,59.867979137718244,2025-11-24 17h55.13.809378 +0530,
Faces/CFD-IM-731-223-N.jpg,m,flower,n,I,C,18,18,0,m,1,1.1839801999740303,None,n,1,0.44708980002906173,None,,,,,0,18,18,98,,,,,,,,,72.06187940004747,,,,,,,,,72.05727260001004,72.06187940004747,72.51334490004228,72.51334490004228,72.5638340000296,73.69782790000318,,,,,73.6993732000119,74.2127750000218,74.2127750000218,74.66350810002768,,,,,,,,m,1,1.1839801999740303,None,n,1,0.44708980002906173,None,,,,,,,,,,,,,,,,,,,,,,,,691899,001,2025-11-24_17h55.12.213,soloProject,,2025.1.1,59.867979137718244,2025-11-24 17h55.13.809378 +0530,
Faces/CFD-IM-728-041-N.jpg,m,doll,n,I,C,19,19,0,m,1,0.5034433000255376,None,m,0,0.5958518999977969,None,,,,,0,19,19,91,,,,,,,,,74.7128451000317,,,,,,,,,74.70849000004819,74.7128451000317,75.16362609999487,75.16362609999487,75.21364309999626,75.68040350003866,,,,,75.68175129999872,76.1795501000015,76.1795501000015,76.77987710002344,,,,,,,,m,1,0.5034433000255376,None,m,0,0.5958518999977969,None,,,,,,,,,,,,,,,,,,,,,,,,691899,001,2025-11-24_17h55.12.213,soloProject,,2025.1.1,59.867979137718244,2025-11-24 17h55.13.809378 +0530,
Faces/CFD-IM-728-041-N.jpg,m,football,m,C,C,20,20,0,m,1,0.5592564000398852,None,m,1,2.020167200011201,None,,,,,0,20,20,65,,,,,,,,,76.82858910004143,,,,,,,,,76.82394260005094,76.82858910004143,77.28060680005001,77.28060680005001,77.33035540004494,77.8476987000322,,,,,77.84965060005197,78.36330830003135,78.36330830003135,80.39693500002613,,,,,,,,m,1,0.5592564000398852,None,m,1,2.020167200011201,None,,,,,,,,,,,,,,,,,,,,,,,,691899,001,2025-11-24_17h55.12.213,soloProject,,2025.1.1,59.867979137718244,2025-11-24 17h55.13.809378 +0530,
Faces/CFD-IM-728-041-N.jpg,m,bowtie,m,C,C,21,21,0,m,1,0.4252229999983683,None,m,1,0.4321185000007972,None,,,,,0,21,21,62,,,,,,,,,80.44718740001554,,,,,,,,,80.44230350002181,80.44718740001554,80.89672479999717,80.89672479999717,80.94727010000497,81.33078560000286,,,,,81.33195940003498,81.82985620002728,81.82985620002728,82.26335020002443,,,,,,,,m,1,0.4252229999983683,None,m,1,0.4321185000007972,None,,,,,,,,,,,,,,,,,,,,,,,,691899,001,2025-11-24_17h55.12.213,soloProject,,2025.1.1,59.867979137718244,2025-11-24 17h55.13.809378 +0530,
Faces/CFD-IF-609-408-N.jpg,n,lipstick,n,C,C,22,22,0,n,1,0.45019180001690984,None,n,1,0.40125029999762774,None,,,,,0,22,22,28,,,,,,,,,82.31385480001336,,,,,,,,,82.30883870000253,82.31385480001336,82.76380800001789,82.76380800001789,82.81382490001852,83.21440100000473,,,,,83.21576760004973,83.72956500004511,83.72956500004511,84.14673940005014,,,,,,,,n,1,0.45019180001690984,None,n,1,0.40125029999762774,None,,,,,,,,,,,,,,,,,,,,,,,,691899,001,2025-11-24_17h55.12.213,soloProject,,2025.1.1,59.867979137718244,2025-11-24 17h55.13.809378 +0530,
Faces/CFD-IF-609-408-N.jpg,n,doll,n,C,C,23,23,0,n,1,0.356937000004109,None,n,1,0.38003989995922893,None,,,,,0,23,23,25,,,,,,,,,84.19296970003052,,,,,,,,,84.18836850003572,84.19296970003052,84.647114899999,84.647114899999,84.69716840004548,85.01417710003443,,,,,85.01554010005202,85.53011620003963,85.53011620003963,85.9132284000516,,,,,,,,n,1,0.356937000004109,None,n,1,0.38003989995922893,None,,,,,,,,,,,,,,,,,,,,,,,,691899,001,2025-11-24_17h55.12.213,soloProject,,2025.1.1,59.867979137718244,2025-11-24 17h55.13.809378 +0530,
Faces/CFD-IF-605-066-N.jpg,n,briefcase,m,I,C,24,24,0,n,1,0.3882649000152014,None,m,1,0.55673900002148,None,,,,,0,24,24,45,,,,,,,,,85.96330570004648,,,,,,,,,85.95811340003274,85.96330570004648,86.41379530000268,86.41379530000268,86.4636311000213,86.81361530005233,,,,,86.81487940001534,87.31282390002161,87.31282390002161,87.87989169999491,,,,,,,,n,1,0.3882649000152014,None,m,1,0.55673900002148,None,,,,,,,,,,,,,,,,,,,,,,,,691899,001,2025-11-24_17h55.12.213,soloProject,,2025.1.1,59.867979137718244,2025-11-24 17h55.13.809378 +0530,
Faces/CFD-IM-739-012-N.jpg,m,jewelry,n,I,C,25,25,0,n,0,0.3563156999880448,None,n,1,0.5309387999586761,None,,,,,0,25,25,119,,,,,,,,,87.92581720004091,,,,,,,,,87.9212507000193,87.92581720004091,88.3802757000085,88.3802757000085,88.43003089999547,88.74713020003401,,,,,88.74873370002024,89.26288450002903,89.26288450002903,89.79623890004586,,,,,,,,n,0,0.3563156999880448,None,n,1,0.5309387999586761,None,,,,,,,,,,,,,,,,,,,,,,,,691899,001,2025-11-24_17h55.12.213,soloProject,,2025.1.1,59.867979137718244,2025-11-24 17h55.13.809378 +0530,
Faces/CFD-IF-602-134-N.jpg,n,dress,n,C,C,26,26,0,n,1,0.37417620001360774,None,n,1,0.7974727000109851,None,,,,,0,26,26,9,,,,,,,,,89.84667290002108,,,,,,,,,89.84205830004066,89.84667290002108,90.29673850000836,90.29673850000836,90.3470057999948,90.68084300000919,,,,,90.6822895000223,91.19626920000883,91.19626920000883,91.99662480002735,,,,,,,,n,1,0.37417620001360774,None,n,1,0.7974727000109851,None,,,,,,,,,,,,,,,,,,,,,,,,691899,001,2025-11-24_17h55.12.213,soloProject,,2025.1.1,59.867979137718244,2025-11-24 17h55.13.809378 +0530,
Faces/CFD-IF-609-408-N.jpg,n,briefcase,m,I,C,27,27,0,n,1,0.6074393000453711,None,m,1,0.46834270004183054,None,,,,,0,27,27,57,,,,,,,,,92.04580100002931,,,,,,,,,92.04125560005195,92.04580100002931,92.49688910000259,92.49688910000259,92.54700760002015,93.11368790001143,,,,,93.11514390003867,93.61290450004162,93.61290450004162,94.09642850002274,,,,,,,,n,1,0.6074393000453711,None,m,1,0.46834270004183054,None,,,,,,,,,,,,,,,,,,,,,,,,691899,001,2025-11-24_17h55.12.213,soloProject,,2025.1.1,59.867979137718244,2025-11-24 17h55.13.809378 +0530,
Faces/CFD-IM-731-223-N.jpg,m,hammer,m,C,C,28,28,0,m,1,0.4912919999915175,None,m,1,0.4934990999754518,None,,,,,0,28,28,67,,,,,,,,,94.14653280004859,,,,,,,,,94.14158320002025,94.14653280004859,94.59697620000225,94.59697620000225,94.64655540004605,95.09723760001361,,,,,95.09846100001596,95.61271499999566,95.61271499999566,96.11323640000774,,,,,,,,m,1,0.4912919999915175,None,m,1,0.4934990999754518,None,,,,,,,,,,,,,,,,,,,,,,,,691899,001,2025-11-24_17h55.12.213,soloProject,,2025.1.1,59.867979137718244,2025-11-24 17h55.13.809378 +0530,
Faces/CFD-IM-739-012-N.jpg,m,lipstick,n,I,C,29,29,0,m,1,0.4102267000125721,None,m,0,0.27736420003930107,None,,,,,0,29,29,118,,,,,,,,,96.1641934000072,,,,,,,,,96.15970070002368,96.1641934000072,96.6135736000142,96.6135736000142,96.66354100004537,97.03056350001134,,,,,97.03183950000675,97.54640970000764,97.54640970000764,97.82967110001482,,,,,,,,m,1,0.4102267000125721,None,m,0,0.27736420003930107,None,,,,,,,,,,,,,,,,,,,,,,,,691899,001,2025-11-24_17h55.12.213,soloProject,,2025.1.1,59.867979137718244,2025-11-24 17h55.13.809378 +0530,
Faces/CFD-IF-602-134-N.jpg,n,jewelry,n,C,C,30,30,0,n,1,0.5890292999683879,None,n,1,0.4236057999660261,None,,,,,0,30,30,11,,,,,,,,,97.88137150002876,,,,,,,,,97.87688840000192,97.88137150002876,98.3302525000181,98.3302525000181,98.39690890000202,98.93050420004874,,,,,98.93226130004041,99.44637340004556,99.44637340004556,99.8795981000294,,,,,,,,n,1,0.5890292999683879,None,n,1,0.4236057999660261,None,,,,,,,,,,,,,,,,,,,,,,,,691899,001,2025-11-24_17h55.12.213,soloProject,,2025.1.1,59.867979137718244,2025-11-24 17h55.13.809378 +0530,
Faces/CFD-IF-601-519-N.jpg,n,briefcase,m,I,C,31,31,0,n,1,0.3774095000117086,None,m,1,0.5345533000072464,None,,,,,0,31,31,33,,,,,,,,,99.93044670001836,,,,,,,,,99.92607290000888,99.93044670001836,100.38006400002632,100.38006400002632,100.42959260003408,100.76416280004196,,,,,100.76556660002097,101.27967220003484,101.27967220003484,101.82968650001567,,,,,,,,n,1,0.3774095000117086,None,m,1,0.5345533000072464,None,,,,,,,,,,,,,,,,,,,,,,,,691899,001,2025-11-24_17h55.12.213,soloProject,,2025.1.1,59.867979137718244,2025-11-24 17h55.13.809378 +0530,
Faces/CFD-IF-601-519-N.jpg,n,doll,n,C,C,32,32,0,n,1,0.40602819999912754,None,n,1,0.5261032999842428,None,,,,,0,32,32,1,,,,,,,,,101.88093110005138,,,,,,,,,101.8766802000464,101.88093110005138,102.33085920003941,102.33085920003941,102.38021329999901,102.7476024000207,,,,,102.74891530000605,103.26299670001026,103.26299670001026,103.79625180002768,,,,,,,,n,1,0.40602819999912754,None,n,1,0.5261032999842428,None,,,,,,,,,,,,,,,,,,,,,,,,691899,001,2025-11-24_17h55.12.213,soloProject,,2025.1.1,59.867979137718244,2025-11-24 17h55.13.809378 +0530,
Faces/CFD-IF-601-519-N.jpg,n,football,m,I,C,33,33,0,n,1,0.38863199995830655,None,m,1,0.7536629000096582,None,,,,,0,33,33,35,,,,,,,,,103.8465039000148,,,,,,,,,103.8416137000313,103.8465039000148,104.2972160000354,104.2972160000354,104.34649000002537,104.6968773000408,,,,,104.6987810000428,105.1962984999991,105.1962984999991,105.96303850004915,,,,,,,,n,1,0.38863199995830655,None,m,1,0.7536629000096582,None,,,,,,,,,,,,,,,,,,,,,,,,691899,001,2025-11-24_17h55.12.213,soloProject,,2025.1.1,59.867979137718244,2025-11-24 17h55.13.809378 +0530,
Faces/CFD-IM-739-012-N.jpg,m,flower,n,I,C,34,34,0,m,1,0.4347729000146501,None,n,1,0.5633365000248887,None,,,,,0,34,34,116,,,,,,,,,106.01182320003863,,,,,,,,,106.00726890005171,106.01182320003863,106.46315960003994,106.46315960003994,106.51310830004513,106.91338070004713,,,,,106.91476880002301,107.41254720004508,107.41254720004508,107.97952839999925,,,,,,,,m,1,0.4347729000146501,None,n,1,0.5633365000248887,None,,,,,,,,,,,,,,,,,,,,,,,,691899,001,2025-11-24_17h55.12.213,soloProject,,2025.1.1,59.867979137718244,2025-11-24 17h55.13.809378 +0530,
Faces/CFD-IM-728-041-N.jpg,m,jewelry,n,I,C,35,35,0,m,1,0.3976863999851048,None,n,1,0.5655241999775171,None,,,,,0,35,35,95,,,,,,,,,108.0253738000174,,,,,,,,,108.02073109999765,108.0253738000174,108.48053670005174,108.48053670005174,108.52989669999806,108.88041480001993,,,,,108.88268570002401,109.39636190002784,109.39636190002784,109.96354700002121,,,,,,,,m,1,0.3976863999851048,None,n,1,0.5655241999775171,None,,,,,,,,,,,,,,,,,,,,,,,,691899,001,2025-11-24_17h55.12.213,soloProject,,2025.1.1,59.867979137718244,2025-11-24 17h55.13.809378 +0530,
Faces/CFD-IM-731-223-N.jpg,m,football,m,C,C,36,36,0,n,0,0.9074358000070788,None,m,1,0.5124221000005491,None,,,,,0,36,36,71,,,,,,,,,110.01328280003509,,,,,,,,,110.00849020003807,110.01328280003509,110.47401980002178,110.47401980002178,110.51332369999727,111.39710440003546,,,,,111.39861510001356,111.91280010004994,111.91280010004994,112.42925530002685,,,,,,,,n,0,0.9074358000070788,None,m,1,0.5124221000005491,None,,,,,,,,,,,,,,,,,,,,,,,,691899,001,2025-11-24_17h55.12.213,soloProject,,2025.1.1,59.867979137718244,2025-11-24 17h55.13.809378 +0530,
Faces/CFD-IF-601-519-N.jpg,n,cigar,m,I,C,37,37,0,n,1,0.9611469000228681,None,m,1,0.5983383999555372,None,,,,,0,37,37,34,,,,,,,,,112.47682340000756,,,,,,,,,112.47241919999942,112.47682340000756,112.9297249999945,112.9297249999945,112.98033099999884,113.89685650001047,,,,,113.8980652000173,114.39542200003052,114.39542200003052,114.99579770001583,,,,,,,,n,1,0.9611469000228681,None,m,1,0.5983383999555372,None,,,,,,,,,,,,,,,,,,,,,,,,691899,001,2025-11-24_17h55.12.213,soloProject,,2025.1.1,59.867979137718244,2025-11-24 17h55.13.809378 +0530,
Faces/CFD-IM-738-191-N.jpg,m,briefcase,m,C,C,38,38,0,m,1,0.4749647999997251,None,m,1,0.38407019997248426,None,,,,,0,38,38,81,,,,,,,,,115.04588140000124,,,,,,,,,115.04116670001531,115.04588140000124,115.49602900003083,115.49602900003083,115.54579840000952,115.97990750003373,,,,,115.98117370001273,116.47864700003993,116.47864700003993,116.87890890002018,,,,,,,,m,1,0.4749647999997251,None,m,1,0.38407019997248426,None,,,,,,,,,,,,,,,,,,,,,,,,691899,001,2025-11-24_17h55.12.213,soloProject,,2025.1.1,59.867979137718244,2025-11-24 17h55.13.809378 +0530,
Faces/CFD-IM-728-041-N.jpg,m,flower,n,I,C,39,39,0,m,1,0.4553163999808021,None,n,1,0.49644269997952506,None,,,,,0,39,39,92,,,,,,,,,116.92917690001195,,,,,,,,,116.92430210002931,116.92917690001195,117.37952170002973,117.37952170002973,117.43116580002243,117.84638320002705,,,,,117.8477758000372,118.34626850002678,118.34626850002678,118.84654260001844,,,,,,,,m,1,0.4553163999808021,None,n,1,0.49644269997952506,None,,,,,,,,,,,,,,,,,,,,,,,,691899,001,2025-11-24_17h55.12.213,soloProject,,2025.1.1,59.867979137718244,2025-11-24 17h55.13.809378 +0530,
Faces/CFD-IM-736-361-N.jpg,m,beer,m,C,C,40,40,0,m,1,1.1589890000177547,None,m,1,0.5038163000135683,None,,,,,0,40,40,72,,,,,,,,,118.89723010000307,,,,,,,,,118.89186190004693,118.89723010000307,119.36323670001002,119.36323670001002,119.3966704000486,120.52979360002792,,,,,120.53087420004886,121.02935930003878,121.02935930003878,121.54589040001156,,,,,,,,m,1,1.1589890000177547,None,m,1,0.5038163000135683,None,,,,,,,,,,,,,,,,,,,,,,,,691899,001,2025-11-24_17h55.12.213,soloProject,,2025.1.1,59.867979137718244,2025-11-24 17h55.13.809378 +0530,
Faces/CFD-IF-601-519-N.jpg,n,beer,m,I,C,41,41,0,n,1,0.6409191000275314,None,m,1,0.47884669998893514,None,,,,,0,41,41,30,,,,,,,,,121.59744169999612,,,,,,,,,121.59167210001033,121.59744169999612,122.04689769999823,122.04689769999823,122.09624270000495,122.69678790000034,,,,,122.69682990002912,123.21248320001177,123.21248320001177,123.69588000001386,,,,,,,,n,1,0.6409191000275314,None,m,1,0.47884669998893514,None,,,,,,,,,,,,,,,,,,,,,,,,691899,001,2025-11-24_17h55.12.213,soloProject,,2025.1.1,59.867979137718244,2025-11-24 17h55.13.809378 +0530,
Faces/CFD-IM-736-361-N.jpg,m,briefcase,m,C,C,42,42,0,m,1,0.7172599000041373,None,m,1,0.6490028999978676,None,,,,,0,42,42,75,,,,,,,,,123.74227180000162,,,,,,,,,123.73782790004043,123.74227180000162,124.19663010002114,124.19663010002114,124.24679430003744,124.9298936999985,,,,,124.93145490001189,125.42973440000787,125.42973440000787,126.0793449000339,,,,,,,,m,1,0.7172599000041373,None,m,1,0.6490028999978676,None,,,,,,,,,,,,,,,,,,,,,,,,691899,001,2025-11-24_17h55.12.213,soloProject,,2025.1.1,59.867979137718244,2025-11-24 17h55.13.809378 +0530,
Faces/CFD-IM-738-191-N.jpg,m,beer,m,C,C,43,43,0,m,1,0.48957889998564497,None,m,1,0.4473644000245258,None,,,,,0,43,43,78,,,,,,,,,126.12918889999855,,,,,,,,,126.12401880003745,126.12918889999855,126.580905800045,126.580905800045,126.63010730000678,127.08061200001976,,,,,127.08167250000406,127.59598780004308,127.59598780004308,128.04610910004703,,,,,,,,m,1,0.48957889998564497,None,m,1,0.4473644000245258,None,,,,,,,,,,,,,,,,,,,,,,,,691899,001,2025-11-24_17h55.12.213,soloProject,,2025.1.1,59.867979137718244,2025-11-24 17h55.13.809378 +0530,
Faces/CFD-IF-608-390-N.jpg,n,beer,m,I,C,44,44,0,n,1,0.4339613000047393,None,m,1,0.5830137999728322,None,,,,,0,44,44,48,,,,,,,,,128.09472960000858,,,,,,,,,128.09019340004306,128.09472960000858,128.5459180000471,128.5459180000471,128.59613680001348,128.99631280003814,,,,,128.99636940000346,129.4956842000247,129.4956842000247,130.07909850002034,,,,,,,,n,1,0.4339613000047393,None,m,1,0.5830137999728322,None,,,,,,,,,,,,,,,,,,,,,,,,691899,001,2025-11-24_17h55.12.213,soloProject,,2025.1.1,59.867979137718244,2025-11-24 17h55.13.809378 +0530,
Faces/CFD-IF-602-134-N.jpg,n,doll,n,C,C,45,45,0,n,1,0.44129059999249876,None,m,0,0.4518644000054337,None,,,,,0,45,45,7,,,,,,,,,130.12948420003522,,,,,,,,,130.12491170002613,130.12948420003522,130.57932120002806,130.57932120002806,130.6293220000225,131.03049410000676,,,,,131.03168730001198,131.54651870002272,131.54651870002272,132.0125317000202,,,,,,,,n,1,0.44129059999249876,None,m,0,0.4518644000054337,None,,,,,,,,,,,,,,,,,,,,,,,,691899,001,2025-11-24_17h55.12.213,soloProject,,2025.1.1,59.867979137718244,2025-11-24 17h55.13.809378 +0530,
Faces/CFD-IF-601-519-N.jpg,n,hammer,m,I,C,46,46,0,m,0,2.7498741000308655,None,m,1,0.5113677000044845,None,,,,,0,46,46,31,,,,,,,,,132.06543410004815,,,,,,,,,132.0606310000294,132.06543410004815,132.51315010001417,132.51315010001417,132.57994110003347,135.28027930000098,,,,,135.28146770002786,135.7786400000332,135.7786400000332,136.29577840003185,,,,,,,,m,0,2.7498741000308655,None,m,1,0.5113677000044845,None,,,,,,,,,,,,,,,,,,,,,,,,691899,001,2025-11-24_17h55.12.213,soloProject,,2025.1.1,59.867979137718244,2025-11-24 17h55.13.809378 +0530,
Faces/CFD-IF-602-134-N.jpg,n,flower,n,C,C,47,47,0,n,1,0.8288442000048235,None,n,1,0.46847879997221753,None,,,,,0,47,47,8,,,,,,,,,136.34628800000064,,,,,,,,,136.340586300008,136.34628800000064,136.79626140004257,136.79626140004257,136.84647510002833,137.63006060000043,,,,,137.63195370003814,138.14535240002442,138.14535240002442,138.62912160000997,,,,,,,,n,1,0.8288442000048235,None,n,1,0.46847879997221753,None,,,,,,,,,,,,,,,,,,,,,,,,691899,001,2025-11-24_17h55.12.213,soloProject,,2025.1.1,59.867979137718244,2025-11-24 17h55.13.809378 +0530,
Faces/CFD-IM-739-012-N.jpg,m,dress,n,I,C,48,48,0,m,1,0.858745799981989,None,n,1,2.308760899992194,None,,,,,0,48,48,117,,,,,,,,,138.67983410001034,,,,,,,,,138.67497900000308,138.67983410001034,139.129502900003,139.129502900003,139.17923750000773,139.9971512000193,,,,,139.99847230000887,140.49553660000674,140.49553660000674,142.8121308000409,,,,,,,,m,1,0.858745799981989,None,n,1,2.308760899992194,None,,,,,,,,,,,,,,,,,,,,,,,,691899,001,2025-11-24_17h55.12.213,soloProject,,2025.1.1,59.867979137718244,2025-11-24 17h55.13.809378 +0530,
Faces/CFD-IF-609-408-N.jpg,n,perfume,n,C,C,49,49,0,n,1,0.6951389000169002,None,n,1,0.3564181000110693,None,,,,,0,49,49,24,,,,,,,,,142.86350030003814,,,,,,,,,142.85895350005012,142.86350030003814,143.3126633000211,143.3126633000211,143.37996790005127,144.01339830004144,,,,,144.01508700003615,144.5285805000458,144.5285805000458,144.89580320002278,,,,,,,,n,1,0.6951389000169002,None,n,1,0.3564181000110693,None,,,,,,,,,,,,,,,,,,,,,,,,691899,001,2025-11-24_17h55.12.213,soloProject,,2025.1.1,59.867979137718244,2025-11-24 17h55.13.809378 +0530,
Faces/CFD-IM-738-191-N.jpg,m,hammer,m,C,C,50,50,0,m,1,0.5135635000187904,None,m,1,0.442107799986843,None,,,,,0,50,50,79,,,,,,,,,144.94626870000502,,,,,,,,,144.94102070003282,144.94626870000502,145.39667929999996,145.39667929999996,145.44638630002737,145.9133223000099,,,,,145.91457750002155,146.41228490002686,146.41228490002686,146.86323770001763,,,,,,,,m,1,0.5135635000187904,None,m,1,0.442107799986843,None,,,,,,,,,,,,,,,,,,,,,,,,691899,001,2025-11-24_17h55.12.213,soloProject,,2025.1.1,59.867979137718244,2025-11-24 17h55.13.809378 +0530,
Faces/CFD-IM-738-191-N.jpg,m,cigar,m,C,C,51,51,0,m,1,0.38841479999246076,None,m,1,0.5005006000283174,None,,,,,0,51,51,82,,,,,,,,,146.91198790003546,,,,,,,,,146.90731090004556,146.91198790003546,147.37892680004006,147.37892680004006,147.41236850002315,147.77942249999614,,,,,147.78078270005062,148.27839120000135,148.27839120000135,148.77934880001703,,,,,,,,m,1,0.38841479999246076,None,m,1,0.5005006000283174,None,,,,,,,,,,,,,,,,,,,,,,,,691899,001,2025-11-24_17h55.12.213,soloProject,,2025.1.1,59.867979137718244,2025-11-24 17h55.13.809378 +0530,
Faces/CFD-IM-738-191-N.jpg,m,lipstick,n,I,C,52,52,0,m,1,0.3862381000071764,None,n,1,0.5036361000384204,None,,,,,0,52,52,112,,,,,,,,,148.83270090003498,,,,,,,,,148.8280722000054,148.83270090003498,149.2796371000004,149.2796371000004,149.3464498000103,149.6801809000317,,,,,149.6817855000263,150.1951212999993,150.1951212999993,150.712485200027,,,,,,,,m,1,0.3862381000071764,None,n,1,0.5036361000384204,None,,,,,,,,,,,,,,,,,,,,,,,,691899,001,2025-11-24_17h55.12.213,soloProject,,2025.1.1,59.867979137718244,2025-11-24 17h55.13.809378 +0530,
Faces/CFD-IF-605-066-N.jpg,n,jewelry,n,C,C,53,53,0,n,1,0.5191809999523684,None,n,1,0.3777648000395857,None,,,,,0,53,53,17,,,,,,,,,150.76444739999715,,,,,,,,,150.75803340005223,150.76444739999715,151.21251100004883,151.21251100004883,151.28027350001503,151.74598320003133,,,,,151.74734719999833,152.24507340003038,152.24507340003038,152.62889700004598,,,,,,,,n,1,0.5191809999523684,None,n,1,0.3777648000395857,None,,,,,,,,,,,,,,,,,,,,,,,,691899,001,2025-11-24_17h55.12.213,soloProject,,2025.1.1,59.867979137718244,2025-11-24 17h55.13.809378 +0530,
Faces/CFD-IF-605-066-N.jpg,n,beer,m,I,C,54,54,0,n,1,0.41182639996986836,None,m,1,0.5140030999900773,None,,,,,0,54,54,42,,,,,,,,,152.6813201000332,,,,,,,,,152.6768653000472,152.6813201000332,153.1290116000455,153.1290116000455,153.19638060004218,153.54585580003913,,,,,153.54780180001399,154.04517400002806,154.04517400002806,154.56188950000796,,,,,,,,n,1,0.41182639996986836,None,m,1,0.5140030999900773,None,,,,,,,,,,,,,,,,,,,,,,,,691899,001,2025-11-24_17h55.12.213,soloProject,,2025.1.1,59.867979137718244,2025-11-24 17h55.13.809378 +0530,
Faces/CFD-IF-605-066-N.jpg,n,dress,n,C,C,55,55,0,n,1,0.3989978000172414,None,n,1,0.45998330001020804,None,,,,,0,55,55,15,,,,,,,,,154.6163513000356,,,,,,,,,154.61042270000326,154.6163513000356,155.0623181000119,155.0623181000119,155.12946000002557,155.46262560004834,,,,,155.46376450004755,155.96177490003174,155.96177490003174,156.42931690003024,,,,,,,,n,1,0.3989978000172414,None,n,1,0.45998330001020804,None,,,,,,,,,,,,,,,,,,,,,,,,691899,001,2025-11-24_17h55.12.213,soloProject,,2025.1.1,59.867979137718244,2025-11-24 17h55.13.809378 +0530,
Faces/CFD-IM-738-191-N.jpg,m,dress,n,I,C,56,56,0,m,1,0.49484930001199245,None,n,1,0.628325900004711,None,,,,,0,56,56,111,,,,,,,,,156.47912240005098,,,,,,,,,156.47459030000027,156.47912240005098,156.92909099999815,156.92909099999815,156.97894170001382,157.43035120004788,,,,,157.43040490004933,157.94485860003624,157.94485860003624,158.57948860002216,,,,,,,,m,1,0.49484930001199245,None,n,1,0.628325900004711,None,,,,,,,,,,,,,,,,,,,,,,,,691899,001,2025-11-24_17h55.12.213,soloProject,,2025.1.1,59.867979137718244,2025-11-24 17h55.13.809378 +0530,
Faces/CFD-IM-731-223-N.jpg,m,cigar,m,C,C,57,57,0,m,1,0.4697864999761805,None,m,1,0.5704031999921426,None,,,,,0,57,57,70,,,,,,,,,158.63499320001574,,,,,,,,,158.6300791000249,158.63499320001574,159.095730800007,159.095730800007,159.14565120002953,159.57917710003676,,,,,159.58055440004682,160.07897530001355,160.07897530001355,160.66217300004791,,,,,,,,m,1,0.4697864999761805,None,m,1,0.5704031999921426,None,,,,,,,,,,,,,,,,,,,,,,,,691899,001,2025-11-24_17h55.12.213,soloProject,,2025.1.1,59.867979137718244,2025-11-24 17h55.13.809378 +0530,
Faces/CFD-IF-608-390-N.jpg,n,briefcase,m,I,C,58,58,0,n,1,0.3070778999826871,None,m,1,0.5433528000139631,None,,,,,0,58,58,51,,,,,,,,,160.71831530000782,,,,,,,,,160.71385160001228,160.71831530000782,161.16234830004396,161.16234830004396,161.2292460000026,161.47909320000326,,,,,161.48029989999486,161.9788636000012,161.9788636000012,162.52905200002715,,,,,,,,n,1,0.3070778999826871,None,m,1,0.5433528000139631,None,,,,,,,,,,,,,,,,,,,,,,,,691899,001,2025-11-24_17h55.12.213,soloProject,,2025.1.1,59.867979137718244,2025-11-24 17h55.13.809378 +0530,
Faces/CFD-IM-731-223-N.jpg,m,lipstick,n,I,C,59,59,0,m,1,0.41960520000429824,None,n,1,0.49730230000568554,None,,,,,0,59,59,100,,,,,,,,,162.58428830001503,,,,,,,,,162.57955970003968,162.58428830001503,163.04556630004663,163.04556630004663,163.09590970003046,163.47923650004668,,,,,163.48108769999817,163.9948899000301,163.9948899000301,164.49530660000164,,,,,,,,m,1,0.41960520000429824,None,n,1,0.49730230000568554,None,,,,,,,,,,,,,,,,,,,,,,,,691899,001,2025-11-24_17h55.12.213,soloProject,,2025.1.1,59.867979137718244,2025-11-24 17h55.13.809378 +0530,
Faces/CFD-IM-738-191-N.jpg,m,bowtie,m,C,C,60,60,0,m,1,0.4887275999644771,None,m,1,0.5543337999843061,None,,,,,0,60,60,80,,,,,,,,,164.54832940001506,,,,,,,,,164.54349920002278,164.54832940001506,164.99608130002161,164.99608130002161,165.06206650001695,165.4961613000487,,,,,165.4973571000155,166.01140320004197,166.01140320004197,166.57842550001806,,,,,,,,m,1,0.4887275999644771,None,m,1,0.5543337999843061,None,,,,,,,,,,,,,,,,,,,,,,,,691899,001,2025-11-24_17h55.12.213,soloProject,,2025.1.1,59.867979137718244,2025-11-24 17h55.13.809378 +0530,
Faces/CFD-IF-608-390-N.jpg,n,jewelry,n,C,C,61,61,0,n,1,0.487660999991931,None,n,1,1.1528626999934204,None,,,,,0,61,61,23,,,,,,,,,166.6323530000518,,,,,,,,,166.6275399000151,166.6323530000518,167.078651799995,167.078651799995,167.14522030000808,167.58001870004227,,,,,167.58195070002694,168.09537809999892,168.09537809999892,169.26242760004243,,,,,,,,n,1,0.487660999991931,None,n,1,1.1528626999934204,None,,,,,,,,,,,,,,,,,,,,,,,,691899,001,2025-11-24_17h55.12.213,soloProject,,2025.1.1,59.867979137718244,2025-11-24 17h55.13.809378 +0530,
Faces/CFD-IF-602-134-N.jpg,n,briefcase,m,I,C,62,62,0,n,1,0.45709189999615774,None,m,1,0.46753159997751936,None,,,,,0,62,62,39,,,,,,,,,169.31830390001414,,,,,,,,,169.313445900043,169.31830390001414,169.778786400042,169.778786400042,169.82876880001277,170.24567950004712,,,,,170.24726020003436,170.74557170004118,170.74557170004118,171.2282574000419,,,,,,,,n,1,0.45709189999615774,None,m,1,0.46753159997751936,None,,,,,,,,,,,,,,,,,,,,,,,,691899,001,2025-11-24_17h55.12.213,soloProject,,2025.1.1,59.867979137718244,2025-11-24 17h55.13.809378 +0530,
Faces/CFD-IM-738-191-N.jpg,m,perfume,n,I,C,63,63,0,m,1,0.49639260000549257,None,n,1,0.8159352000220679,None,,,,,0,63,63,108,,,,,,,,,171.2789946999983,,,,,,,,,171.27433490002295,171.2789946999983,171.7291785000125,171.7291785000125,171.77912320004543,172.23024090001127,,,,,172.23155060003046,172.7447955000098,172.7447955000098,173.56218170002103,,,,,,,,m,1,0.49639260000549257,None,n,1,0.8159352000220679,None,,,,,,,,,,,,,,,,,,,,,,,,691899,001,2025-11-24_17h55.12.213,soloProject,,2025.1.1,59.867979137718244,2025-11-24 17h55.13.809378 +0530,
Faces/CFD-IM-728-041-N.jpg,m,briefcase,m,C,C,64,64,0,m,1,0.8440987999783829,None,m,1,0.31360479997238144,None,,,,,0,64,64,63,,,,,,,,,173.61606080003548,,,,,,,,,173.6108870000462,173.61606080003548,174.06234689999837,174.06234689999837,174.12947790004546,174.9129290000419,,,,,174.9146193000488,175.42819920001784,175.42819920001784,175.7450224000495,,,,,,,,m,1,0.8440987999783829,None,m,1,0.31360479997238144,None,,,,,,,,,,,,,,,,,,,,,,,,691899,001,2025-11-24_17h55.12.213,soloProject,,2025.1.1,59.867979137718244,2025-11-24 17h55.13.809378 +0530,
Faces/CFD-IF-608-390-N.jpg,n,bowtie,m,I,C,65,65,0,n,1,0.37777070002630353,None,m,1,0.5923346999916248,None,,,,,0,65,65,50,,,,,,,,,175.79853870003717,,,,,,,,,175.7935439000139,175.79853870003717,176.24606800003676,176.24606800003676,176.31200680002803,176.62985470000422,,,,,176.6310371000436,177.14483330002986,177.14483330002986,177.7449308000505,,,,,,,,n,1,0.37777070002630353,None,m,1,0.5923346999916248,None,,,,,,,,,,,,,,,,,,,,,,,,691899,001,2025-11-24_17h55.12.213,soloProject,,2025.1.1,59.867979137718244,2025-11-24 17h55.13.809378 +0530,
Faces/CFD-IM-728-041-N.jpg,m,hammer,m,C,C,66,66,0,m,1,2.232545900042169,None,m,1,0.3933013000059873,None,,,,,0,66,66,61,,,,,,,,,177.79704150004545,,,,,,,,,177.79179760004627,177.79704150004545,178.24521320004715,178.24521320004715,178.3118718000478,180.47901350003667,,,,,180.48020580003504,180.97798150003655,180.97798150003655,181.37856280000415,,,,,,,,m,1,2.232545900042169,None,m,1,0.3933013000059873,None,,,,,,,,,,,,,,,,,,,,,,,,691899,001,2025-11-24_17h55.12.213,soloProject,,2025.1.1,59.867979137718244,2025-11-24 17h55.13.809378 +0530,
Faces/CFD-IF-602-134-N.jpg,n,football,m,I,C,67,67,0,n,1,0.44840340001974255,None,m,1,0.47998539998661727,None,,,,,0,67,67,41,,,,,,,,,181.42659630003618,,,,,,,,,181.42179260001285,181.42659630003618,181.8790271000471,181.8790271000471,181.92868200002704,182.33327410003403,,,,,182.3346397000132,182.8447844000184,182.8447844000184,183.32865530002164,,,,,,,,n,1,0.44840340001974255,None,m,1,0.47998539998661727,None,,,,,,,,,,,,,,,,,,,,,,,,691899,001,2025-11-24_17h55.12.213,soloProject,,2025.1.1,59.867979137718244,2025-11-24 17h55.13.809378 +0530,
Faces/CFD-IF-602-134-N.jpg,n,cigar,m,I,C,68,68,0,n,1,0.8321154000004753,None,m,1,0.5098549000103958,None,,,,,0,68,68,40,,,,,,,,,183.37786950002192,,,,,,,,,183.37266430002637,183.37786950002192,183.8285320000141,183.8285320000141,183.8782102999976,184.6626178000006,,,,,184.66380340000615,185.17843590001576,185.17843590001576,185.69540910003707,,,,,,,,n,1,0.8321154000004753,None,m,1,0.5098549000103958,None,,,,,,,,,,,,,,,,,,,,,,,,691899,001,2025-11-24_17h55.12.213,soloProject,,2025.1.1,59.867979137718244,2025-11-24 17h55.13.809378 +0530,
Faces/CFD-IF-605-066-N.jpg,n,bowtie,m,I,C,69,69,0,n,1,0.4989310999517329,None,m,1,0.4394608999718912,None,,,,,0,69,69,44,,,,,,,,,185.7394080000231,,,,,,,,,185.73491320002358,185.7394080000231,186.19533380004577,186.19533380004577,186.24486830004025,186.69533380004577,,,,,186.69659800000954,187.19467340002302,187.19467340002302,187.6453651000047,,,,,,,,n,1,0.4989310999517329,None,m,1,0.4394608999718912,None,,,,,,,,,,,,,,,,,,,,,,,,691899,001,2025-11-24_17h55.12.213,soloProject,,2025.1.1,59.867979137718244,2025-11-24 17h55.13.809378 +0530,
Faces/CFD-IF-609-408-N.jpg,n,jewelry,n,C,C,70,70,0,n,1,0.6506985999876633,None,n,1,0.46615410002414137,None,,,,,0,70,70,29,,,,,,,,,187.6916523000109,,,,,,,,,187.6866915000137,187.6916523000109,188.14498100004857,188.14498100004857,188.19554320001043,188.79619210003875,,,,,188.79785510001238,189.31159009999828,189.31159009999828,189.7781774000032,,,,,,,,n,1,0.6506985999876633,None,n,1,0.46615410002414137,None,,,,,,,,,,,,,,,,,,,,,,,,691899,001,2025-11-24_17h55.12.213,soloProject,,2025.1.1,59.867979137718244,2025-11-24 17h55.13.809378 +0530,
Faces/CFD-IF-608-390-N.jpg,n,football,m,I,C,71,71,0,n,1,0.5424881000071764,None,m,1,1.095155999995768,None,,,,,0,71,71,53,,,,,,,,,189.8273341000313,,,,,,,,,189.82325090002269,189.8273341000313,190.27859560004435,190.27859560004435,190.32873160002055,190.828525000019,,,,,190.8298763000057,191.32801370002562,191.32801370002562,192.4285582000157,,,,,,,,n,1,0.5424881000071764,None,m,1,1.095155999995768,None,,,,,,,,,,,,,,,,,,,,,,,,691899,001,2025-11-24_17h55.12.213,soloProject,,2025.1.1,59.867979137718244,2025-11-24 17h55.13.809378 +0530,
Faces/CFD-IM-736-361-N.jpg,m,lipstick,n,I,C,72,72,0,m,1,1.0861098999739625,None,n,1,0.43904939998174086,None,,,,,0,72,72,106,,,,,,,,,192.47398470004555,,,,,,,,,192.46894650004106,192.47398470004555,192.92878030001884,192.92878030001884,192.9784287000075,194.0287884999998,,,,,194.03031330002705,194.52787400002126,194.52787400002126,194.97850810003,,,,,,,,m,1,1.0861098999739625,None,n,1,0.43904939998174086,None,,,,,,,,,,,,,,,,,,,,,,,,691899,001,2025-11-24_17h55.12.213,soloProject,,2025.1.1,59.867979137718244,2025-11-24 17h55.13.809378 +0530,
Faces/CFD-IM-739-012-N.jpg,m,briefcase,m,C,C,73,73,0,m,1,0.4711138000129722,None,m,1,0.6568705000099726,None,,,,,0,73,73,87,,,,,,,,,195.02446840004995,,,,,,,,,195.01971710001817,195.02446840004995,195.47843580000335,195.47843580000335,195.52840700000525,195.96223490004195,,,,,195.96355800004676,196.46131100005005,196.46131100005005,197.12849080003798,,,,,,,,m,1,0.4711138000129722,None,m,1,0.6568705000099726,None,,,,,,,,,,,,,,,,,,,,,,,,691899,001,2025-11-24_17h55.12.213,soloProject,,2025.1.1,59.867979137718244,2025-11-24 17h55.13.809378 +0530,
Faces/CFD-IM-736-361-N.jpg,m,doll,n,I,C,74,74,0,m,1,0.4124045000062324,None,n,1,0.5519152999622747,None,,,,,0,74,74,103,,,,,,,,,197.17611160001252,,,,,,,,,197.17152880004141,197.17611160001252,197.6284281000262,197.6284281000262,197.67874659999507,198.0456897999975,,,,,198.0470509000006,198.56129939999664,198.56129939999664,199.1286204000353,,,,,,,,m,1,0.4124045000062324,None,n,1,0.5519152999622747,None,,,,,,,,,,,,,,,,,,,,,,,,691899,001,2025-11-24_17h55.12.213,soloProject,,2025.1.1,59.867979137718244,2025-11-24 17h55.13.809378 +0530,
Faces/CFD-IM-739-012-N.jpg,m,beer,m,C,C,75,75,0,m,1,0.5286866000387818,None,m,1,0.7124222000129521,None,,,,,0,75,75,84,,,,,,,,,199.17197110003326,,,,,,,,,199.16714430000866,199.17197110003326,199.62831830000505,199.62831830000505,199.6783112999983,200.16233710001688,,,,,200.16346780001186,200.67813730001217,200.67813730001217,201.39514620002592,,,,,,,,m,1,0.5286866000387818,None,m,1,0.7124222000129521,None,,,,,,,,,,,,,,,,,,,,,,,,691899,001,2025-11-24_17h55.12.213,soloProject,,2025.1.1,59.867979137718244,2025-11-24 17h55.13.809378 +0530,
Faces/CFD-IF-605-066-N.jpg,n,lipstick,n,C,C,76,76,0,n,1,0.4124689999734983,None,n,1,0.4433089999947697,None,,,,,0,76,76,16,,,,,,,,,201.4406976000173,,,,,,,,,201.43568470003083,201.4406976000173,201.89501750003546,201.89501750003546,201.94484750000993,202.31187770003453,,,,,202.31337390001863,202.8111321000033,202.8111321000033,203.26144160004333,,,,,,,,n,1,0.4124689999734983,None,n,1,0.4433089999947697,None,,,,,,,,,,,,,,,,,,,,,,,,691899,001,2025-11-24_17h55.12.213,soloProject,,2025.1.1,59.867979137718244,2025-11-24 17h55.13.809378 +0530,
Faces/CFD-IF-608-390-N.jpg,n,perfume,n,C,C,77,77,0,n,1,0.3537804000079632,None,n,1,0.5318609999958426,None,,,,,0,77,77,18,,,,,,,,,203.3098460000474,,,,,,,,,203.30529129999923,203.3098460000474,203.76192980003543,203.76192980003543,203.8120351000107,204.12856390001252,,,,,204.129884199996,204.62770640000235,204.62770640000235,205.1610010000295,,,,,,,,n,1,0.3537804000079632,None,n,1,0.5318609999958426,None,,,,,,,,,,,,,,,,,,,,,,,,691899,001,2025-11-24_17h55.12.213,soloProject,,2025.1.1,59.867979137718244,2025-11-24 17h55.13.809378 +0530,
Faces/CFD-IM-728-041-N.jpg,m,cigar,m,C,C,78,78,0,m,1,0.42449499998474494,None,m,1,0.5612836999935098,None,,,,,0,78,78,64,,,,,,,,,205.20540940004867,,,,,,,,,205.20051690004766,205.20540940004867,205.66161559999455,205.66161559999455,205.7118319000001,206.09498190000886,,,,,206.0961487000459,206.59433819999686,206.59433819999686,207.1613692000392,,,,,,,,m,1,0.42449499998474494,None,m,1,0.5612836999935098,None,,,,,,,,,,,,,,,,,,,,,,,,691899,001,2025-11-24_17h55.12.213,soloProject,,2025.1.1,59.867979137718244,2025-11-24 17h55.13.809378 +0530,
Faces/CFD-IF-601-519-N.jpg,n,lipstick,n,C,C,79,79,0,n,1,0.48504469997715205,None,n,1,0.5606490999925882,None,,,,,0,79,79,4,,,,,,,,,207.2063803000492,,,,,,,,,207.2017341000028,207.2063803000492,207.66180430003442,207.66180430003442,207.71151870000176,208.16176640003687,,,,,208.16326600004686,208.66086510004243,208.66086510004243,209.22846230003051,,,,,,,,n,1,0.48504469997715205,None,n,1,0.5606490999925882,None,,,,,,,,,,,,,,,,,,,,,,,,691899,001,2025-11-24_17h55.12.213,soloProject,,2025.1.1,59.867979137718244,2025-11-24 17h55.13.809378 +0530,
Faces/CFD-IM-728-041-N.jpg,m,dress,n,I,C,80,80,0,m,1,0.4336074000457302,None,n,1,0.6345271000172943,None,,,,,0,80,80,93,,,,,,,,,209.27529200003482,,,,,,,,,209.26928270002827,209.27529200003482,209.72818299999926,209.72818299999926,209.77839440002572,210.16219640005147,,,,,210.1633945000358,210.6607847000123,210.6607847000123,211.31248050002614,,,,,,,,m,1,0.4336074000457302,None,n,1,0.6345271000172943,None,,,,,,,,,,,,,,,,,,,,,,,,691899,001,2025-11-24_17h55.12.213,soloProject,,2025.1.1,59.867979137718244,2025-11-24 17h55.13.809378 +0530,
Faces/CFD-IM-736-361-N.jpg,m,cigar,m,C,C,81,81,0,m,1,0.7012145000044256,None,m,1,0.5277360000181943,None,,,,,0,81,81,76,,,,,,,,,211.36047670000698,,,,,,,,,211.3561189000029,211.36047670000698,211.82837040000595,211.82837040000595,211.86181650002254,212.5451144000399,,,,,212.54634250001982,213.0444225000101,213.0444225000101,213.57788680004887,,,,,,,,m,1,0.7012145000044256,None,m,1,0.5277360000181943,None,,,,,,,,,,,,,,,,,,,,,,,,691899,001,2025-11-24_17h55.12.213,soloProject,,2025.1.1,59.867979137718244,2025-11-24 17h55.13.809378 +0530,
Faces/CFD-IM-728-041-N.jpg,m,lipstick,n,I,C,82,82,0,m,1,0.3626102999551222,None,n,1,0.8313778999727219,None,,,,,0,82,82,94,,,,,,,,,213.6237294000457,,,,,,,,,213.61911830003373,213.6237294000457,214.07815410004696,214.07815410004696,214.12815150001552,214.44517500000075,,,,,214.4466817000066,214.94466950005153,214.94466950005153,215.77752110001165,,,,,,,,m,1,0.3626102999551222,None,n,1,0.8313778999727219,None,,,,,,,,,,,,,,,,,,,,,,,,691899,001,2025-11-24_17h55.12.213,soloProject,,2025.1.1,59.867979137718244,2025-11-24 17h55.13.809378 +0530,
Faces/CFD-IM-728-041-N.jpg,m,perfume,n,I,C,83,83,0,m,1,1.1624937999877147,None,n,1,0.4939162000082433,None,,,,,0,83,83,90,,,,,,,,,215.82475270004943,,,,,,,,,215.820108600019,215.82475270004943,216.27854339999612,216.27854339999612,216.32792470004642,217.4452491000411,,,,,217.4468108000001,217.96094610000728,217.96094610000728,218.46132010000292,,,,,,,,m,1,1.1624937999877147,None,n,1,0.4939162000082433,None,,,,,,,,,,,,,,,,,,,,,,,,691899,001,2025-11-24_17h55.12.213,soloProject,,2025.1.1,59.867979137718244,2025-11-24 17h55.13.809378 +0530,
Faces/CFD-IF-601-519-N.jpg,n,jewelry,n,C,C,84,84,0,n,1,0.4390234000165947,None,n,1,0.5267214000341482,None,,,,,0,84,84,5,,,,,,,,,218.5113734000479,,,,,,,,,218.50669230002677,218.5113734000479,218.96162790001836,218.96162790001836,219.01132750004763,219.41171930002747,,,,,219.41321379999863,219.9278292999952,219.9278292999952,220.46154180000303,,,,,,,,n,1,0.4390234000165947,None,n,1,0.5267214000341482,None,,,,,,,,,,,,,,,,,,,,,,,,691899,001,2025-11-24_17h55.12.213,soloProject,,2025.1.1,59.867979137718244,2025-11-24 17h55.13.809378 +0530,
Faces/CFD-IM-738-191-N.jpg,m,doll,n,I,C,85,85,0,m,1,0.5070813000202179,None,n,1,0.5867534000426531,None,,,,,0,85,85,109,,,,,,,,,220.50927780003985,,,,,,,,,220.50493940000888,220.50927780003985,220.96165040001506,220.96165040001506,221.0113162000198,221.47862000000896,,,,,221.47987229999853,221.99446620000526,221.99446620000526,222.5947733000503,,,,,,,,m,1,0.5070813000202179,None,n,1,0.5867534000426531,None,,,,,,,,,,,,,,,,,,,,,,,,691899,001,2025-11-24_17h55.12.213,soloProject,,2025.1.1,59.867979137718244,2025-11-24 17h55.13.809378 +0530,
Faces/CFD-IF-601-519-N.jpg,n,perfume,n,C,C,86,86,0,n,1,0.7952353000291623,None,n,1,0.3603737999801524,None,,,,,0,86,86,0,,,,,,,,,222.6428361000144,,,,,,,,,222.6384406000143,222.6428361000144,223.0950034999987,223.0950034999987,223.14482450002106,223.89523650001502,,,,,223.89665130001958,224.41110170003958,224.41110170003958,224.77775080001447,,,,,,,,n,1,0.7952353000291623,None,n,1,0.3603737999801524,None,,,,,,,,,,,,,,,,,,,,,,,,691899,001,2025-11-24_17h55.12.213,soloProject,,2025.1.1,59.867979137718244,2025-11-24 17h55.13.809378 +0530,
Faces/CFD-IF-609-408-N.jpg,n,dress,n,C,C,87,87,0,n,1,0.4454931000364013,None,n,1,0.356145599973388,None,,,,,0,87,87,27,,,,,,,,,224.82628740003565,,,,,,,,,224.82111050002277,224.82628740003565,225.27843830001075,225.27843830001075,225.32803670002613,225.7285446000169,,,,,225.729832800047,226.24412550003035,226.24412550003035,226.61094300000696,,,,,,,,n,1,0.4454931000364013,None,n,1,0.356145599973388,None,,,,,,,,,,,,,,,,,,,,,,,,691899,001,2025-11-24_17h55.12.213,soloProject,,2025.1.1,59.867979137718244,2025-11-24 17h55.13.809378 +0530,
Faces/CFD-IM-739-012-N.jpg,m,doll,n,I,C,88,88,0,m,1,0.531323799979873,None,n,1,0.5347496999893337,None,,,,,0,88,88,115,,,,,,,,,226.65644760004943,,,,,,,,,226.6518389999983,226.65644760004943,227.11162949999562,227.11162949999562,227.16159720002906,227.64498179999646,,,,,227.64616430003662,228.16093360004015,228.16093360004015,228.71101210004417,,,,,,,,m,1,0.531323799979873,None,n,1,0.5347496999893337,None,,,,,,,,,,,,,,,,,,,,,,,,691899,001,2025-11-24_17h55.12.213,soloProject,,2025.1.1,59.867979137718244,2025-11-24 17h55.13.809378 +0530,
Faces/CFD-IM-736-361-N.jpg,m,flower,n,I,C,89,89,0,m,1,0.43674400000600144,None,n,1,0.6760293000261299,None,,,,,0,89,89,104,,,,,,,,,228.75835070002358,,,,,,,,,228.75378150003962,228.75835070002358,229.2112560000387,229.2112560000387,229.26153420004994,229.66179179999745,,,,,229.6631810000399,230.16060060000746,230.16060060000746,230.84419860003982,,,,,,,,m,1,0.43674400000600144,None,n,1,0.6760293000261299,None,,,,,,,,,,,,,,,,,,,,,,,,691899,001,2025-11-24_17h55.12.213,soloProject,,2025.1.1,59.867979137718244,2025-11-24 17h55.13.809378 +0530,
Faces/CFD-IM-739-012-N.jpg,m,perfume,n,I,C,90,90,0,m,1,0.7014242000295781,None,n,1,0.5374540000339039,None,,,,,0,90,90,114,,,,,,,,,230.88765240000794,,,,,,,,,230.88320219999878,230.88765240000794,231.34461740002735,231.34461740002735,231.39458280004328,232.0614742000471,,,,,232.062954300025,232.56118920003064,232.56118920003064,233.11117180000292,,,,,,,,m,1,0.7014242000295781,None,n,1,0.5374540000339039,None,,,,,,,,,,,,,,,,,,,,,,,,691899,001,2025-11-24_17h55.12.213,soloProject,,2025.1.1,59.867979137718244,2025-11-24 17h55.13.809378 +0530,
Faces/CFD-IM-731-223-N.jpg,m,perfume,n,I,C,91,91,0,m,1,0.5545239000348374,None,n,1,0.7624989000032656,None,,,,,0,91,91,96,,,,,,,,,233.15783530002227,,,,,,,,,233.15281970001524,233.15783530002227,233.62791030004155,233.62791030004155,233.66135480004596,234.19474700000137,,,,,234.1947909000446,234.69388440001057,234.69388440001057,235.46090629999526,,,,,,,,m,1,0.5545239000348374,None,n,1,0.7624989000032656,None,,,,,,,,,,,,,,,,,,,,,,,,691899,001,2025-11-24_17h55.12.213,soloProject,,2025.1.1,59.867979137718244,2025-11-24 17h55.13.809378 +0530,
Faces/CFD-IM-731-223-N.jpg,m,jewelry,n,I,C,92,92,0,m,1,0.5683447000337765,None,n,1,0.463925400050357,None,,,,,0,92,92,101,,,,,,,,,235.50403810001444,,,,,,,,,235.4992148000165,235.50403810001444,235.961014600005,235.961014600005,236.0114344000467,236.545013200026,,,,,236.54630099999486,237.0608945999993,237.0608945999993,237.52770299999975,,,,,,,,m,1,0.5683447000337765,None,n,1,0.463925400050357,None,,,,,,,,,,,,,,,,,,,,,,,,691899,001,2025-11-24_17h55.12.213,soloProject,,2025.1.1,59.867979137718244,2025-11-24 17h55.13.809378 +0530,
Faces/CFD-IF-605-066-N.jpg,n,perfume,n,C,C,93,93,0,n,1,0.4009885999839753,None,n,1,0.3763937999610789,None,,,,,0,93,93,12,,,,,,,,,237.57457700005034,,,,,,,,,237.56984340003692,237.57457700005034,238.0279370000353,238.0279370000353,238.07780670002103,238.44466710003326,,,,,238.44615900004283,238.94417030003387,238.94417030003387,239.327837800025,,,,,,,,n,1,0.4009885999839753,None,n,1,0.3763937999610789,None,,,,,,,,,,,,,,,,,,,,,,,,691899,001,2025-11-24_17h55.12.213,soloProject,,2025.1.1,59.867979137718244,2025-11-24 17h55.13.809378 +0530,
Faces/CFD-IF-609-408-N.jpg,n,football,m,I,C,94,94,0,n,1,0.338666399999056,None,m,1,0.497524100006558,None,,,,,0,94,94,59,,,,,,,,,239.3753964000498,,,,,,,,,239.370799300028,239.3753964000498,239.8281061000307,239.8281061000307,239.87773050001124,240.17805240000598,,,,,240.17959690000862,240.67753470002208,240.67753470002208,241.17755840002792,,,,,,,,n,1,0.338666399999056,None,m,1,0.497524100006558,None,,,,,,,,,,,,,,,,,,,,,,,,691899,001,2025-11-24_17h55.12.213,soloProject,,2025.1.1,59.867979137718244,2025-11-24 17h55.13.809378 +0530,
Faces/CFD-IM-736-361-N.jpg,m,dress,n,I,C,95,95,0,m,1,1.0182351000257768,None,n,1,0.8390794000006281,None,,,,,0,95,95,105,,,,,,,,,241.22486210003262,,,,,,,,,241.2201505000121,241.22486210003262,241.6781305000186,241.6781305000186,241.72757400001865,242.7117199000204,,,,,242.71339630003786,243.2271268000477,243.2271268000477,244.07715190004092,,,,,,,,m,1,1.0182351000257768,None,n,1,0.8390794000006281,None,,,,,,,,,,,,,,,,,,,,,,,,691899,001,2025-11-24_17h55.12.213,soloProject,,2025.1.1,59.867979137718244,2025-11-24 17h55.13.809378 +0530,
Faces/CFD-IF-609-408-N.jpg,n,flower,n,C,C,96,96,0,n,1,0.3850255000288598,None,n,1,0.6643965999828652,None,,,,,0,96,96,26,,,,,,,,,244.12356450001244,,,,,,,,,244.11833750002552,244.12356450001244,244.57756350003183,244.57756350003183,244.62758510001004,244.97818390000612,,,,,244.98034960002406,245.47714630002156,245.47714630002156,246.14476400002604,,,,,,,,n,1,0.3850255000288598,None,n,1,0.6643965999828652,None,,,,,,,,,,,,,,,,,,,,,,,,691899,001,2025-11-24_17h55.12.213,soloProject,,2025.1.1,59.867979137718244,2025-11-24 17h55.13.809378 +0530,
Faces/CFD-IM-736-361-N.jpg,m,bowtie,m,C,C,97,97,0,m,1,1.5482899000053294,None,m,1,0.5994105999707244,None,,,,,0,97,97,74,,,,,,,,,246.19118030002574,,,,,,,,,246.18642780004302,246.19118030002574,246.64469700003974,246.64469700003974,246.6945631999988,248.19514170003822,,,,,248.196445700014,248.7107574000256,248.7107574000256,249.31087230000412,,,,,,,,m,1,1.5482899000053294,None,m,1,0.5994105999707244,None,,,,,,,,,,,,,,,,,,,,,,,,691899,001,2025-11-24_17h55.12.213,soloProject,,2025.1.1,59.867979137718244,2025-11-24 17h55.13.809378 +0530,
Faces/CFD-IM-736-361-N.jpg,m,football,m,C,C,98,98,0,m,1,0.4662013000342995,None,m,1,0.41184930002782494,None,,,,,0,98,98,77,,,,,,,,,249.35879740002565,,,,,,,,,249.3542626000126,249.35879740002565,249.81123990000924,249.81123990000924,249.86104440002237,250.2782780000125,,,,,250.2796614000108,250.79341360001126,250.79341360001126,251.21106330002658,,,,,,,,m,1,0.4662013000342995,None,m,1,0.41184930002782494,None,,,,,,,,,,,,,,,,,,,,,,,,691899,001,2025-11-24_17h55.12.213,soloProject,,2025.1.1,59.867979137718244,2025-11-24 17h55.13.809378 +0530,
Faces/CFD-IF-602-134-N.jpg,n,hammer,m,I,C,99,99,0,n,1,0.6316089000320062,None,m,1,0.7990711000165902,None,,,,,0,99,99,37,,,,,,,,,251.2593491000007,,,,,,,,,251.25463420001324,251.2593491000007,251.71129680000013,251.71129680000013,251.7609710000106,252.344983100018,,,,,252.34635649999836,252.8605861000251,252.8605861000251,253.66135990002658,,,,,,,,n,1,0.6316089000320062,None,m,1,0.7990711000165902,None,,,,,,,,,,,,,,,,,,,,,,,,691899,001,2025-11-24_17h55.12.213,soloProject,,2025.1.1,59.867979137718244,2025-11-24 17h55.13.809378 +0530,
Faces/CFD-IF-605-066-N.jpg,n,doll,n,C,C,100,100,0,n,1,0.518386899959296,None,n,1,0.37752999999793246,None,,,,,0,100,100,13,,,,,,,,,253.70720090001123,,,,,,,,,253.70270490000257,253.70720090001123,254.17743770004017,254.17743770004017,254.2107885000296,254.71116609999444,,,,,254.71253250003792,255.21047350001754,255.21047350001754,255.594527200039,,,,,,,,n,1,0.518386899959296,None,n,1,0.37752999999793246,None,,,,,,,,,,,,,,,,,,,,,,,,691899,001,2025-11-24_17h55.12.213,soloProject,,2025.1.1,59.867979137718244,2025-11-24 17h55.13.809378 +0530,
Faces/CFD-IF-608-390-N.jpg,n,doll,n,C,C,101,101,0,n,1,0.39483730000210926,None,n,1,0.6159382999758236,None,,,,,0,101,101,19,,,,,,,,,255.64131249999627,,,,,,,,,255.63681340002222,255.64131249999627,256.0942970000324,256.0942970000324,256.1450542000239,256.4947629000526,,,,,256.49480390001554,257.01120550005,257.01120550005,257.6275642000255,,,,,,,,n,1,0.39483730000210926,None,n,1,0.6159382999758236,None,,,,,,,,,,,,,,,,,,,,,,,,691899,001,2025-11-24_17h55.12.213,soloProject,,2025.1.1,59.867979137718244,2025-11-24 17h55.13.809378 +0530,
Faces/CFD-IF-609-408-N.jpg,n,bowtie,m,I,C,102,102,0,n,1,0.5374685999704525,None,m,1,0.9932790999882855,None,,,,,0,102,102,56,,,,,,,,,257.67781270004343,,,,,,,,,257.6732119000517,257.67781270004343,258.12746680004057,258.12746680004057,258.1776650000247,258.67806320003,,,,,258.67969850002555,259.1932667000219,259.1932667000219,260.19413160003023,,,,,,,,n,1,0.5374685999704525,None,m,1,0.9932790999882855,None,,,,,,,,,,,,,,,,,,,,,,,,691899,001,2025-11-24_17h55.12.213,soloProject,,2025.1.1,59.867979137718244,2025-11-24 17h55.13.809378 +0530,
Faces/CFD-IM-731-223-N.jpg,m,dress,n,I,C,103,103,0,m,1,0.4996691000415012,None,n,1,0.46724529995117337,None,,,,,0,103,103,99,,,,,,,,,260.2490831000032,,,,,,,,,260.2447088000481,260.2490831000032,260.6943876000005,260.6943876000005,260.76113370002713,261.19446510000853,,,,,261.1956269000075,261.70997440000065,261.70997440000065,262.17763670004206,,,,,,,,m,1,0.4996691000415012,None,n,1,0.46724529995117337,None,,,,,,,,,,,,,,,,,,,,,,,,691899,001,2025-11-24_17h55.12.213,soloProject,,2025.1.1,59.867979137718244,2025-11-24 17h55.13.809378 +0530,
Faces/CFD-IM-739-012-N.jpg,m,football,m,C,C,104,104,0,m,1,0.3903551999828778,None,m,1,0.6238396999542601,None,,,,,0,104,104,89,,,,,,,,,262.2316987999948,,,,,,,,,262.2267866000184,262.2316987999948,262.6777440000442,262.6777440000442,262.7440056000487,263.07798080000794,,,,,263.0793700000504,263.5939159000409,263.5939159000409,264.22668479999993,,,,,,,,m,1,0.3903551999828778,None,m,1,0.6238396999542601,None,,,,,,,,,,,,,,,,,,,,,,,,691899,001,2025-11-24_17h55.12.213,soloProject,,2025.1.1,59.867979137718244,2025-11-24 17h55.13.809378 +0530,
Faces/CFD-IF-601-519-N.jpg,n,dress,n,C,C,105,105,0,n,1,1.0008743000216782,None,n,1,1.129323800036218,None,,,,,0,105,105,3,,,,,,,,,264.27342260000296,,,,,,,,,264.26903200004017,264.27342260000296,264.72717950004153,264.72717950004153,264.77722980000544,265.7282849000185,,,,,265.7300165000488,266.22640250000404,266.22640250000404,267.3605204000487,,,,,,,,n,1,1.0008743000216782,None,n,1,1.129323800036218,None,,,,,,,,,,,,,,,,,,,,,,,,691899,001,2025-11-24_17h55.12.213,soloProject,,2025.1.1,59.867979137718244,2025-11-24 17h55.13.809378 +0530,
Faces/CFD-IM-736-361-N.jpg,m,hammer,m,C,C,106,106,0,m,1,0.774931599968113,None,m,1,0.6198586000245996,None,,,,,0,106,106,73,,,,,,,,,267.4088991000317,,,,,,,,,267.4033538000076,267.4088991000317,267.8606153000146,267.8606153000146,267.9103899000329,268.6437196000479,,,,,268.6449360999977,269.1433572000242,269.1433572000242,269.77686450001784,,,,,,,,m,1,0.774931599968113,None,m,1,0.6198586000245996,None,,,,,,,,,,,,,,,,,,,,,,,,691899,001,2025-11-24_17h55.12.213,soloProject,,2025.1.1,59.867979137718244,2025-11-24 17h55.13.809378 +0530,
Faces/CFD-IF-608-390-N.jpg,n,flower,n,C,C,107,107,0,n,1,0.47336639999412,None,n,1,0.44147680001333356,None,,,,,0,107,107,20,,,,,,,,,269.82426439999836,,,,,,,,,269.8197677000426,269.82426439999836,270.2774221000145,270.2774221000145,270.3272810000344,270.7614103000378,,,,,270.76303319999715,271.2767060000333,271.2767060000333,271.72692540002754,,,,,,,,n,1,0.47336639999412,None,n,1,0.44147680001333356,None,,,,,,,,,,,,,,,,,,,,,,,,691899,001,2025-11-24_17h55.12.213,soloProject,,2025.1.1,59.867979137718244,2025-11-24 17h55.13.809378 +0530,
Faces/CFD-IF-601-519-N.jpg,n,flower,n,C,C,108,108,0,n,1,1.0961508000036702,None,n,1,0.41357209999114275,None,,,,,0,108,108,2,,,,,,,,,271.7740962000098,,,,,,,,,271.76959870004794,271.7740962000098,272.2275690000388,272.2275690000388,272.2774829000118,273.3279020000482,,,,,273.32794660003856,273.8437257000478,273.8437257000478,274.26014580001356,,,,,,,,n,1,1.0961508000036702,None,n,1,0.41357209999114275,None,,,,,,,,,,,,,,,,,,,,,,,,691899,001,2025-11-24_17h55.12.213,soloProject,,2025.1.1,59.867979137718244,2025-11-24 17h55.13.809378 +0530,
Faces/CFD-IF-608-390-N.jpg,n,hammer,m,I,C,109,109,0,n,1,0.4186629000469111,None,m,1,0.7138649999978952,None,,,,,0,109,109,49,,,,,,,,,274.30923190002795,,,,,,,,,274.3048304000404,274.30923190002795,274.76021310000215,274.76021310000215,274.81040680001024,275.1947766999947,,,,,275.1960589000373,275.7101893000072,275.7101893000072,276.4270100000431,,,,,,,,n,1,0.4186629000469111,None,m,1,0.7138649999978952,None,,,,,,,,,,,,,,,,,,,,,,,,691899,001,2025-11-24_17h55.12.213,soloProject,,2025.1.1,59.867979137718244,2025-11-24 17h55.13.809378 +0530,
Faces/CFD-IM-731-223-N.jpg,m,bowtie,m,C,C,110,110,0,m,1,1.742763800022658,None,m,1,0.46080220001749694,None,,,,,0,110,110,68,,,,,,,,,276.4740050000255,,,,,,,,,276.4693089000066,276.4740050000255,276.9274508000235,276.9274508000235,276.97771190002095,278.67731300002197,,,,,278.6786376000382,279.1765471000108,279.1765471000108,279.6443549999967,,,,,,,,m,1,1.742763800022658,None,m,1,0.46080220001749694,None,,,,,,,,,,,,,,,,,,,,,,,,691899,001,2025-11-24_17h55.12.213,soloProject,,2025.1.1,59.867979137718244,2025-11-24 17h55.13.809378 +0530,
Faces/CFD-IF-609-408-N.jpg,n,beer,m,I,C,111,111,0,m,0,0.34313679998740554,None,m,1,0.47485410002991557,None,,,,,0,111,111,54,,,,,,,,,279.6969678000314,,,,,,,,,279.69141080003465,279.6969678000314,280.16110200004186,280.16110200004186,280.21040780004114,280.5111603999976,,,,,280.5124360000482,281.0264066000236,281.0264066000236,281.51054840005236,,,,,,,,m,0,0.34313679998740554,None,m,1,0.47485410002991557,None,,,,,,,,,,,,,,,,,,,,,,,,691899,001,2025-11-24_17h55.12.213,soloProject,,2025.1.1,59.867979137718244,2025-11-24 17h55.13.809378 +0530,
Faces/CFD-IF-605-066-N.jpg,n,flower,n,C,C,112,112,0,n,1,0.6858159999828786,None,n,1,0.5882271999726072,None,,,,,0,112,112,14,,,,,,,,,281.56288410001434,,,,,,,,,281.5582468000357,281.56288410001434,282.0101698000217,282.0101698000217,282.07714540004963,282.710567000031,,,,,282.7120110000251,283.21077470004093,283.21077470004093,283.8108102999977,,,,,,,,n,1,0.6858159999828786,None,n,1,0.5882271999726072,None,,,,,,,,,,,,,,,,,,,,,,,,691899,001,2025-11-24_17h55.12.213,soloProject,,2025.1.1,59.867979137718244,2025-11-24 17h55.13.809378 +0530,
Faces/CFD-IF-608-390-N.jpg,n,dress,n,C,C,113,113,0,n,1,0.43001129996264353,None,n,1,0.875043599982746,None,,,,,0,113,113,21,,,,,,,,,283.8596110000508,,,,,,,,,283.85488290002104,283.8596110000508,284.31035610003164,284.31035610003164,284.36044080002466,284.74414130003424,,,,,284.74544890003745,285.2431391000282,285.2431391000282,286.12790770002175,,,,,,,,n,1,0.43001129996264353,None,n,1,0.875043599982746,None,,,,,,,,,,,,,,,,,,,,,,,,691899,001,2025-11-24_17h55.12.213,soloProject,,2025.1.1,59.867979137718244,2025-11-24 17h55.13.809378 +0530,
Faces/CFD-IF-609-408-N.jpg,n,cigar,m,I,C,114,114,0,n,1,1.1538597000180744,None,m,1,4.1807490000501275,None,,,,,0,114,114,58,,,,,,,,,286.1792342000408,,,,,,,,,286.17432160000317,286.1792342000408,286.64424270001473,286.64424270001473,286.69364620000124,287.81053870002506,,,,,287.81206010002643,288.3124521000427,288.3124521000427,292.5095454000402,,,,,,,,n,1,1.1538597000180744,None,m,1,4.1807490000501275,None,,,,,,,,,,,,,,,,,,,,,,,,691899,001,2025-11-24_17h55.12.213,soloProject,,2025.1.1,59.867979137718244,2025-11-24 17h55.13.809378 +0530,
Faces/CFD-IM-731-223-N.jpg,m,doll,n,I,C,115,115,0,m,1,0.5365610999870114,None,m,0,0.36582350003300235,None,,,,,0,115,115,97,,,,,,,,,292.561481700046,,,,,,,,,292.5570088000386,292.561481700046,293.0098728000303,293.0098728000303,293.07727240002714,293.5609244000516,,,,,293.56265020003775,294.0773062000517,294.0773062000517,294.44357500004116,,,,,,,,m,1,0.5365610999870114,None,m,0,0.36582350003300235,None,,,,,,,,,,,,,,,,,,,,,,,,691899,001,2025-11-24_17h55.12.213,soloProject,,2025.1.1,59.867979137718244,2025-11-24 17h55.13.809378 +0530,
Faces/CFD-IM-736-361-N.jpg,m,jewelry,n,I,C,116,116,0,m,1,0.42110660002799705,None,n,1,0.5494778999709524,None,,,,,0,116,116,107,,,,,,,,,294.4917490000371,,,,,,,,,294.4873270000098,294.4917490000371,294.94435150001664,294.94435150001664,294.99348360003205,295.3784952000133,,,,,295.3799543000059,295.8934107000241,295.8934107000241,296.44625520001864,,,,,,,,m,1,0.42110660002799705,None,n,1,0.5494778999709524,None,,,,,,,,,,,,,,,,,,,,,,,,691899,001,2025-11-24_17h55.12.213,soloProject,,2025.1.1,59.867979137718244,2025-11-24 17h55.13.809378 +0530,
Faces/CFD-IF-602-134-N.jpg,n,bowtie,m,I,C,117,117,0,m,0,0.4647415999788791,None,m,1,0.4254944999702275,None,,,,,0,117,117,38,,,,,,,,,296.4991325000301,,,,,,,,,296.4945864000474,296.4991325000301,296.96068690001266,296.96068690001266,297.0102107000421,297.4271207000129,,,,,297.4290482000215,297.9270549000357,297.9270549000357,298.3597132000141,,,,,,,,m,0,0.4647415999788791,None,m,1,0.4254944999702275,None,,,,,,,,,,,,,,,,,,,,,,,,691899,001,2025-11-24_17h55.12.213,soloProject,,2025.1.1,59.867979137718244,2025-11-24 17h55.13.809378 +0530,
Faces/CFD-IM-738-191-N.jpg,m,flower,n,I,C,118,118,0,m,1,0.5985486999852583,None,n,1,0.7192688999930397,None,,,,,0,118,118,110,,,,,,,,,298.41146060003666,,,,,,,,,298.40707750001457,298.41146060003666,298.8598237000406,298.8598237000406,298.92732570000226,299.46056870004395,,,,,299.46196840004995,299.9600710000377,299.9600710000377,300.6930921000312,,,,,,,,m,1,0.5985486999852583,None,n,1,0.7192688999930397,None,,,,,,,,,,,,,,,,,,,,,,,,691899,001,2025-11-24_17h55.12.213,soloProject,,2025.1.1,59.867979137718244,2025-11-24 17h55.13.809378 +0530,
Faces/CFD-IF-605-066-N.jpg,n,hammer,m,I,C,119,119,0,n,1,0.40720399998826906,None,m,1,0.5948969000019133,None,,,,,0,119,119,43,,,,,,,,,300.7438141000457,,,,,,,,,300.739190399996,300.7438141000457,301.19404000003124,301.19404000003124,301.2439438000438,301.61015750002116,,,,,301.61254790000385,302.1101820000331,302.1101820000331,302.7097297,,,,,,,,n,1,0.40720399998826906,None,m,1,0.5948969000019133,None,,,,,,,,,,,,,,,,,,,,,,,,691899,001,2025-11-24_17h55.12.213,soloProject,,2025.1.1,59.867979137718244,2025-11-24 17h55.13.809378 +0530,
,,,,,,,,,,,,,,,,,,,,,,,,,,,,,,,,,,,,,,,,,,,,,,,,,,,,,,,,,,,,,,,,,,,,,,,302.7098028000328,302.72715440002503,302.72715440002503,331.5598411000101,space,28.8288620999665,None,,,,,,,,,,,,,,,,,691899,001,2025-11-24_17h55.12.213,soloProject,,2025.1.1,59.867979137718244,2025-11-24 17h55.13.809378 +0530,
Faces/CFD-IF-602-134-N.jpg,m,bowtie,m,I,I,0,0,0,n,0,3.1678959000273608,None,m,1,0.6529011999955401,None,,,,,,,,,0,0,0,5,,,,,331.6200971000362,,,,,,,,,331.6157906000153,331.6200971000362,332.0598136000335,332.0598136000335,332.12653980002506,335.2432661000057,,,,,335.244489100005,335.7593304000329,335.7593304000329,336.42627610004274,,,,,,,,,,,,,,,,,,,,,,,n,0,3.1678959000273608,None,m,1,0.6529011999955401,None,,,,,,,,,691899,001,2025-11-24_17h55.12.213,soloProject,,2025.1.1,59.867979137718244,2025-11-24 17h55.13.809378 +0530,
Faces/CFD-IM-728-041-N.jpg,n,football,m,C,I,1,1,0,n,1,1.3948105000308715,None,m,1,0.9261179000022821,None,,,,,,,,,0,1,1,8,,,,,336.47223390004365,,,,,,,,,336.4678460000432,336.47223390004365,336.92620860005263,336.92620860005263,336.97597710002447,338.3269789000042,,,,,338.3283881000243,338.82576040003914,338.82576040003914,339.7591626000358,,,,,,,,,,,,,,,,,,,,,,,n,1,1.3948105000308715,None,m,1,0.9261179000022821,None,,,,,,,,,691899,001,2025-11-24_17h55.12.213,soloProject,,2025.1.1,59.867979137718244,2025-11-24 17h55.13.809378 +0530,
Faces/CFD-IF-601-519-N.jpg,m,flower,n,C,I,2,2,0,m,1,0.7613524000043981,None,n,1,0.8040953999734484,None,,,,,,,,,0,2,2,2,,,,,339.8100170000107,,,,,,,,,339.80515490000835,339.8100170000107,340.259541300009,340.259541300009,340.3095919000334,341.02731850004056,,,,,341.02871490002144,341.5420337000396,341.5420337000396,342.3597843000316,,,,,,,,,,,,,,,,,,,,,,,m,1,0.7613524000043981,None,n,1,0.8040953999734484,None,,,,,,,,,691899,001,2025-11-24_17h55.12.213,soloProject,,2025.1.1,59.867979137718244,2025-11-24 17h55.13.809378 +0530,
Faces/CFD-IF-601-519-N.jpg,m,doll,n,C,I,3,3,0,m,1,0.9607284999801777,None,n,1,0.7524687999975868,None,,,,,,,,,0,3,3,1,,,,,342.41106810001656,,,,,,,,,342.4062063000165,342.41106810001656,342.8759511000244,342.8759511000244,342.92669390002266,343.8431244000094,,,,,343.8443081000005,344.35873920004815,344.35873920004815,345.1257850000402,,,,,,,,,,,,,,,,,,,,,,,m,1,0.9607284999801777,None,n,1,0.7524687999975868,None,,,,,,,,,691899,001,2025-11-24_17h55.12.213,soloProject,,2025.1.1,59.867979137718244,2025-11-24 17h55.13.809378 +0530,
Faces/CFD-IF-601-519-N.jpg,m,perfume,n,C,I,4,4,0,m,1,0.6135377999744378,None,n,1,0.44876410003053024,None,,,,,,,,,0,4,4,0,,,,,345.173091500008,,,,,,,,,345.1690556000103,345.173091500008,345.62629710003966,345.62629710003966,345.67597620002925,346.2438222000492,,,,,346.24579890002497,346.75881190004293,346.75881190004293,347.208967500017,,,,,,,,,,,,,,,,,,,,,,,m,1,0.6135377999744378,None,n,1,0.44876410003053024,None,,,,,,,,,691899,001,2025-11-24_17h55.12.213,soloProject,,2025.1.1,59.867979137718244,2025-11-24 17h55.13.809378 +0530,
Faces/CFD-IM-728-041-N.jpg,n,briefcase,m,C,I,5,5,0,n,1,0.5007591000176035,None,m,1,2.491791100008413,None,,,,,,,,,0,5,5,6,,,,,347.260507900035,,,,,,,,,347.2555080000311,347.260507900035,347.709207100037,347.709207100037,347.77581950003514,348.21073630003957,,,,,348.21200410003075,348.7257105000317,348.7257105000317,351.22571120003704,,,,,,,,,,,,,,,,,,,,,,,n,1,0.5007591000176035,None,m,1,2.491791100008413,None,,,,,,,,,691899,001,2025-11-24_17h55.12.213,soloProject,,2025.1.1,59.867979137718244,2025-11-24 17h55.13.809378 +0530,
Faces/CFD-IM-731-223-N.jpg,n,lipstick,n,I,I,6,6,0,n,1,0.7605315999826416,None,n,1,0.506984299980104,None,,,,,,,,,0,6,6,10,,,,,351.26959840004565,,,,,,,,,351.26527590001933,351.26959840004565,351.7259395000292,351.7259395000292,351.7760543000186,352.49253820005106,,,,,352.4939006000059,352.9921161000384,352.9921161000384,353.50912820000667,,,,,,,,,,,,,,,,,,,,,,,n,1,0.7605315999826416,None,n,1,0.506984299980104,None,,,,,,,,,691899,001,2025-11-24_17h55.12.213,soloProject,,2025.1.1,59.867979137718244,2025-11-24 17h55.13.809378 +0530,
Faces/CFD-IM-731-223-N.jpg,n,dress,n,I,I,7,7,0,n,1,0.42791379999835044,None,n,1,0.5603310999576934,None,,,,,,,,,0,7,7,9,,,,,353.5537850999972,,,,,,,,,353.54958220000844,353.5537850999972,354.0090212000068,354.0090212000068,354.05936750001274,354.4433465000475,,,,,354.4447751000407,354.9585754,354.9585754,355.5255412000115,,,,,,,,,,,,,,,,,,,,,,,n,1,0.42791379999835044,None,n,1,0.5603310999576934,None,,,,,,,,,691899,001,2025-11-24_17h55.12.213,soloProject,,2025.1.1,59.867979137718244,2025-11-24 17h55.13.809378 +0530,
Faces/CFD-IM-728-041-N.jpg,n,cigar,m,C,I,8,8,0,n,1,0.4612463000230491,None,m,1,3.9011725000455044,None,,,,,,,,,0,8,8,7,,,,,355.5757460000459,,,,,,,,,355.571099599998,355.5757460000459,356.026103900047,356.026103900047,356.07673420000356,356.4939671000466,,,,,356.4952097000205,357.00836450001225,357.00836450001225,360.9100807000068,,,,,,,,,,,,,,,,,,,,,,,n,1,0.4612463000230491,None,m,1,3.9011725000455044,None,,,,,,,,,691899,001,2025-11-24_17h55.12.213,soloProject,,2025.1.1,59.867979137718244,2025-11-24 17h55.13.809378 +0530,
Faces/CFD-IM-731-223-N.jpg,n,jewelry,n,I,I,9,9,0,n,1,0.9154613999999128,None,n,1,0.5138186999829486,None,,,,,,,,,0,9,9,11,,,,,360.96071900002426,,,,,,,,,360.95632759999717,360.96071900002426,361.42581580003025,361.42581580003025,361.4766088000033,362.34344950004015,,,,,362.34515350003494,362.8591266000294,362.8591266000294,363.3754986000131,,,,,,,,,,,,,,,,,,,,,,,n,1,0.9154613999999128,None,n,1,0.5138186999829486,None,,,,,,,,,691899,001,2025-11-24_17h55.12.213,soloProject,,2025.1.1,59.867979137718244,2025-11-24 17h55.13.809378 +0530,
Faces/CFD-IF-602-134-N.jpg,m,hammer,m,I,I,10,10,0,m,1,0.6092473000171594,None,m,1,1.0285035999841057,None,,,,,,,,,0,10,10,4,,,,,363.43025370000396,,,,,,,,,363.4245453000185,363.43025370000396,363.87659440003335,363.87659440003335,363.9425783000188,364.4928838000051,,,,,364.4943862000364,365.0092829000205,365.0092829000205,366.0426321999985,,,,,,,,,,,,,,,,,,,,,,,m,1,0.6092473000171594,None,m,1,1.0285035999841057,None,,,,,,,,,691899,001,2025-11-24_17h55.12.213,soloProject,,2025.1.1,59.867979137718244,2025-11-24 17h55.13.809378 +0530,
Faces/CFD-IF-602-134-N.jpg,m,beer,m,I,I,11,11,0,m,1,0.4326383000006899,None,m,1,0.454945300007239,None,,,,,,,,,0,11,11,3,,,,,366.0891944000032,,,,,,,,,366.0843978000339,366.0891944000032,366.54213920002803,366.54213920002803,366.5921317000175,366.9761677000206,,,,,366.97839699999895,367.4920468000346,367.4920468000346,367.9590266000014,,,,,,,,,,,,,,,,,,,,,,,m,1,0.4326383000006899,None,m,1,0.454945300007239,None,,,,,,,,,691899,001,2025-11-24_17h55.12.213,soloProject,,2025.1.1,59.867979137718244,2025-11-24 17h55.13.809378 +0530,
,,,,,,,,,,,,,,,,,,,,,,,,,,,,,,,,,,,,,,,,,,,,,,,,,,,,,,,,,,,,367.9590990000288,367.97617999999784,369.4593652000185,,,,,,,,,,,,,,,,,,,,,,,,,,,,,,,,691899,001,2025-11-24_17h55.12.213,soloProject,,2025.1.1,59.867979137718244,2025-11-24 17h55.13.809378 +0530,
Faces/CFD-IM-736-361-N.jpg,n,cigar,m,C,I,0,0,0,n,1,0.8128582999925129,None,m,1,0.501092399994377,None,,,,,,,,,,,,,0,0,0,76,369.5280102000106,,,,,,,,,369.5241006000433,369.5280102000106,369.9597055000486,369.9597055000486,370.04228720004903,370.77604920003796,,,,,370.7773021000321,371.27517450001324,371.27517450001324,371.7919127000496,,,,,,,,,,,,,,,,,,,,,,,,,,,,,,,n,1,0.8128582999925129,None,m,1,0.501092399994377,None,691899,001,2025-11-24_17h55.12.213,soloProject,,2025.1.1,59.867979137718244,2025-11-24 17h55.13.809378 +0530,
Faces/CFD-IM-738-191-N.jpg,n,cigar,m,C,I,1,1,0,n,1,0.4305857999715954,None,m,1,0.5990208999719471,None,,,,,,,,,,,,,0,1,1,82,371.84237710002344,,,,,,,,,371.83762510004453,371.84237710002344,372.2920668000006,372.2920668000006,372.34222600003704,372.72629900003085,,,,,372.7263433000189,373.2416279000463,373.2416279000463,373.8418178000138,,,,,,,,,,,,,,,,,,,,,,,,,,,,,,,n,1,0.4305857999715954,None,m,1,0.5990208999719471,None,691899,001,2025-11-24_17h55.12.213,soloProject,,2025.1.1,59.867979137718244,2025-11-24 17h55.13.809378 +0530,
Faces/CFD-IF-609-408-N.jpg,m,flower,n,C,I,2,2,0,m,1,0.6976691000163555,None,n,1,0.8522157999686897,None,,,,,,,,,,,,,0,2,2,26,373.88801200001035,,,,,,,,,373.8828257000423,373.88801200001035,374.34249320003437,374.34249320003437,374.3919450000394,375.04318110004533,,,,,375.0446538000251,375.5582814000081,375.5582814000081,376.42563060001703,,,,,,,,,,,,,,,,,,,,,,,,,,,,,,,m,1,0.6976691000163555,None,n,1,0.8522157999686897,None,691899,001,2025-11-24_17h55.12.213,soloProject,,2025.1.1,59.867979137718244,2025-11-24 17h55.13.809378 +0530,
Faces/CFD-IM-731-223-N.jpg,n,perfume,n,I,I,3,3,0,m,0,2.194504900020547,None,n,1,0.9194160000188276,None,,,,,,,,,,,,,0,3,3,96,376.47357770003146,,,,,,,,,376.46925910003483,376.47357770003146,376.92549500003224,376.92549500003224,376.9754805000266,379.1262684999965,,,,,379.12763810000615,379.6415631000418,379.6415631000418,380.5752003000234,,,,,,,,,,,,,,,,,,,,,,,,,,,,,,,m,0,2.194504900020547,None,n,1,0.9194160000188276,None,691899,001,2025-11-24_17h55.12.213,soloProject,,2025.1.1,59.867979137718244,2025-11-24 17h55.13.809378 +0530,
Faces/CFD-IF-608-390-N.jpg,m,lipstick,n,C,I,4,4,0,m,1,1.8787714999634773,None,n,1,2.1051286999718286,None,,,,,,,,,,,,,0,4,4,22,380.6248743000324,,,,,,,,,380.6191388000152,380.6248743000324,381.0763732000487,381.0763732000487,381.12537399999565,382.9592079000431,,,,,382.9621510000434,383.4582328000106,383.4582328000106,385.57514930004254,,,,,,,,,,,,,,,,,,,,,,,,,,,,,,,m,1,1.8787714999634773,None,n,1,2.1051286999718286,None,691899,001,2025-11-24_17h55.12.213,soloProject,,2025.1.1,59.867979137718244,2025-11-24 17h55.13.809378 +0530,
Faces/CFD-IM-731-223-N.jpg,n,jewelry,n,I,I,5,5,0,m,0,0.5861178999766707,None,n,1,0.5768798000062816,None,,,,,,,,,,,,,0,5,5,101,385.620278300019,,,,,,,,,385.616033600003,385.620278300019,386.0753923000302,386.0753923000302,386.1261974000372,386.67587249999633,,,,,386.67750290001277,387.1922958000214,387.1922958000214,387.77492510003503,,,,,,,,,,,,,,,,,,,,,,,,,,,,,,,m,0,0.5861178999766707,None,n,1,0.5768798000062816,None,691899,001,2025-11-24_17h55.12.213,soloProject,,2025.1.1,59.867979137718244,2025-11-24 17h55.13.809378 +0530,
Faces/CFD-IF-601-519-N.jpg,m,cigar,m,I,I,6,6,0,m,1,1.604380399978254,None,m,1,2.766428000002634,None,,,,,,,,,,,,,0,6,6,34,387.82502330001444,,,,,,,,,387.8202947000391,387.82502330001444,388.27524640003685,388.27524640003685,388.3252477000351,389.89317620004294,,,,,389.8943276000209,390.4080551000079,390.4080551000079,393.1759993000305,,,,,,,,,,,,,,,,,,,,,,,,,,,,,,,m,1,1.604380399978254,None,m,1,2.766428000002634,None,691899,001,2025-11-24_17h55.12.213,soloProject,,2025.1.1,59.867979137718244,2025-11-24 17h55.13.809378 +0530,
Faces/CFD-IF-602-134-N.jpg,m,doll,n,C,I,7,7,0,m,1,1.0094001999823377,None,n,1,3.7099487999803387,None,,,,,,,,,,,,,0,7,7,7,393.2263508000178,,,,,,,,,393.2221099000308,393.2263508000178,393.6759011000395,393.6759011000395,393.72521930001676,394.69187959999545,,,,,394.693098800024,395.19147439999506,395.19147439999506,398.90875050000614,,,,,,,,,,,,,,,,,,,,,,,,,,,,,,,m,1,1.0094001999823377,None,n,1,3.7099487999803387,None,691899,001,2025-11-24_17h55.12.213,soloProject,,2025.1.1,59.867979137718244,2025-11-24 17h55.13.809378 +0530,
Faces/CFD-IF-605-066-N.jpg,m,jewelry,n,C,I,8,8,0,m,1,0.7668761999811977,None,n,1,0.47109299997100607,None,,,,,,,,,,,,,0,8,8,17,398.95922620000783,,,,,,,,,398.9542163000442,398.95922620000783,399.4091557000065,399.4091557000065,399.45841740001924,400.1921723000123,,,,,400.1948849000037,400.6935822000378,400.6935822000378,401.17488280002726,,,,,,,,,,,,,,,,,,,,,,,,,,,,,,,m,1,0.7668761999811977,None,n,1,0.47109299997100607,None,691899,001,2025-11-24_17h55.12.213,soloProject,,2025.1.1,59.867979137718244,2025-11-24 17h55.13.809378 +0530,
Faces/CFD-IF-602-134-N.jpg,m,perfume,n,C,I,9,9,0,n,0,0.4358454999746755,None,n,1,0.8615890999790281,None,,,,,,,,,,,,,0,9,9,6,401.2326549999998,,,,,,,,,401.2271510999999,401.2326549999998,401.6748227000353,401.6748227000353,401.7415722000296,402.12531500001205,,,,,402.12680920003913,402.6246238000458,402.6246238000458,403.49146660004044,,,,,,,,,,,,,,,,,,,,,,,,,,,,,,,n,0,0.4358454999746755,None,n,1,0.8615890999790281,None,691899,001,2025-11-24_17h55.12.213,soloProject,,2025.1.1,59.867979137718244,2025-11-24 17h55.13.809378 +0530,
Faces/CFD-IF-608-390-N.jpg,m,bowtie,m,I,I,10,10,0,m,1,0.5226531000225805,None,m,1,0.616744099999778,None,,,,,,,,,,,,,0,10,10,50,403.54292390000774,,,,,,,,,403.538171400025,403.54292390000774,403.99172859999817,403.99172859999817,404.05854060000274,404.5252678000252,,,,,404.52645100001246,405.0254294000333,405.0254294000333,405.6430446000304,,,,,,,,,,,,,,,,,,,,,,,,,,,,,,,m,1,0.5226531000225805,None,m,1,0.616744099999778,None,691899,001,2025-11-24_17h55.12.213,soloProject,,2025.1.1,59.867979137718244,2025-11-24 17h55.13.809378 +0530,
Faces/CFD-IM-731-223-N.jpg,n,beer,m,C,I,11,11,0,n,1,0.4109588999999687,None,m,1,0.6832424000022002,None,,,,,,,,,,,,,0,11,11,66,405.6995298000402,,,,,,,,,405.69427510001697,405.6995298000402,406.15826280001784,406.15826280001784,406.20836020004936,406.57574770000065,,,,,406.57691250002244,407.07452110003214,407.07452110003214,407.75842450000346,,,,,,,,,,,,,,,,,,,,,,,,,,,,,,,n,1,0.4109588999999687,None,m,1,0.6832424000022002,None,691899,001,2025-11-24_17h55.12.213,soloProject,,2025.1.1,59.867979137718244,2025-11-24 17h55.13.809378 +0530,
Faces/CFD-IF-608-390-N.jpg,m,doll,n,C,I,12,12,0,m,1,0.6229973000008613,None,n,1,0.5469248999725096,None,,,,,,,,,,,,,0,12,12,19,407.8158968000207,,,,,,,,,407.8108630000497,407.8158968000207,408.25911430001725,408.25911430001725,408.32494620000944,408.8934309000033,,,,,408.89498030004324,409.40844389999984,409.40844389999984,409.9580092999968,,,,,,,,,,,,,,,,,,,,,,,,,,,,,,,m,1,0.6229973000008613,None,n,1,0.5469248999725096,None,691899,001,2025-11-24_17h55.12.213,soloProject,,2025.1.1,59.867979137718244,2025-11-24 17h55.13.809378 +0530,
Faces/CFD-IM-736-361-N.jpg,n,lipstick,n,I,I,13,13,0,n,1,0.7855412000208162,None,n,1,2.9070928000146523,None,,,,,,,,,,,,,0,13,13,106,410.01099010003963,,,,,,,,,410.00674070004607,410.01099010003963,410.45849240000825,410.45849240000825,410.52576590003446,411.2585825000424,,,,,411.26059469999745,411.75783180003054,411.75783180003054,414.67472040001303,,,,,,,,,,,,,,,,,,,,,,,,,,,,,,,n,1,0.7855412000208162,None,n,1,2.9070928000146523,None,691899,001,2025-11-24_17h55.12.213,soloProject,,2025.1.1,59.867979137718244,2025-11-24 17h55.13.809378 +0530,
Faces/CFD-IM-736-361-N.jpg,n,perfume,n,I,I,14,14,0,n,1,2.7487062999862246,None,n,1,0.5252828999655321,None,,,,,,,,,,,,,0,14,14,102,414.7282968000509,,,,,,,,,414.7238355000154,414.7282968000509,415.17478430003393,415.17478430003393,415.2416688000085,417.92541870003333,,,,,417.926786200027,418.4409929999965,418.4409929999965,418.974317300017,,,,,,,,,,,,,,,,,,,,,,,,,,,,,,,n,1,2.7487062999862246,None,n,1,0.5252828999655321,None,691899,001,2025-11-24_17h55.12.213,soloProject,,2025.1.1,59.867979137718244,2025-11-24 17h55.13.809378 +0530,
Faces/CFD-IF-602-134-N.jpg,m,hammer,m,I,I,15,15,0,m,1,0.6462908999528736,None,m,1,2.4109457999584265,None,,,,,,,,,,,,,0,15,15,37,419.0279495000141,,,,,,,,,419.02327900001546,419.0279495000141,419.47490260005,419.47490260005,419.54167629999574,420.126153899997,,,,,420.1274502000306,420.64183960005175,420.64183960005175,423.0580949000432,,,,,,,,,,,,,,,,,,,,,,,,,,,,,,,m,1,0.6462908999528736,None,m,1,2.4109457999584265,None,691899,001,2025-11-24_17h55.12.213,soloProject,,2025.1.1,59.867979137718244,2025-11-24 17h55.13.809378 +0530,
Faces/CFD-IF-605-066-N.jpg,m,dress,n,C,I,16,16,0,m,1,0.6042758999974467,None,n,1,0.6787554000038654,None,,,,,,,,,,,,,0,16,16,15,423.11384310002904,,,,,,,,,423.1091238000081,423.11384310002904,423.55817730003037,423.55817730003037,423.6246497000102,424.17608620005194,,,,,424.17772130004596,424.69093520002207,424.69093520002207,425.37459469999885,,,,,,,,,,,,,,,,,,,,,,,,,,,,,,,m,1,0.6042758999974467,None,n,1,0.6787554000038654,None,691899,001,2025-11-24_17h55.12.213,soloProject,,2025.1.1,59.867979137718244,2025-11-24 17h55.13.809378 +0530,
Faces/CFD-IF-602-134-N.jpg,m,bowtie,m,I,I,17,17,0,m,1,0.9197553999838419,None,m,1,0.5687674999935552,None,,,,,,,,,,,,,0,17,17,38,425.42194140003994,,,,,,,,,425.41762320004636,425.42194140003994,425.8746777000488,425.8746777000488,425.9254990000045,426.8092571000452,,,,,426.81046629999764,427.32450320001226,427.32450320001226,427.90823380002985,,,,,,,,,,,,,,,,,,,,,,,,,,,,,,,m,1,0.9197553999838419,None,m,1,0.5687674999935552,None,691899,001,2025-11-24_17h55.12.213,soloProject,,2025.1.1,59.867979137718244,2025-11-24 17h55.13.809378 +0530,
Faces/CFD-IM-728-041-N.jpg,n,flower,n,I,I,18,18,0,n,1,0.40224260004470125,None,m,0,1.161527699965518,None,,,,,,,,,,,,,0,18,18,92,427.95664020004915,,,,,,,,,427.95232780004153,427.95664020004915,428.4086282000062,428.4086282000062,428.458721700008,428.82549750001635,,,,,428.8267752000247,429.34099190001143,429.34099190001143,430.50787110003876,,,,,,,,,,,,,,,,,,,,,,,,,,,,,,,n,1,0.40224260004470125,None,m,0,1.161527699965518,None,691899,001,2025-11-24_17h55.12.213,soloProject,,2025.1.1,59.867979137718244,2025-11-24 17h55.13.809378 +0530,
Faces/CFD-IM-739-012-N.jpg,n,lipstick,n,I,I,19,19,0,n,1,4.108682699967176,None,n,1,0.5840515000163577,None,,,,,,,,,,,,,0,19,19,118,430.5619122000062,,,,,,,,,430.5572402999969,430.5619122000062,431.00801160000265,431.00801160000265,431.07472600002075,435.1248392999987,,,,,435.12733770004706,435.6405740000191,435.6405740000191,436.2412486000103,,,,,,,,,,,,,,,,,,,,,,,,,,,,,,,n,1,4.108682699967176,None,n,1,0.5840515000163577,None,691899,001,2025-11-24_17h55.12.213,soloProject,,2025.1.1,59.867979137718244,2025-11-24 17h55.13.809378 +0530,
Faces/CFD-IF-601-519-N.jpg,m,beer,m,I,I,20,20,0,m,1,0.8197993999929167,None,m,1,1.1423601999995299,None,,,,,,,,,,,,,0,20,20,30,436.2974641000037,,,,,,,,,436.2932304000133,436.2974641000037,436.7410685000359,436.7410685000359,436.8079312000191,437.5750673000002,,,,,437.57631900004344,438.09063920000335,438.09063920000335,439.24522510002134,,,,,,,,,,,,,,,,,,,,,,,,,,,,,,,m,1,0.8197993999929167,None,m,1,1.1423601999995299,None,691899,001,2025-11-24_17h55.12.213,soloProject,,2025.1.1,59.867979137718244,2025-11-24 17h55.13.809378 +0530,
Faces/CFD-IM-728-041-N.jpg,n,briefcase,m,C,I,21,21,0,n,1,0.7897233000257984,None,m,1,0.6730848999577574,None,,,,,,,,,,,,,0,21,21,63,439.29314530000556,,,,,,,,,439.2886027000495,439.29314530000556,439.7579758000211,439.7579758000211,439.8080417000456,440.55913150002016,,,,,440.56052160001127,441.0736920000054,441.0736920000054,441.75834820000455,,,,,,,,,,,,,,,,,,,,,,,,,,,,,,,n,1,0.7897233000257984,None,m,1,0.6730848999577574,None,691899,001,2025-11-24_17h55.12.213,soloProject,,2025.1.1,59.867979137718244,2025-11-24 17h55.13.809378 +0530,
Faces/CFD-IF-609-408-N.jpg,m,cigar,m,I,I,22,22,0,n,0,0.6617682000505738,None,m,1,0.5224009000230581,None,,,,,,,,,,,,,0,22,22,58,441.813959799998,,,,,,,,,441.80915660003666,441.813959799998,442.2744246000075,442.2744246000075,442.3246348000248,442.9421490000095,,,,,442.9433806000161,443.45771570003126,443.45771570003126,443.99101970001357,,,,,,,,,,,,,,,,,,,,,,,,,,,,,,,n,0,0.6617682000505738,None,m,1,0.5224009000230581,None,691899,001,2025-11-24_17h55.12.213,soloProject,,2025.1.1,59.867979137718244,2025-11-24 17h55.13.809378 +0530,
Faces/CFD-IF-601-519-N.jpg,m,briefcase,m,I,I,23,23,0,m,1,0.5745314999949187,None,m,1,0.5756606999784708,None,,,,,,,,,,,,,0,23,23,33,444.0439307000488,,,,,,,,,444.039081200026,444.0439307000488,444.4919091000338,444.4919091000338,444.5577790000243,445.0752885999973,,,,,445.07739290001336,445.57405789999757,445.57405789999757,446.1575511000119,,,,,,,,,,,,,,,,,,,,,,,,,,,,,,,m,1,0.5745314999949187,None,m,1,0.5756606999784708,None,691899,001,2025-11-24_17h55.12.213,soloProject,,2025.1.1,59.867979137718244,2025-11-24 17h55.13.809378 +0530,
Faces/CFD-IM-736-361-N.jpg,n,hammer,m,C,I,24,24,0,n,1,0.4394474999862723,None,m,1,0.46114460000535473,None,,,,,,,,,,,,,0,24,24,73,446.2101715000463,,,,,,,,,446.20489330001874,446.2101715000463,446.6576600000262,446.6576600000262,446.7243427000358,447.1079016000149,,,,,447.10912650002865,447.60737350001,447.60737350001,448.07436140003847,,,,,,,,,,,,,,,,,,,,,,,,,,,,,,,n,1,0.4394474999862723,None,m,1,0.46114460000535473,None,691899,001,2025-11-24_17h55.12.213,soloProject,,2025.1.1,59.867979137718244,2025-11-24 17h55.13.809378 +0530,
Faces/CFD-IM-728-041-N.jpg,n,perfume,n,I,I,25,25,0,n,1,0.45052000001305714,None,n,1,0.5224328000331298,None,,,,,,,,,,,,,0,25,25,90,448.12008590000914,,,,,,,,,448.1159557000501,448.12008590000914,448.5751085000229,448.5751085000229,448.62468910001917,449.04196240002057,,,,,449.04441910004243,449.5572039000108,449.5572039000108,450.09102450002683,,,,,,,,,,,,,,,,,,,,,,,,,,,,,,,n,1,0.45052000001305714,None,n,1,0.5224328000331298,None,691899,001,2025-11-24_17h55.12.213,soloProject,,2025.1.1,59.867979137718244,2025-11-24 17h55.13.809378 +0530,
Faces/CFD-IF-601-519-N.jpg,m,flower,n,C,I,26,26,0,m,1,0.7415903999935836,None,n,1,2.5040047999937087,None,,,,,,,,,,,,,0,26,26,2,450.14232710003853,,,,,,,,,450.13666070002364,450.14232710003853,450.591471599997,450.591471599997,450.6409971000394,451.3415694000432,,,,,451.34290050005075,451.857123600028,451.857123600028,454.37390700000105,,,,,,,,,,,,,,,,,,,,,,,,,,,,,,,m,1,0.7415903999935836,None,n,1,2.5040047999937087,None,691899,001,2025-11-24_17h55.12.213,soloProject,,2025.1.1,59.867979137718244,2025-11-24 17h55.13.809378 +0530,
Faces/CFD-IF-608-390-N.jpg,m,flower,n,C,I,27,27,0,n,0,0.6949089000117965,None,n,1,1.427544999984093,None,,,,,,,,,,,,,0,27,27,20,454.4255287999986,,,,,,,,,454.420840100036,454.4255287999986,454.8748577000224,454.8748577000224,454.9253363000462,455.5745372000383,,,,,455.5745835000416,456.0742514000158,456.0742514000158,457.50777540000854,,,,,,,,,,,,,,,,,,,,,,,,,,,,,,,n,0,0.6949089000117965,None,n,1,1.427544999984093,None,691899,001,2025-11-24_17h55.12.213,soloProject,,2025.1.1,59.867979137718244,2025-11-24 17h55.13.809378 +0530,
Faces/CFD-IF-609-408-N.jpg,m,briefcase,m,I,I,28,28,0,m,1,0.7963887000223622,None,m,1,0.8277450999594294,None,,,,,,,,,,,,,0,28,28,57,457.5553901999956,,,,,,,,,457.5511244000518,457.5553901999956,458.00794350000797,458.00794350000797,458.0578481000266,458.80797320004785,,,,,458.80925750004826,459.3071783000487,459.3071783000487,460.14119740005117,,,,,,,,,,,,,,,,,,,,,,,,,,,,,,,m,1,0.7963887000223622,None,m,1,0.8277450999594294,None,691899,001,2025-11-24_17h55.12.213,soloProject,,2025.1.1,59.867979137718244,2025-11-24 17h55.13.809378 +0530,
Faces/CFD-IM-731-223-N.jpg,n,hammer,m,C,I,29,29,0,n,1,1.0741987999645062,None,m,1,0.6734644999960437,None,,,,,,,,,,,,,0,29,29,67,460.19174320000457,,,,,,,,,460.1866136000026,460.19174320000457,460.64162670000223,460.64162670000223,460.69084340002155,461.7245198000455,,,,,461.725646100007,462.2236259000492,462.2236259000492,462.90708500001347,,,,,,,,,,,,,,,,,,,,,,,,,,,,,,,n,1,1.0741987999645062,None,m,1,0.6734644999960437,None,691899,001,2025-11-24_17h55.12.213,soloProject,,2025.1.1,59.867979137718244,2025-11-24 17h55.13.809378 +0530,
Faces/CFD-IF-605-066-N.jpg,m,flower,n,C,I,30,30,0,m,1,2.1238123000366613,None,n,1,0.6731688000145368,None,,,,,,,,,,,,,0,30,30,14,462.95553180004936,,,,,,,,,462.95112260000315,462.95553180004936,463.4078700999962,463.4078700999962,463.4575746000046,465.54235850000987,,,,,465.5440145000466,466.0570152000291,466.0570152000291,466.74072689999593,,,,,,,,,,,,,,,,,,,,,,,,,,,,,,,m,1,2.1238123000366613,None,n,1,0.6731688000145368,None,691899,001,2025-11-24_17h55.12.213,soloProject,,2025.1.1,59.867979137718244,2025-11-24 17h55.13.809378 +0530,
Faces/CFD-IF-601-519-N.jpg,m,hammer,m,I,I,31,31,0,m,1,0.9434614999918267,None,m,1,0.6636257999925874,None,,,,,,,,,,,,,0,31,31,31,466.78866110002855,,,,,,,,,466.784432800021,466.78866110002855,467.24084980000043,467.24084980000043,467.29082480003126,468.19104180001887,,,,,468.1922332000104,468.69006950000767,468.69006950000767,469.35774050001055,,,,,,,,,,,,,,,,,,,,,,,,,,,,,,,m,1,0.9434614999918267,None,m,1,0.6636257999925874,None,691899,001,2025-11-24_17h55.12.213,soloProject,,2025.1.1,59.867979137718244,2025-11-24 17h55.13.809378 +0530,
Faces/CFD-IF-608-390-N.jpg,m,beer,m,I,I,32,32,0,m,1,0.7001481999759562,None,m,1,0.4053219999768771,None,,,,,,,,,,,,,0,32,32,48,469.4095615000115,,,,,,,,,469.4052438000217,469.4095615000115,469.8573179000523,469.8573179000523,469.92422360001365,470.5578447000007,,,,,470.5593283000053,471.0738126000506,471.0738126000506,471.4941883000429,,,,,,,,,,,,,,,,,,,,,,,,,,,,,,,m,1,0.7001481999759562,None,m,1,0.4053219999768771,None,691899,001,2025-11-24_17h55.12.213,soloProject,,2025.1.1,59.867979137718244,2025-11-24 17h55.13.809378 +0530,
Faces/CFD-IM-738-191-N.jpg,n,bowtie,m,C,I,33,33,0,n,1,1.043151099991519,None,m,1,0.7261911999667063,None,,,,,,,,,,,,,0,33,33,80,471.5463205000269,,,,,,,,,471.54178940004203,471.5463205000269,472.00740230001975,472.00740230001975,472.0576210000436,473.05777060001856,,,,,473.0605043999967,473.5736211000476,473.5736211000476,474.3077267000335,,,,,,,,,,,,,,,,,,,,,,,,,,,,,,,n,1,1.043151099991519,None,m,1,0.7261911999667063,None,691899,001,2025-11-24_17h55.12.213,soloProject,,2025.1.1,59.867979137718244,2025-11-24 17h55.13.809378 +0530,
Faces/CFD-IM-738-191-N.jpg,n,doll,n,I,I,34,34,0,n,1,1.4652312999824062,None,m,0,3.061204200028442,None,,,,,,,,,,,,,0,34,34,109,474.36205970001174,,,,,,,,,474.35758420004277,474.36205970001174,474.82434520003153,474.82434520003153,474.87397870002314,476.29072260000976,,,,,476.29347390000476,476.7909408000414,476.7909408000414,479.85752600000706,,,,,,,,,,,,,,,,,,,,,,,,,,,,,,,n,1,1.4652312999824062,None,m,0,3.061204200028442,None,691899,001,2025-11-24_17h55.12.213,soloProject,,2025.1.1,59.867979137718244,2025-11-24 17h55.13.809378 +0530,
Faces/CFD-IM-739-012-N.jpg,n,perfume,n,I,I,35,35,0,n,1,2.1297966000274755,None,n,1,0.45230459998128936,None,,,,,,,,,,,,,0,35,35,114,479.90628320001997,,,,,,,,,479.90184760000557,479.90628320001997,480.35712340002647,480.35712340002647,480.40696710004704,482.49187280004844,,,,,482.49320190004073,483.0067466000328,483.0067466000328,483.4740806000191,,,,,,,,,,,,,,,,,,,,,,,,,,,,,,,n,1,2.1297966000274755,None,n,1,0.45230459998128936,None,691899,001,2025-11-24_17h55.12.213,soloProject,,2025.1.1,59.867979137718244,2025-11-24 17h55.13.809378 +0530,
Faces/CFD-IF-608-390-N.jpg,m,perfume,n,C,I,36,36,0,m,1,1.1718249999685213,None,n,1,1.076022599998396,None,,,,,,,,,,,,,0,36,36,18,483.52573620004114,,,,,,,,,483.5212730000494,483.52573620004114,483.9742265000241,483.9742265000241,484.0404387000017,485.15791740000714,,,,,485.1579610000481,485.67290200002026,485.67290200002026,486.7574117000331,,,,,,,,,,,,,,,,,,,,,,,,,,,,,,,m,1,1.1718249999685213,None,n,1,1.076022599998396,None,691899,001,2025-11-24_17h55.12.213,soloProject,,2025.1.1,59.867979137718244,2025-11-24 17h55.13.809378 +0530,
Faces/CFD-IF-608-390-N.jpg,m,briefcase,m,I,I,37,37,0,m,1,0.508519500028342,None,m,1,0.539120199973695,None,,,,,,,,,,,,,0,37,37,51,486.81589410000015,,,,,,,,,486.8106022000429,486.81589410000015,487.2571422000183,487.2571422000183,487.3238121000468,487.77453100000275,,,,,487.7757751000463,488.28987760003656,488.28987760003656,488.84059290000005,,,,,,,,,,,,,,,,,,,,,,,,,,,,,,,m,1,0.508519500028342,None,m,1,0.539120199973695,None,691899,001,2025-11-24_17h55.12.213,soloProject,,2025.1.1,59.867979137718244,2025-11-24 17h55.13.809378 +0530,
Faces/CFD-IF-601-519-N.jpg,m,lipstick,n,C,I,38,38,0,m,1,0.6074468999868259,None,m,0,0.5741449000197463,None,,,,,,,,,,,,,0,38,38,4,488.8936278000474,,,,,,,,,488.8892972000176,488.8936278000474,489.3403733000159,489.3403733000159,489.4077548000496,489.9573572000372,,,,,489.9587332000374,490.4564359000069,490.4564359000069,491.04214170004707,,,,,,,,,,,,,,,,,,,,,,,,,,,,,,,m,1,0.6074468999868259,None,m,0,0.5741449000197463,None,691899,001,2025-11-24_17h55.12.213,soloProject,,2025.1.1,59.867979137718244,2025-11-24 17h55.13.809378 +0530,
Faces/CFD-IF-605-066-N.jpg,m,bowtie,m,I,I,39,39,0,n,0,2.274929200008046,None,n,0,2.1972229999955744,None,,,,,,,,,,,,,0,39,39,44,491.0915519000264,,,,,,,,,491.0869633000111,491.0915519000264,491.55685520003317,491.55685520003317,491.5899768000236,493.84056260000216,,,,,493.8437922000303,494.33968240005197,494.33968240005197,496.53986110002734,,,,,,,,,,,,,,,,,,,,,,,,,,,,,,,n,0,2.274929200008046,None,n,0,2.1972229999955744,None,691899,001,2025-11-24_17h55.12.213,soloProject,,2025.1.1,59.867979137718244,2025-11-24 17h55.13.809378 +0530,
Faces/CFD-IM-738-191-N.jpg,n,flower,n,I,I,40,40,0,n,1,2.263526900031138,None,n,1,0.6157930000335909,None,,,,,,,,,,,,,0,40,40,110,496.6014283000259,,,,,,,,,496.5960325000342,496.6014283000259,497.0407509000506,497.0407509000506,497.1067752999952,499.3074476000038,,,,,499.3087938000099,499.80625030002557,499.80625030002557,500.42389010003535,,,,,,,,,,,,,,,,,,,,,,,,,,,,,,,n,1,2.263526900031138,None,n,1,0.6157930000335909,None,691899,001,2025-11-24_17h55.12.213,soloProject,,2025.1.1,59.867979137718244,2025-11-24 17h55.13.809378 +0530,
Faces/CFD-IF-609-408-N.jpg,m,jewelry,n,C,I,41,41,0,m,1,0.5943611999973655,None,n,1,0.6833938999916427,None,,,,,,,,,,,,,0,41,41,29,500.47015450004255,,,,,,,,,500.4648795000394,500.47015450004255,500.94060250004986,500.94060250004986,500.97420200001216,501.5414294000366,,,,,501.54272050003055,502.05625140003394,502.05625140003394,502.7400134000345,,,,,,,,,,,,,,,,,,,,,,,,,,,,,,,m,1,0.5943611999973655,None,n,1,0.6833938999916427,None,691899,001,2025-11-24_17h55.12.213,soloProject,,2025.1.1,59.867979137718244,2025-11-24 17h55.13.809378 +0530,
Faces/CFD-IF-609-408-N.jpg,m,hammer,m,I,I,42,42,0,m,1,0.4555540999863297,None,m,1,0.5522416000021622,None,,,,,,,,,,,,,0,42,42,55,502.78893410001183,,,,,,,,,502.78386100003263,502.78893410001183,503.24009320000187,503.24009320000187,503.2900490000029,503.70687430002727,,,,,503.7080977000296,504.2061819000519,504.2061819000519,504.773416800017,,,,,,,,,,,,,,,,,,,,,,,,,,,,,,,m,1,0.4555540999863297,None,m,1,0.5522416000021622,None,691899,001,2025-11-24_17h55.12.213,soloProject,,2025.1.1,59.867979137718244,2025-11-24 17h55.13.809378 +0530,
Faces/CFD-IM-728-041-N.jpg,n,lipstick,n,I,I,43,43,0,n,1,0.5784641000209376,None,n,1,2.451828499964904,None,,,,,,,,,,,,,0,43,43,94,504.8230159000377,,,,,,,,,504.81805550004356,504.8230159000377,505.27359260001685,505.27359260001685,505.323722000001,505.8577310999972,,,,,505.8593095000251,506.3728286999976,506.3728286999976,508.8400704000378,,,,,,,,,,,,,,,,,,,,,,,,,,,,,,,n,1,0.5784641000209376,None,n,1,2.451828499964904,None,691899,001,2025-11-24_17h55.12.213,soloProject,,2025.1.1,59.867979137718244,2025-11-24 17h55.13.809378 +0530,
Faces/CFD-IM-736-361-N.jpg,n,football,m,C,I,44,44,0,n,1,2.2496738000190817,None,m,1,0.6738004999933764,None,,,,,,,,,,,,,0,44,44,77,508.8931021000026,,,,,,,,,508.88835640001344,508.8931021000026,509.3402828000253,509.3402828000253,509.4073509000009,511.59025340003427,,,,,511.5923812999972,512.0895643000258,512.0895643000258,512.7731220000423,,,,,,,,,,,,,,,,,,,,,,,,,,,,,,,n,1,2.2496738000190817,None,m,1,0.6738004999933764,None,691899,001,2025-11-24_17h55.12.213,soloProject,,2025.1.1,59.867979137718244,2025-11-24 17h55.13.809378 +0530,
Faces/CFD-IM-736-361-N.jpg,n,jewelry,n,I,I,45,45,0,n,1,0.5126012000255287,None,m,0,0.4849250999977812,None,,,,,,,,,,,,,0,45,45,107,512.8205055000144,,,,,,,,,512.8160025000107,512.8205055000144,513.2737247000332,513.2737247000332,513.3239455000148,513.7908276999951,,,,,513.7923004000331,514.2897065000143,514.2897065000143,514.789895599999,,,,,,,,,,,,,,,,,,,,,,,,,,,,,,,n,1,0.5126012000255287,None,m,0,0.4849250999977812,None,691899,001,2025-11-24_17h55.12.213,soloProject,,2025.1.1,59.867979137718244,2025-11-24 17h55.13.809378 +0530,
Faces/CFD-IF-608-390-N.jpg,m,football,m,I,I,46,46,0,m,1,0.5514658999745734,None,m,1,0.5076683999504894,None,,,,,,,,,,,,,0,46,46,53,514.8395347000333,,,,,,,,,514.8350331000402,514.8395347000333,515.290567899996,515.290567899996,515.3400767000276,515.8575495000114,,,,,515.8602395000053,516.372906500008,516.372906500008,516.8900906000054,,,,,,,,,,,,,,,,,,,,,,,,,,,,,,,m,1,0.5514658999745734,None,m,1,0.5076683999504894,None,691899,001,2025-11-24_17h55.12.213,soloProject,,2025.1.1,59.867979137718244,2025-11-24 17h55.13.809378 +0530,
Faces/CFD-IF-608-390-N.jpg,m,dress,n,C,I,47,47,0,m,1,0.567133600008674,None,n,1,0.4565077999723144,None,,,,,,,,,,,,,0,47,47,21,516.9445894000237,,,,,,,,,516.9394171000458,516.9445894000237,517.3906013000524,517.3906013000524,517.4570976000396,517.9579434000188,,,,,517.9594528000453,518.4735631000367,518.4735631000367,518.9402954000398,,,,,,,,,,,,,,,,,,,,,,,,,,,,,,,m,1,0.567133600008674,None,n,1,0.4565077999723144,None,691899,001,2025-11-24_17h55.12.213,soloProject,,2025.1.1,59.867979137718244,2025-11-24 17h55.13.809378 +0530,
Faces/CFD-IF-605-066-N.jpg,m,doll,n,C,I,48,48,0,m,1,0.9968790999846533,None,n,1,0.5250909000169486,None,,,,,,,,,,,,,0,48,48,13,518.9964558000211,,,,,,,,,518.991465100029,518.9964558000211,519.4400614000042,519.4400614000042,519.5064698000206,520.4400013000122,,,,,520.4412378999987,520.9392411000445,520.9392411000445,521.4728843000485,,,,,,,,,,,,,,,,,,,,,,,,,,,,,,,m,1,0.9968790999846533,None,n,1,0.5250909000169486,None,691899,001,2025-11-24_17h55.12.213,soloProject,,2025.1.1,59.867979137718244,2025-11-24 17h55.13.809378 +0530,
Faces/CFD-IM-739-012-N.jpg,n,doll,n,I,I,49,49,0,n,1,0.47366890002740547,None,n,1,0.6953357000020333,None,,,,,,,,,,,,,0,49,49,115,521.5325258999947,,,,,,,,,521.5267550999997,521.5325258999947,521.9733835000079,521.9733835000079,522.0404192000278,522.4568091999972,,,,,522.4568532000412,522.9559250000166,522.9559250000166,523.656856000016,,,,,,,,,,,,,,,,,,,,,,,,,,,,,,,n,1,0.47366890002740547,None,n,1,0.6953357000020333,None,691899,001,2025-11-24_17h55.12.213,soloProject,,2025.1.1,59.867979137718244,2025-11-24 17h55.13.809378 +0530,
Faces/CFD-IF-605-066-N.jpg,m,football,m,I,I,50,50,0,n,0,0.5156713000033051,None,m,1,1.6436124999891035,None,,,,,,,,,,,,,0,50,50,47,523.713120200031,,,,,,,,,523.7077764000278,523.713120200031,524.1732239000266,524.1732239000266,524.2237544000382,524.6904741000035,,,,,524.6921278000227,525.2059018000145,525.2059018000145,526.8569377000094,,,,,,,,,,,,,,,,,,,,,,,,,,,,,,,n,0,0.5156713000033051,None,m,1,1.6436124999891035,None,691899,001,2025-11-24_17h55.12.213,soloProject,,2025.1.1,59.867979137718244,2025-11-24 17h55.13.809378 +0530,
Faces/CFD-IF-605-066-N.jpg,m,hammer,m,I,I,51,51,0,m,1,0.4453440000070259,None,n,0,0.9801301999832503,None,,,,,,,,,,,,,0,51,51,43,526.9132106000325,,,,,,,,,526.9088959000073,526.9132106000325,527.3562896000221,527.3562896000221,527.4230969000491,527.8085844000452,,,,,527.8101094000158,528.3225507000461,528.3225507000461,529.3057785000419,,,,,,,,,,,,,,,,,,,,,,,,,,,,,,,m,1,0.4453440000070259,None,n,0,0.9801301999832503,None,691899,001,2025-11-24_17h55.12.213,soloProject,,2025.1.1,59.867979137718244,2025-11-24 17h55.13.809378 +0530,
Faces/CFD-IM-736-361-N.jpg,n,bowtie,m,C,I,52,52,0,n,1,6.272023300000001,None,m,1,0.8176246000220999,None,,,,,,,,,,,,,0,52,52,74,529.361243500025,,,,,,,,,529.3568566000322,529.361243500025,529.8064092000131,529.8064092000131,529.8732939000474,536.0902815000154,,,,,536.0918248000089,536.6057555000298,536.6057555000298,537.4398168000043,,,,,,,,,,,,,,,,,,,,,,,,,,,,,,,n,1,6.272023300000001,None,m,1,0.8176246000220999,None,691899,001,2025-11-24_17h55.12.213,soloProject,,2025.1.1,59.867979137718244,2025-11-24 17h55.13.809378 +0530,
Faces/CFD-IF-609-408-N.jpg,m,perfume,n,C,I,53,53,0,m,1,1.3227047999971546,None,n,1,2.0287302999640815,None,,,,,,,,,,,,,0,53,53,24,537.5076859000255,,,,,,,,,537.503349400009,537.5076859000255,537.9402404000284,537.9402404000284,538.0063060999964,539.2731887000264,,,,,539.2752551000449,539.7726141000167,539.7726141000167,541.8062262000167,,,,,,,,,,,,,,,,,,,,,,,,,,,,,,,m,1,1.3227047999971546,None,n,1,2.0287302999640815,None,691899,001,2025-11-24_17h55.12.213,soloProject,,2025.1.1,59.867979137718244,2025-11-24 17h55.13.809378 +0530,
Faces/CFD-IF-602-134-N.jpg,m,cigar,m,I,I,54,54,0,m,1,0.6539299999712966,None,m,1,4.474898100015707,None,,,,,,,,,,,,,0,54,54,40,541.8701113000279,,,,,,,,,541.864961000043,541.8701113000279,542.3066624000203,542.3066624000203,542.3730397000327,542.9733070000075,,,,,542.9758125000517,543.4735383000225,543.4735383000225,547.9557733000256,,,,,,,,,,,,,,,,,,,,,,,,,,,,,,,m,1,0.6539299999712966,None,m,1,4.474898100015707,None,691899,001,2025-11-24_17h55.12.213,soloProject,,2025.1.1,59.867979137718244,2025-11-24 17h55.13.809378 +0530,
Faces/CFD-IM-739-012-N.jpg,n,hammer,m,C,I,55,55,0,n,1,4.161296400008723,None,m,1,3.178540699998848,None,,,,,,,,,,,,,0,55,55,85,548.0072789000114,,,,,,,,,548.0019969000132,548.0072789000114,548.4564842000254,548.4564842000254,548.5063317000167,552.6231645000516,,,,,552.6244701000396,553.122901100025,553.122901100025,556.3059752000263,,,,,,,,,,,,,,,,,,,,,,,,,,,,,,,n,1,4.161296400008723,None,m,1,3.178540699998848,None,691899,001,2025-11-24_17h55.12.213,soloProject,,2025.1.1,59.867979137718244,2025-11-24 17h55.13.809378 +0530,
Faces/CFD-IF-601-519-N.jpg,m,jewelry,n,C,I,56,56,0,m,1,0.8101485999650322,None,n,1,0.5256117000244558,None,,,,,,,,,,,,,0,56,56,5,556.3648063000292,,,,,,,,,556.3598036000039,556.3648063000292,556.8061438000295,556.8061438000295,556.8731120000011,557.6229723000433,,,,,557.6243286000099,558.1224335000152,558.1224335000152,558.6561612000223,,,,,,,,,,,,,,,,,,,,,,,,,,,,,,,m,1,0.8101485999650322,None,n,1,0.5256117000244558,None,691899,001,2025-11-24_17h55.12.213,soloProject,,2025.1.1,59.867979137718244,2025-11-24 17h55.13.809378 +0530,
Faces/CFD-IM-738-191-N.jpg,n,perfume,n,I,I,57,57,0,n,1,0.5906106000184081,None,n,1,0.5574348999653012,None,,,,,,,,,,,,,0,57,57,108,558.7258580000489,,,,,,,,,558.7197868000367,558.7258580000489,559.1559803000418,559.1559803000418,559.2393627000274,559.7564089000225,,,,,559.7578238000278,560.2726813000045,560.2726813000045,560.8392804000177,,,,,,,,,,,,,,,,,,,,,,,,,,,,,,,n,1,0.5906106000184081,None,n,1,0.5574348999653012,None,691899,001,2025-11-24_17h55.12.213,soloProject,,2025.1.1,59.867979137718244,2025-11-24 17h55.13.809378 +0530,
Faces/CFD-IM-739-012-N.jpg,n,cigar,m,C,I,58,58,0,n,1,0.4227278999751434,None,m,1,0.491241000010632,None,,,,,,,,,,,,,0,58,58,88,560.9008588000434,,,,,,,,,560.8958691000007,560.9008588000434,561.3392981000361,561.3392981000361,561.4058326000231,561.7737264000461,,,,,561.7762076000217,562.2886303000269,562.2886303000269,562.7887818000163,,,,,,,,,,,,,,,,,,,,,,,,,,,,,,,n,1,0.4227278999751434,None,m,1,0.491241000010632,None,691899,001,2025-11-24_17h55.12.213,soloProject,,2025.1.1,59.867979137718244,2025-11-24 17h55.13.809378 +0530,
Faces/CFD-IM-738-191-N.jpg,n,lipstick,n,I,I,59,59,0,n,1,0.44218529999488965,None,n,1,0.44514929997967556,None,,,,,,,,,,,,,0,59,59,112,562.8471785000293,,,,,,,,,562.8423166000284,562.8471785000293,563.2892179000191,563.2892179000191,563.3563319999957,563.7395397000364,,,,,563.7407719000475,564.2386331000016,564.2386331000016,564.6889404000249,,,,,,,,,,,,,,,,,,,,,,,,,,,,,,,n,1,0.44218529999488965,None,n,1,0.44514929997967556,None,691899,001,2025-11-24_17h55.12.213,soloProject,,2025.1.1,59.867979137718244,2025-11-24 17h55.13.809378 +0530,
Faces/CFD-IF-601-519-N.jpg,m,bowtie,m,I,I,60,60,0,m,1,0.6131503999931738,None,m,1,0.6712129999650642,None,,,,,,,,,,,,,0,60,60,32,564.7552871000371,,,,,,,,,564.749350500002,564.7552871000371,565.18899960001,565.18899960001,565.2562695000088,565.8064028000226,,,,,565.8082773000351,566.3054094000254,566.3054094000254,566.9889730000286,,,,,,,,,,,,,,,,,,,,,,,,,,,,,,,m,1,0.6131503999931738,None,m,1,0.6712129999650642,None,691899,001,2025-11-24_17h55.12.213,soloProject,,2025.1.1,59.867979137718244,2025-11-24 17h55.13.809378 +0530,
Faces/CFD-IM-736-361-N.jpg,n,beer,m,C,I,61,61,0,n,1,0.46414090000325814,None,m,1,0.7525229000020772,None,,,,,,,,,,,,,0,61,61,72,567.0414871000103,,,,,,,,,567.0361161000328,567.0414871000103,567.489953100041,567.489953100041,567.5558026000508,567.9561013000202,,,,,567.9572068999987,568.4556976000313,568.4556976000313,569.2220709000248,,,,,,,,,,,,,,,,,,,,,,,,,,,,,,,n,1,0.46414090000325814,None,m,1,0.7525229000020772,None,691899,001,2025-11-24_17h55.12.213,soloProject,,2025.1.1,59.867979137718244,2025-11-24 17h55.13.809378 +0530,
Faces/CFD-IF-605-066-N.jpg,m,briefcase,m,I,I,62,62,0,n,0,0.6743750000023283,None,m,1,0.7294701000209898,None,,,,,,,,,,,,,0,62,62,45,569.2762651999947,,,,,,,,,569.2699739999953,569.2762651999947,569.7225018000463,569.7225018000463,569.7888838000363,570.4062522000168,,,,,570.4087942000479,570.9218978999997,570.9218978999997,571.6557252000202,,,,,,,,,,,,,,,,,,,,,,,,,,,,,,,n,0,0.6743750000023283,None,m,1,0.7294701000209898,None,691899,001,2025-11-24_17h55.12.213,soloProject,,2025.1.1,59.867979137718244,2025-11-24 17h55.13.809378 +0530,
Faces/CFD-IM-738-191-N.jpg,n,jewelry,n,I,I,63,63,0,n,1,1.873379600001499,None,n,1,0.5587450999883004,None,,,,,,,,,,,,,0,63,63,113,571.7125096000382,,,,,,,,,571.7075841000187,571.7125096000382,572.155976900016,572.155976900016,572.222382100008,574.0394751999993,,,,,574.0416588000371,574.5384043999948,574.5384043999948,575.1056243000203,,,,,,,,,,,,,,,,,,,,,,,,,,,,,,,n,1,1.873379600001499,None,n,1,0.5587450999883004,None,691899,001,2025-11-24_17h55.12.213,soloProject,,2025.1.1,59.867979137718244,2025-11-24 17h55.13.809378 +0530,
Faces/CFD-IF-602-134-N.jpg,m,briefcase,m,I,I,64,64,0,m,1,0.549747799988836,None,m,1,0.7991574999759905,None,,,,,,,,,,,,,0,64,64,39,575.1580796000198,,,,,,,,,575.1528937999974,575.1580796000198,575.605815500021,575.605815500021,575.6721996000269,576.1563480000477,,,,,576.1575810000068,576.6559325000271,576.6559325000271,577.4554924000404,,,,,,,,,,,,,,,,,,,,,,,,,,,,,,,m,1,0.549747799988836,None,m,1,0.7991574999759905,None,691899,001,2025-11-24_17h55.12.213,soloProject,,2025.1.1,59.867979137718244,2025-11-24 17h55.13.809378 +0530,
Faces/CFD-IF-608-390-N.jpg,m,cigar,m,I,I,65,65,0,m,1,1.327958799956832,None,m,1,0.4687567999935709,None,,,,,,,,,,,,,0,65,65,52,577.5086219000514,,,,,,,,,577.5040498000453,577.5086219000514,577.9562046000501,577.9562046000501,578.0222268000362,579.2893359000445,,,,,579.2917870000238,579.7883370000054,579.7883370000054,580.2573046000325,,,,,,,,,,,,,,,,,,,,,,,,,,,,,,,m,1,1.327958799956832,None,m,1,0.4687567999935709,None,691899,001,2025-11-24_17h55.12.213,soloProject,,2025.1.1,59.867979137718244,2025-11-24 17h55.13.809378 +0530,
Faces/CFD-IF-609-408-N.jpg,m,football,m,I,I,66,66,0,m,1,0.5015303999534808,None,m,1,0.43253099999856204,None,,,,,,,,,,,,,0,66,66,59,580.3041575000389,,,,,,,,,580.2996415000525,580.3041575000389,580.7724857000285,580.7724857000285,580.8056921000243,581.2890477000037,,,,,581.2903830000432,581.7884689000202,581.7884689000202,582.2228499000194,,,,,,,,,,,,,,,,,,,,,,,,,,,,,,,m,1,0.5015303999534808,None,m,1,0.43253099999856204,None,691899,001,2025-11-24_17h55.12.213,soloProject,,2025.1.1,59.867979137718244,2025-11-24 17h55.13.809378 +0530,
Faces/CFD-IM-731-223-N.jpg,n,doll,n,I,I,67,67,0,n,1,0.6120198999997228,None,m,0,1.345170800050255,None,,,,,,,,,,,,,0,67,67,97,582.271533399995,,,,,,,,,582.2673288000515,582.271533399995,582.7223085000296,582.7223085000296,582.7720849000034,583.339011700009,,,,,583.3402792999987,583.8383939000196,583.8383939000196,585.1893396000378,,,,,,,,,,,,,,,,,,,,,,,,,,,,,,,n,1,0.6120198999997228,None,m,0,1.345170800050255,None,691899,001,2025-11-24_17h55.12.213,soloProject,,2025.1.1,59.867979137718244,2025-11-24 17h55.13.809378 +0530,
Faces/CFD-IM-738-191-N.jpg,n,briefcase,m,C,I,68,68,0,n,1,1.741640800028108,None,m,1,1.0779772999812849,None,,,,,,,,,,,,,0,68,68,81,585.2420431000064,,,,,,,,,585.2378510000417,585.2420431000064,585.6890665999963,585.6890665999963,585.7561601000489,587.4393873000517,,,,,587.4408688000403,587.9548032000312,587.9548032000312,589.0387907000259,,,,,,,,,,,,,,,,,,,,,,,,,,,,,,,n,1,1.741640800028108,None,m,1,1.0779772999812849,None,691899,001,2025-11-24_17h55.12.213,soloProject,,2025.1.1,59.867979137718244,2025-11-24 17h55.13.809378 +0530,
Faces/CFD-IF-609-408-N.jpg,m,doll,n,C,I,69,69,0,m,1,0.8387657999992371,None,n,1,2.0527500999742188,None,,,,,,,,,,,,,0,69,69,25,589.0864956000005,,,,,,,,,589.0821213000454,589.0864956000005,589.53860910004,589.53860910004,589.5890132000204,590.3892434000154,,,,,590.3916384000331,590.8884826000431,590.8884826000431,592.9551600000123,,,,,,,,,,,,,,,,,,,,,,,,,,,,,,,m,1,0.8387657999992371,None,n,1,2.0527500999742188,None,691899,001,2025-11-24_17h55.12.213,soloProject,,2025.1.1,59.867979137718244,2025-11-24 17h55.13.809378 +0530,
Faces/CFD-IF-601-519-N.jpg,m,doll,n,C,I,70,70,0,n,0,0.8129992000176571,None,n,1,0.4758682000101544,None,,,,,,,,,,,,,0,70,70,1,593.004007600015,,,,,,,,,592.9990115000401,593.004007600015,593.4551930000307,593.4551930000307,593.5052890000516,594.2727281000116,,,,,594.2727739000111,594.788362900028,594.788362900028,595.2722651000367,,,,,,,,,,,,,,,,,,,,,,,,,,,,,,,n,0,0.8129992000176571,None,n,1,0.4758682000101544,None,691899,001,2025-11-24_17h55.12.213,soloProject,,2025.1.1,59.867979137718244,2025-11-24 17h55.13.809378 +0530,
Faces/CFD-IM-731-223-N.jpg,n,bowtie,m,C,I,71,71,0,n,1,6.702307600004133,None,m,1,0.9404814000008628,None,,,,,,,,,,,,,0,71,71,68,595.3213403000263,,,,,,,,,595.3165369000053,595.3213403000263,595.7721400000155,595.7721400000155,595.8220545000513,602.4901357000344,,,,,602.4914179000189,603.0048108000192,603.0048108000192,603.9546901000431,,,,,,,,,,,,,,,,,,,,,,,,,,,,,,,n,1,6.702307600004133,None,m,1,0.9404814000008628,None,691899,001,2025-11-24_17h55.12.213,soloProject,,2025.1.1,59.867979137718244,2025-11-24 17h55.13.809378 +0530,
Faces/CFD-IF-609-408-N.jpg,m,dress,n,C,I,72,72,0,m,1,0.46263960003852844,None,n,1,0.5420625999686308,None,,,,,,,,,,,,,0,72,72,27,604.0054226000211,,,,,,,,,604.0006009000354,604.0054226000211,604.4551005000249,604.4551005000249,604.5058542000479,604.9226179000107,,,,,604.9241283000447,605.4380243000342,605.4380243000342,605.9890495000291,,,,,,,,,,,,,,,,,,,,,,,,,,,,,,,m,1,0.46263960003852844,None,n,1,0.5420625999686308,None,691899,001,2025-11-24_17h55.12.213,soloProject,,2025.1.1,59.867979137718244,2025-11-24 17h55.13.809378 +0530,
Faces/CFD-IM-736-361-N.jpg,n,dress,n,I,I,73,73,0,n,1,0.47932919999584556,None,n,1,0.5737123000435531,None,,,,,,,,,,,,,0,73,73,105,606.048445500026,,,,,,,,,606.0433969000005,606.048445500026,606.4886816000217,606.4886816000217,606.5550521000405,606.9718964000349,,,,,606.9719433000428,607.472343100002,607.472343100002,608.0545091000386,,,,,,,,,,,,,,,,,,,,,,,,,,,,,,,n,1,0.47932919999584556,None,n,1,0.5737123000435531,None,691899,001,2025-11-24_17h55.12.213,soloProject,,2025.1.1,59.867979137718244,2025-11-24 17h55.13.809378 +0530,
Faces/CFD-IM-738-191-N.jpg,n,dress,n,I,I,74,74,0,n,1,1.7797699000220746,None,n,1,5.272366999997757,None,,,,,,,,,,,,,0,74,74,111,608.1047797000501,,,,,,,,,608.1001145000337,608.1047797000501,608.5549036000157,608.5549036000157,608.6054310000036,610.3387570000486,,,,,610.3388017000398,610.8545967999962,610.8545967999962,616.1387103000307,,,,,,,,,,,,,,,,,,,,,,,,,,,,,,,n,1,1.7797699000220746,None,n,1,5.272366999997757,None,691899,001,2025-11-24_17h55.12.213,soloProject,,2025.1.1,59.867979137718244,2025-11-24 17h55.13.809378 +0530,
Faces/CFD-IM-739-012-N.jpg,n,football,m,C,I,75,75,0,n,1,0.737674500036519,None,m,1,0.47443500004010275,None,,,,,,,,,,,,,0,75,75,89,616.1960149000515,,,,,,,,,616.1901885000407,616.1960149000515,616.6383104000124,616.6383104000124,616.7056993000442,617.389339800051,,,,,617.3916492999997,617.9042832000414,617.9042832000414,618.3881794000044,,,,,,,,,,,,,,,,,,,,,,,,,,,,,,,n,1,0.737674500036519,None,m,1,0.47443500004010275,None,691899,001,2025-11-24_17h55.12.213,soloProject,,2025.1.1,59.867979137718244,2025-11-24 17h55.13.809378 +0530,
Faces/CFD-IF-608-390-N.jpg,m,hammer,m,I,I,76,76,0,n,0,0.4073052000021562,None,m,1,1.104013100033626,None,,,,,,,,,,,,,0,76,76,49,618.4381414999953,,,,,,,,,618.4333850000403,618.4381414999953,618.8883780000033,618.8883780000033,618.9388361000456,619.3054980000015,,,,,619.306789299997,619.8043396000285,619.8043396000285,620.9215202000341,,,,,,,,,,,,,,,,,,,,,,,,,,,,,,,n,0,0.4073052000021562,None,m,1,1.104013100033626,None,691899,001,2025-11-24_17h55.12.213,soloProject,,2025.1.1,59.867979137718244,2025-11-24 17h55.13.809378 +0530,
Faces/CFD-IM-728-041-N.jpg,n,doll,n,I,I,77,77,0,n,1,0.5649240000057034,None,n,1,0.7270130999968387,None,,,,,,,,,,,,,0,77,77,91,620.9694784000167,,,,,,,,,620.9642861000029,620.9694784000167,621.4215705000097,621.4215705000097,621.4713938000496,621.9888161999988,,,,,621.990302900027,622.5042104000458,622.5042104000458,623.2388544999994,,,,,,,,,,,,,,,,,,,,,,,,,,,,,,,n,1,0.5649240000057034,None,n,1,0.7270130999968387,None,691899,001,2025-11-24_17h55.12.213,soloProject,,2025.1.1,59.867979137718244,2025-11-24 17h55.13.809378 +0530,
Faces/CFD-IF-609-408-N.jpg,m,beer,m,I,I,78,78,0,m,1,0.48879900004249066,None,m,1,0.4468987000291236,None,,,,,,,,,,,,,0,78,78,54,623.2864538000431,,,,,,,,,623.281923100003,623.2864538000431,623.7545858000522,623.7545858000522,623.7886724999989,624.2550892000436,,,,,624.2563145000022,624.7542228000239,624.7542228000239,625.2047711000196,,,,,,,,,,,,,,,,,,,,,,,,,,,,,,,m,1,0.48879900004249066,None,m,1,0.4468987000291236,None,691899,001,2025-11-24_17h55.12.213,soloProject,,2025.1.1,59.867979137718244,2025-11-24 17h55.13.809378 +0530,
Faces/CFD-IF-601-519-N.jpg,m,football,m,I,I,79,79,0,m,1,0.4636066000093706,None,m,1,0.4682160999509506,None,,,,,,,,,,,,,0,79,79,35,625.255063700024,,,,,,,,,625.250182799995,625.255063700024,625.7055312000448,625.7055312000448,625.7555559000466,626.1729422000353,,,,,626.1742900999961,626.6874184000189,626.6874184000189,627.1719778000261,,,,,,,,,,,,,,,,,,,,,,,,,,,,,,,m,1,0.4636066000093706,None,m,1,0.4682160999509506,None,691899,001,2025-11-24_17h55.12.213,soloProject,,2025.1.1,59.867979137718244,2025-11-24 17h55.13.809378 +0530,
Faces/CFD-IM-728-041-N.jpg,n,bowtie,m,C,I,80,80,0,n,1,0.44729199999710545,None,m,1,0.6101228999905288,None,,,,,,,,,,,,,0,80,80,62,627.2195173000218,,,,,,,,,627.2145400000154,627.2195173000218,627.6711648000055,627.6711648000055,627.7218710000161,628.1220374000259,,,,,628.1232392000384,628.6211317999987,628.6211317999987,629.2381276000524,,,,,,,,,,,,,,,,,,,,,,,,,,,,,,,n,1,0.44729199999710545,None,m,1,0.6101228999905288,None,691899,001,2025-11-24_17h55.12.213,soloProject,,2025.1.1,59.867979137718244,2025-11-24 17h55.13.809378 +0530,
Faces/CFD-IF-609-408-N.jpg,m,lipstick,n,C,I,81,81,0,m,1,0.6923712000134401,None,n,1,0.8430428000283428,None,,,,,,,,,,,,,0,81,81,28,629.2947207000107,,,,,,,,,629.2888221000321,629.2947207000107,629.7379490000312,629.7379490000312,629.8045883000013,630.438383300032,,,,,630.4401319000171,630.937508700008,630.937508700008,631.7879943000153,,,,,,,,,,,,,,,,,,,,,,,,,,,,,,,m,1,0.6923712000134401,None,n,1,0.8430428000283428,None,691899,001,2025-11-24_17h55.12.213,soloProject,,2025.1.1,59.867979137718244,2025-11-24 17h55.13.809378 +0530,
Faces/CFD-IF-602-134-N.jpg,m,football,m,I,I,82,82,0,m,1,2.4495752999791875,None,m,1,1.283850200008601,None,,,,,,,,,,,,,0,82,82,41,631.8367863000021,,,,,,,,,631.832361400011,631.8367863000021,632.2880599000491,632.2880599000491,632.3382174000144,634.7386608000379,,,,,634.7399826000328,635.2380603000056,635.2380603000056,636.5380682999967,,,,,,,,,,,,,,,,,,,,,,,,,,,,,,,m,1,2.4495752999791875,None,m,1,1.283850200008601,None,691899,001,2025-11-24_17h55.12.213,soloProject,,2025.1.1,59.867979137718244,2025-11-24 17h55.13.809378 +0530,
Faces/CFD-IF-602-134-N.jpg,m,jewelry,n,C,I,83,83,0,m,1,0.3968413000111468,None,n,1,0.48383619997184724,None,,,,,,,,,,,,,0,83,83,11,636.5854114000103,,,,,,,,,636.5812110000406,636.5854114000103,637.0385880999966,637.0385880999966,637.0886054000002,637.4385639000102,,,,,637.4400069999974,637.9375835999963,637.9375835999963,638.4218735000468,,,,,,,,,,,,,,,,,,,,,,,,,,,,,,,m,1,0.3968413000111468,None,n,1,0.48383619997184724,None,691899,001,2025-11-24_17h55.12.213,soloProject,,2025.1.1,59.867979137718244,2025-11-24 17h55.13.809378 +0530,
Faces/CFD-IM-731-223-N.jpg,n,briefcase,m,C,I,84,84,0,n,1,0.6918439999572001,None,m,1,1.0057088999892585,None,,,,,,,,,,,,,0,84,84,69,638.468379100028,,,,,,,,,638.4637677000137,638.468379100028,638.9212140000309,638.9212140000309,638.9716562000103,639.6217057000031,,,,,639.6229574000463,640.1213165000081,640.1213165000081,641.1397415000247,,,,,,,,,,,,,,,,,,,,,,,,,,,,,,,n,1,0.6918439999572001,None,m,1,1.0057088999892585,None,691899,001,2025-11-24_17h55.12.213,soloProject,,2025.1.1,59.867979137718244,2025-11-24 17h55.13.809378 +0530,
Faces/CFD-IM-739-012-N.jpg,n,jewelry,n,I,I,85,85,0,n,1,0.5302975000231527,None,n,1,0.7600683000055142,None,,,,,,,,,,,,,0,85,85,119,641.1885911000427,,,,,,,,,641.1837933000061,641.1885911000427,641.6551576000056,641.6551576000056,641.6882829000242,642.1882915000315,,,,,642.1896888000192,642.7046121000312,642.7046121000312,643.4711652999977,,,,,,,,,,,,,,,,,,,,,,,,,,,,,,,n,1,0.5302975000231527,None,n,1,0.7600683000055142,None,691899,001,2025-11-24_17h55.12.213,soloProject,,2025.1.1,59.867979137718244,2025-11-24 17h55.13.809378 +0530,
Faces/CFD-IM-739-012-N.jpg,n,briefcase,m,C,I,86,86,0,n,1,2.7330079000093974,None,m,1,0.5838376999599859,None,,,,,,,,,,,,,0,86,86,87,643.5199876000406,,,,,,,,,643.51551690005,643.5199876000406,643.9710666000028,643.9710666000028,644.0217054000241,646.7050772000221,,,,,646.7064476000378,647.2040420999983,647.2040420999983,647.7880956000299,,,,,,,,,,,,,,,,,,,,,,,,,,,,,,,n,1,2.7330079000093974,None,m,1,0.5838376999599859,None,691899,001,2025-11-24_17h55.12.213,soloProject,,2025.1.1,59.867979137718244,2025-11-24 17h55.13.809378 +0530,
Faces/CFD-IM-728-041-N.jpg,n,cigar,m,C,I,87,87,0,n,1,0.6180266999872401,None,m,1,0.5473124000127427,None,,,,,,,,,,,,,0,87,87,64,647.8361035000416,,,,,,,,,647.8313808999956,647.8361035000416,648.2880801000283,648.2880801000283,648.3383583000395,648.921846400015,,,,,648.9231860000291,649.4376656000386,649.4376656000386,649.9879166000173,,,,,,,,,,,,,,,,,,,,,,,,,,,,,,,n,1,0.6180266999872401,None,m,1,0.5473124000127427,None,691899,001,2025-11-24_17h55.12.213,soloProject,,2025.1.1,59.867979137718244,2025-11-24 17h55.13.809378 +0530,
Faces/CFD-IM-738-191-N.jpg,n,football,m,C,I,88,88,0,n,1,0.48176289995899424,None,m,1,0.8147471999982372,None,,,,,,,,,,,,,0,88,88,83,650.0380096000154,,,,,,,,,650.0335255000391,650.0380096000154,650.488341200049,650.488341200049,650.5379742000368,650.9722499000491,,,,,650.9737406000495,651.4879815000459,651.4879815000459,652.3045032000518,,,,,,,,,,,,,,,,,,,,,,,,,,,,,,,n,1,0.48176289995899424,None,m,1,0.8147471999982372,None,691899,001,2025-11-24_17h55.12.213,soloProject,,2025.1.1,59.867979137718244,2025-11-24 17h55.13.809378 +0530,
Faces/CFD-IF-609-408-N.jpg,m,bowtie,m,I,I,89,89,0,m,1,0.560171100019943,None,m,1,0.5145666999742389,None,,,,,,,,,,,,,0,89,89,56,652.3501883000135,,,,,,,,,652.3458614000119,652.3501883000135,652.8046646000003,652.8046646000003,652.8545525000081,653.3713270000299,,,,,653.3724688000511,653.87116780004,653.87116780004,654.3875110000372,,,,,,,,,,,,,,,,,,,,,,,,,,,,,,,m,1,0.560171100019943,None,m,1,0.5145666999742389,None,691899,001,2025-11-24_17h55.12.213,soloProject,,2025.1.1,59.867979137718244,2025-11-24 17h55.13.809378 +0530,
Faces/CFD-IM-736-361-N.jpg,n,doll,n,I,I,90,90,0,n,1,0.45170939998934045,None,n,1,0.6042361999861896,None,,,,,,,,,,,,,0,90,90,103,654.4338412000216,,,,,,,,,654.4291492000339,654.4338412000216,654.8879808000056,654.8879808000056,654.9380029000458,655.3548748000176,,,,,655.3561677000253,655.8544255000306,655.8544255000306,656.4711376000196,,,,,,,,,,,,,,,,,,,,,,,,,,,,,,,n,1,0.45170939998934045,None,n,1,0.6042361999861896,None,691899,001,2025-11-24_17h55.12.213,soloProject,,2025.1.1,59.867979137718244,2025-11-24 17h55.13.809378 +0530,
Faces/CFD-IM-731-223-N.jpg,n,football,m,C,I,91,91,0,n,1,0.39931970002362505,None,m,1,0.48210159997688606,None,,,,,,,,,,,,,0,91,91,71,656.5209740000428,,,,,,,,,656.5162206999958,656.5209740000428,656.9712494999985,656.9712494999985,657.0213856000337,657.3726249000174,,,,,657.3739484000253,657.8872668000404,657.8872668000404,658.3708861000487,,,,,,,,,,,,,,,,,,,,,,,,,,,,,,,n,1,0.39931970002362505,None,m,1,0.48210159997688606,None,691899,001,2025-11-24_17h55.12.213,soloProject,,2025.1.1,59.867979137718244,2025-11-24 17h55.13.809378 +0530,
Faces/CFD-IF-608-390-N.jpg,m,jewelry,n,C,I,92,92,0,m,1,0.4990339000360109,None,n,1,0.5219856000039726,None,,,,,,,,,,,,,0,92,92,23,658.4214767999947,,,,,,,,,658.4170170000289,658.4214767999947,658.8712859000079,658.8712859000079,658.9214536000509,659.371192999999,,,,,659.3741510999971,659.8714399000164,659.8714399000164,660.4050305000274,,,,,,,,,,,,,,,,,,,,,,,,,,,,,,,m,1,0.4990339000360109,None,n,1,0.5219856000039726,None,691899,001,2025-11-24_17h55.12.213,soloProject,,2025.1.1,59.867979137718244,2025-11-24 17h55.13.809378 +0530,
Faces/CFD-IM-728-041-N.jpg,n,beer,m,C,I,93,93,0,n,1,0.5747675000457093,None,m,1,0.6854592000017874,None,,,,,,,,,,,,,0,93,93,60,660.4570179000148,,,,,,,,,660.4526925000246,660.4570179000148,660.9219445000053,660.9219445000053,660.9719176000217,661.5053030000417,,,,,661.5067840000265,662.0204704000498,662.0204704000498,662.7223917000229,,,,,,,,,,,,,,,,,,,,,,,,,,,,,,,n,1,0.5747675000457093,None,m,1,0.6854592000017874,None,691899,001,2025-11-24_17h55.12.213,soloProject,,2025.1.1,59.867979137718244,2025-11-24 17h55.13.809378 +0530,
Faces/CFD-IF-602-134-N.jpg,m,dress,n,C,I,94,94,0,m,1,1.2110392000176944,None,n,1,0.7437475000042468,None,,,,,,,,,,,,,0,94,94,9,662.7806230999995,,,,,,,,,662.7753262000042,662.7806230999995,663.2380477000261,663.2380477000261,663.2886316000368,664.4551864000387,,,,,664.45672440005,664.9703038000152,664.9703038000152,665.7209095000289,,,,,,,,,,,,,,,,,,,,,,,,,,,,,,,m,1,1.2110392000176944,None,n,1,0.7437475000042468,None,691899,001,2025-11-24_17h55.12.213,soloProject,,2025.1.1,59.867979137718244,2025-11-24 17h55.13.809378 +0530,
Faces/CFD-IM-731-223-N.jpg,n,lipstick,n,I,I,95,95,0,n,1,0.5004830000107177,None,n,1,0.5269470000057481,None,,,,,,,,,,,,,0,95,95,100,665.7674687000108,,,,,,,,,665.7630680000293,665.7674687000108,666.2209865000332,666.2209865000332,666.2711489000358,666.7219114000327,,,,,666.7234595000045,667.2375179000082,667.2375179000082,667.7708918999997,,,,,,,,,,,,,,,,,,,,,,,,,,,,,,,n,1,0.5004830000107177,None,n,1,0.5269470000057481,None,691899,001,2025-11-24_17h55.12.213,soloProject,,2025.1.1,59.867979137718244,2025-11-24 17h55.13.809378 +0530,
Faces/CFD-IM-739-012-N.jpg,n,flower,n,I,I,96,96,0,n,1,0.4806988000054844,None,n,1,0.6248306999914348,None,,,,,,,,,,,,,0,96,96,116,667.817647000018,,,,,,,,,667.8130704000359,667.817647000018,668.2711589999963,668.2711589999963,668.3219545000466,668.7546437000274,,,,,668.7571816000273,669.2707388999988,669.2707388999988,669.9039646000019,,,,,,,,,,,,,,,,,,,,,,,,,,,,,,,n,1,0.4806988000054844,None,n,1,0.6248306999914348,None,691899,001,2025-11-24_17h55.12.213,soloProject,,2025.1.1,59.867979137718244,2025-11-24 17h55.13.809378 +0530,
Faces/CFD-IM-728-041-N.jpg,n,football,m,C,I,97,97,0,n,1,0.433469999989029,None,m,1,0.5754283999558538,None,,,,,,,,,,,,,0,97,97,65,669.9528637000476,,,,,,,,,669.9481060000253,669.9528637000476,670.4042374000419,670.4042374000419,670.4547456,670.8381166000036,,,,,670.8394536999986,671.3368377000443,671.3368377000443,671.9216427000356,,,,,,,,,,,,,,,,,,,,,,,,,,,,,,,n,1,0.433469999989029,None,m,1,0.5754283999558538,None,691899,001,2025-11-24_17h55.12.213,soloProject,,2025.1.1,59.867979137718244,2025-11-24 17h55.13.809378 +0530,
Faces/CFD-IF-605-066-N.jpg,m,beer,m,I,I,98,98,0,m,1,0.5977473999955691,None,m,1,0.6331146999727935,None,,,,,,,,,,,,,0,98,98,42,671.9718799000257,,,,,,,,,671.9674623000319,671.9718799000257,672.4378100000322,672.4378100000322,672.4709145000088,673.0376367000281,,,,,673.0388032000046,673.5375186000019,673.5375186000019,674.1718401000253,,,,,,,,,,,,,,,,,,,,,,,,,,,,,,,m,1,0.5977473999955691,None,m,1,0.6331146999727935,None,691899,001,2025-11-24_17h55.12.213,soloProject,,2025.1.1,59.867979137718244,2025-11-24 17h55.13.809378 +0530,
Faces/CFD-IF-601-519-N.jpg,m,dress,n,C,I,99,99,0,n,0,0.6895550999906845,None,n,1,0.5075703000184149,None,,,,,,,,,,,,,0,99,99,3,674.2235176000395,,,,,,,,,674.2192998999963,674.2235176000395,674.6877543000155,674.6877543000155,674.7373648000066,675.3878131000092,,,,,675.3889894000022,675.8874455000041,675.8874455000041,676.407023000007,,,,,,,,,,,,,,,,,,,,,,,,,,,,,,,n,0,0.6895550999906845,None,n,1,0.5075703000184149,None,691899,001,2025-11-24_17h55.12.213,soloProject,,2025.1.1,59.867979137718244,2025-11-24 17h55.13.809378 +0530,
Faces/CFD-IM-736-361-N.jpg,n,briefcase,m,C,I,100,100,0,n,1,0.466569900047034,None,m,1,0.6161859999992885,None,,,,,,,,,,,,,0,100,100,75,676.4582562000141,,,,,,,,,676.453887300042,676.4582562000141,676.9208278000006,676.9208278000006,676.9708430000464,677.3878334000474,,,,,677.3905746000237,677.9046418000362,677.9046418000362,678.5385858000373,,,,,,,,,,,,,,,,,,,,,,,,,,,,,,,n,1,0.466569900047034,None,m,1,0.6161859999992885,None,691899,001,2025-11-24_17h55.12.213,soloProject,,2025.1.1,59.867979137718244,2025-11-24 17h55.13.809378 +0530,
Faces/CFD-IM-731-223-N.jpg,n,flower,n,I,I,101,101,0,n,1,0.6002163999946788,None,n,1,1.1214010000112467,None,,,,,,,,,,,,,0,101,101,98,678.5897967000492,,,,,,,,,678.5857692999998,678.5897967000492,679.0540656000376,679.0540656000376,679.1048907000222,679.6548105000402,,,,,679.6563160000369,680.1706890000496,680.1706890000496,681.3035666000214,,,,,,,,,,,,,,,,,,,,,,,,,,,,,,,n,1,0.6002163999946788,None,n,1,1.1214010000112467,None,691899,001,2025-11-24_17h55.12.213,soloProject,,2025.1.1,59.867979137718244,2025-11-24 17h55.13.809378 +0530,
Faces/CFD-IF-602-134-N.jpg,m,lipstick,n,C,I,102,102,0,m,1,0.5270151000004262,None,n,1,0.5948156000231393,None,,,,,,,,,,,,,0,102,102,10,681.3553293000441,,,,,,,,,681.350100700045,681.3553293000441,681.8045608000248,681.8045608000248,681.8706221000175,682.3380979000358,,,,,682.3397975999978,682.8534436000045,682.8534436000045,683.4537201000494,,,,,,,,,,,,,,,,,,,,,,,,,,,,,,,m,1,0.5270151000004262,None,n,1,0.5948156000231393,None,691899,001,2025-11-24_17h55.12.213,soloProject,,2025.1.1,59.867979137718244,2025-11-24 17h55.13.809378 +0530,
Faces/CFD-IM-739-012-N.jpg,n,beer,m,C,I,103,103,0,n,1,0.7946277000010014,None,m,1,1.111952300008852,None,,,,,,,,,,,,,0,103,103,84,683.5006189999986,,,,,,,,,683.4957555000437,683.5006189999986,683.9539992000209,683.9539992000209,684.0041409000405,684.7542978000129,,,,,684.7553647000459,685.2536438000388,685.2536438000388,686.3704397000256,,,,,,,,,,,,,,,,,,,,,,,,,,,,,,,n,1,0.7946277000010014,None,m,1,1.111952300008852,None,691899,001,2025-11-24_17h55.12.213,soloProject,,2025.1.1,59.867979137718244,2025-11-24 17h55.13.809378 +0530,
Faces/CFD-IF-602-134-N.jpg,m,flower,n,C,I,104,104,0,m,1,0.693551100033801,None,n,1,1.8665541000082158,None,,,,,,,,,,,,,0,104,104,8,686.4193986000028,,,,,,,,,686.4147957999958,686.4193986000028,686.8711141000385,686.8711141000385,686.9205134000513,687.5714818999986,,,,,687.5728611000231,688.0868903000373,688.0868903000373,689.9538328000344,,,,,,,,,,,,,,,,,,,,,,,,,,,,,,,m,1,0.693551100033801,None,n,1,1.8665541000082158,None,691899,001,2025-11-24_17h55.12.213,soloProject,,2025.1.1,59.867979137718244,2025-11-24 17h55.13.809378 +0530,
Faces/CFD-IF-602-134-N.jpg,m,beer,m,I,I,105,105,0,m,1,0.6218054000055417,None,m,1,0.7489039999782108,None,,,,,,,,,,,,,0,105,105,36,690.0017338000471,,,,,,,,,689.9966924000182,690.0017338000471,690.4544618000509,690.4544618000509,690.5038697000127,691.0876809000038,,,,,691.088905600016,691.5870257000206,691.5870257000206,692.3374785000342,,,,,,,,,,,,,,,,,,,,,,,,,,,,,,,m,1,0.6218054000055417,None,m,1,0.7489039999782108,None,691899,001,2025-11-24_17h55.12.213,soloProject,,2025.1.1,59.867979137718244,2025-11-24 17h55.13.809378 +0530,
Faces/CFD-IM-728-041-N.jpg,n,jewelry,n,I,I,106,106,0,n,1,0.5212197999935597,None,n,1,0.5387550999876112,None,,,,,,,,,,,,,0,106,106,95,692.3878511000075,,,,,,,,,692.3829893000075,692.3878511000075,692.8374188000453,692.8374188000453,692.8877727000508,693.3707849000348,,,,,693.3720995000331,693.8702227000031,693.8702227000031,694.4206456000102,,,,,,,,,,,,,,,,,,,,,,,,,,,,,,,n,1,0.5212197999935597,None,n,1,0.5387550999876112,None,691899,001,2025-11-24_17h55.12.213,soloProject,,2025.1.1,59.867979137718244,2025-11-24 17h55.13.809378 +0530,
Faces/CFD-IM-738-191-N.jpg,n,beer,m,C,I,107,107,0,n,1,0.433554399991408,None,m,1,0.5930082999984734,None,,,,,,,,,,,,,0,107,107,78,694.4693418000243,,,,,,,,,694.4650190999964,694.4693418000243,694.9205648000352,694.9205648000352,694.9710622000275,695.3546577000525,,,,,695.3557783000288,695.8697737000184,695.8697737000184,696.470512000029,,,,,,,,,,,,,,,,,,,,,,,,,,,,,,,n,1,0.433554399991408,None,m,1,0.5930082999984734,None,691899,001,2025-11-24_17h55.12.213,soloProject,,2025.1.1,59.867979137718244,2025-11-24 17h55.13.809378 +0530,
Faces/CFD-IM-739-012-N.jpg,n,dress,n,I,I,108,108,0,n,1,0.48075709998374805,None,n,1,2.9951700000092387,None,,,,,,,,,,,,,0,108,108,117,696.5183683000505,,,,,,,,,696.5139535000199,696.5183683000505,696.9703517000307,696.9703517000307,697.0210086000152,697.4547262000269,,,,,697.4559864000184,697.9707554000197,697.9707554000197,700.9703048000229,,,,,,,,,,,,,,,,,,,,,,,,,,,,,,,n,1,0.48075709998374805,None,n,1,2.9951700000092387,None,691899,001,2025-11-24_17h55.12.213,soloProject,,2025.1.1,59.867979137718244,2025-11-24 17h55.13.809378 +0530,
Faces/CFD-IF-605-066-N.jpg,m,perfume,n,C,I,109,109,0,m,1,0.8509030999848619,None,n,1,4.8838630999671295,None,,,,,,,,,,,,,0,109,109,12,701.0182360000326,,,,,,,,,701.013246800052,701.0182360000326,701.470899100008,701.470899100008,701.5209742000443,702.3383935000165,,,,,702.3396610000054,702.8533718000399,702.8533718000399,707.7535801000195,,,,,,,,,,,,,,,,,,,,,,,,,,,,,,,m,1,0.8509030999848619,None,n,1,4.8838630999671295,None,691899,001,2025-11-24_17h55.12.213,soloProject,,2025.1.1,59.867979137718244,2025-11-24 17h55.13.809378 +0530,
Faces/CFD-IM-736-361-N.jpg,n,flower,n,I,I,110,110,0,m,0,0.8238458000123501,None,n,1,0.5146984000457451,None,,,,,,,,,,,,,0,110,110,104,707.8020350000006,,,,,,,,,707.7971019000397,707.8020350000006,708.2540709000314,708.2540709000314,708.3040424000355,709.0874928000267,,,,,709.0889049000107,709.586970400007,709.586970400007,710.1034113000496,,,,,,,,,,,,,,,,,,,,,,,,,,,,,,,m,0,0.8238458000123501,None,n,1,0.5146984000457451,None,691899,001,2025-11-24_17h55.12.213,soloProject,,2025.1.1,59.867979137718244,2025-11-24 17h55.13.809378 +0530,
Faces/CFD-IM-738-191-N.jpg,n,hammer,m,C,I,111,111,0,n,1,0.5558911000262015,None,m,1,0.5397320999763906,None,,,,,,,,,,,,,0,111,111,79,710.1523855000269,,,,,,,,,710.1478720000014,710.1523855000269,710.6037880000076,710.6037880000076,710.6537743000081,711.1710059000179,,,,,711.1723088000435,711.686879200046,711.686879200046,712.236857800046,,,,,,,,,,,,,,,,,,,,,,,,,,,,,,,n,1,0.5558911000262015,None,m,1,0.5397320999763906,None,691899,001,2025-11-24_17h55.12.213,soloProject,,2025.1.1,59.867979137718244,2025-11-24 17h55.13.809378 +0530,
Faces/CFD-IF-605-066-N.jpg,m,cigar,m,I,I,112,112,0,m,1,1.9136804000008851,None,m,1,0.549534699996002,None,,,,,,,,,,,,,0,112,112,46,712.2854890000308,,,,,,,,,712.2810765000177,712.2854890000308,712.7367899999954,712.7367899999954,712.787363600044,714.6541473999969,,,,,714.655358900025,715.1533286000486,715.1533286000486,715.7037109000375,,,,,,,,,,,,,,,,,,,,,,,,,,,,,,,m,1,1.9136804000008851,None,m,1,0.549534699996002,None,691899,001,2025-11-24_17h55.12.213,soloProject,,2025.1.1,59.867979137718244,2025-11-24 17h55.13.809378 +0530,
Faces/CFD-IM-739-012-N.jpg,n,bowtie,m,C,I,113,113,0,n,1,0.5536029000068083,None,n,0,0.4945820000139065,None,,,,,,,,,,,,,0,113,113,86,715.7507342000026,,,,,,,,,715.7462442000397,715.7507342000026,716.2040429000044,716.2040429000044,716.2540730000474,716.7704780000495,,,,,716.7717608000385,717.2696951000253,717.2696951000253,717.7699719000375,,,,,,,,,,,,,,,,,,,,,,,,,,,,,,,n,1,0.5536029000068083,None,n,0,0.4945820000139065,None,691899,001,2025-11-24_17h55.12.213,soloProject,,2025.1.1,59.867979137718244,2025-11-24 17h55.13.809378 +0530,
Faces/CFD-IM-731-223-N.jpg,n,cigar,m,C,I,114,114,0,n,1,1.7558965999633074,None,n,0,1.01574800000526,None,,,,,,,,,,,,,0,114,114,70,717.8175000000047,,,,,,,,,717.8131498000002,717.8175000000047,718.2702688000281,718.2702688000281,718.3208239999949,720.0371237000218,,,,,720.0383739999961,720.5363841000362,720.5363841000362,721.553612800024,,,,,,,,,,,,,,,,,,,,,,,,,,,,,,,n,1,1.7558965999633074,None,n,0,1.01574800000526,None,691899,001,2025-11-24_17h55.12.213,soloProject,,2025.1.1,59.867979137718244,2025-11-24 17h55.13.809378 +0530,
Faces/CFD-IM-731-223-N.jpg,n,dress,n,I,I,115,115,0,n,1,0.38250270002754405,None,n,1,1.4775389999849722,None,,,,,,,,,,,,,0,115,115,99,721.6054691000027,,,,,,,,,721.60050890001,721.6054691000027,722.0532183000469,722.0532183000469,722.1204776000232,722.43713570002,,,,,722.4383212000248,722.9370974000194,722.9370974000194,724.4201499000192,,,,,,,,,,,,,,,,,,,,,,,,,,,,,,,n,1,0.38250270002754405,None,n,1,1.4775389999849722,None,691899,001,2025-11-24_17h55.12.213,soloProject,,2025.1.1,59.867979137718244,2025-11-24 17h55.13.809378 +0530,
Faces/CFD-IF-605-066-N.jpg,m,lipstick,n,C,I,116,116,0,m,1,0.5212747000041418,None,n,1,4.022876999981236,None,,,,,,,,,,,,,0,116,116,16,724.4675583000062,,,,,,,,,724.4620827000472,724.4675583000062,724.9203523000469,724.9203523000469,724.969999700028,725.4546655000304,,,,,725.45612050005,725.9695390000124,725.9695390000124,730.0035220000427,,,,,,,,,,,,,,,,,,,,,,,,,,,,,,,m,1,0.5212747000041418,None,n,1,4.022876999981236,None,691899,001,2025-11-24_17h55.12.213,soloProject,,2025.1.1,59.867979137718244,2025-11-24 17h55.13.809378 +0530,
Faces/CFD-IF-601-519-N.jpg,m,perfume,n,C,I,117,117,0,m,1,0.5508100999868475,None,n,1,0.5677767000161111,None,,,,,,,,,,,,,0,117,117,0,730.0470575000509,,,,,,,,,730.0425576000125,730.0470575000509,730.5032926000422,730.5032926000422,730.5533566999948,731.0545383000281,,,,,731.0560219000326,731.5695402999991,731.5695402999991,732.1535156000173,,,,,,,,,,,,,,,,,,,,,,,,,,,,,,,m,1,0.5508100999868475,None,n,1,0.5677767000161111,None,691899,001,2025-11-24_17h55.12.213,soloProject,,2025.1.1,59.867979137718244,2025-11-24 17h55.13.809378 +0530,
Faces/CFD-IM-728-041-N.jpg,n,dress,n,I,I,118,118,0,n,1,0.4113437000196427,None,n,1,0.5437856999924406,None,,,,,,,,,,,,,0,118,118,93,732.2003338000504,,,,,,,,,732.1957793000038,732.2003338000504,732.6535020000301,732.6535020000301,732.7038476000307,733.070875400037,,,,,733.0720480000018,733.5866571000079,733.5866571000079,734.136147000012,,,,,,,,,,,,,,,,,,,,,,,,,,,,,,,n,1,0.4113437000196427,None,n,1,0.5437856999924406,None,691899,001,2025-11-24_17h55.12.213,soloProject,,2025.1.1,59.867979137718244,2025-11-24 17h55.13.809378 +0530,
Faces/CFD-IM-728-041-N.jpg,n,hammer,m,C,I,119,119,0,n,1,0.39892110001528636,None,m,1,0.4989302000030875,None,,,,,,,,,,,,,0,119,119,61,734.183336600021,,,,,,,,,734.1788796000183,734.183336600021,734.6365959999966,734.6365959999966,734.6868938000407,735.0376801000093,,,,,735.0390581000247,735.5531242000288,735.5531242000288,736.0531199999969,,,,,,,,,,,,,,,,,,,,,,,,,,,,,,,n,1,0.39892110001528636,None,m,1,0.4989302000030875,None,691899,001,2025-11-24_17h55.12.213,soloProject,,2025.1.1,59.867979137718244,2025-11-24 17h55.13.809378 +0530,
