Image,corr_res1,target,corr_res2,ss_compat,sr_compat,thisN,thisTrialN,thisRepN,key_resp.keys,key_resp.corr,key_resp.rt,key_resp.duration,key_resp_2.keys,key_resp_2.corr,key_resp_2.rt,key_resp_2.duration,trials_2.thisRepN,trials_2.thisTrialN,trials_2.thisN,trials_2.thisIndex,trials.thisRepN,trials.thisTrialN,trials.thisN,trials.thisIndex,trials_3.thisRepN,trials_3.thisTrialN,trials_3.thisN,trials_3.thisIndex,trials_4.thisRepN,trials_4.thisTrialN,trials_4.thisN,trials_4.thisIndex,thisRow.t,notes,instructions.started,text_2.started,key_resp_3.started,instructions.stopped,key_resp_3.keys,key_resp_3.rt,key_resp_3.duration,trial.started,fixation.started,image_prime.started,key_resp.started,fixation.stopped,trial.stopped,trials_2.key_resp.keys,trials_2.key_resp.corr,trials_2.key_resp.rt,trials_2.key_resp.duration,trial2.started,text.started,key_resp_2.started,trial2.stopped,trials_2.key_resp_2.keys,trials_2.key_resp_2.corr,trials_2.key_resp_2.rt,trials_2.key_resp_2.duration,begin.started,text_4.started,text_4.stopped,begin.stopped,trials.key_resp.keys,trials.key_resp.corr,trials.key_resp.rt,trials.key_resp.duration,trials.key_resp_2.keys,trials.key_resp_2.corr,trials.key_resp_2.rt,trials.key_resp_2.duration,instructions2.started,text_3.started,key_resp_4.started,instructions2.stopped,key_resp_4.keys,key_resp_4.rt,key_resp_4.duration,trials_3.key_resp.keys,trials_3.key_resp.corr,trials_3.key_resp.rt,trials_3.key_resp.duration,trials_3.key_resp_2.keys,trials_3.key_resp_2.corr,trials_3.key_resp_2.rt,trials_3.key_resp_2.duration,trials_4.key_resp.keys,trials_4.key_resp.corr,trials_4.key_resp.rt,trials_4.key_resp.duration,trials_4.key_resp_2.keys,trials_4.key_resp_2.corr,trials_4.key_resp_2.rt,trials_4.key_resp_2.duration,participant,session,date,expName,expVersion,psychopyVersion,frameRate,expStart,
,,,,,,,,,,,,,,,,,,,,,,,,,,,,,,,,,,,0.002907399961259216,0.006368399946950376,0.006368399946950376,0.9578110000002198,space,0.9416984000126831,None,,,,,,,,,,,,,,,,,,,,,,,,,,,,,,,,,,,,,,,,,,,,,,,,,,,,,,382515,001,2025-11-24_16h32.26.496,soloProject,,2025.1.1,59.797918905611944,2025-11-24 16h32.27.759841 +0530,
Faces/CFD-IM-728-041-N.jpg,m,cigar,m,C,C,0,0,0,m,1,1.03965639998205,None,m,1,0.4931224000174552,None,0,0,0,7,,,,,,,,,,,,,1.05425909999758,,,,,,,,,1.0481587999965996,1.05425909999758,1.4654847999918275,1.4654847999918275,1.5653878999873996,2.5154522999655455,m,1,1.03965639998205,None,2.5180681999772787,3.014824999962002,3.014824999962002,3.515089299995452,m,1,0.4931224000174552,None,,,,,,,,,,,,,,,,,,,,,,,,,,,,,,,,,,,,382515,001,2025-11-24_16h32.26.496,soloProject,,2025.1.1,59.797918905611944,2025-11-24 16h32.27.759841 +0530,
Faces/CFD-IM-728-041-N.jpg,m,football,m,C,C,1,1,0,m,1,0.3099952000193298,None,m,1,0.4202780000050552,None,0,1,1,8,,,,,,,,,,,,,3.5687357999850065,,,,,,,,,3.5639276999863796,3.5687357999850065,4.015293799981009,4.015293799981009,4.0820701999473386,4.33239679998951,m,1,0.3099952000193298,None,4.333659399999306,4.831516599981114,4.831516599981114,5.265043299994431,m,1,0.4202780000050552,None,,,,,,,,,,,,,,,,,,,,,,,,,,,,,,,,,,,,382515,001,2025-11-24_16h32.26.496,soloProject,,2025.1.1,59.797918905611944,2025-11-24 16h32.27.759841 +0530,
Faces/CFD-IF-602-134-N.jpg,n,bowtie,m,I,C,2,2,0,n,1,0.41000929998699576,None,m,1,0.4257524000131525,None,0,2,2,5,,,,,,,,,,,,,5.319387299998198,,,,,,,,,5.31480269995518,5.319387299998198,5.765475899970625,5.765475899970625,5.832561399962287,6.182262699992862,n,1,0.41000929998699576,None,6.183442999958061,6.6814240999519825,6.6814240999519825,7.115731199970469,m,1,0.4257524000131525,None,,,,,,,,,,,,,,,,,,,,,,,,,,,,,,,,,,,,382515,001,2025-11-24_16h32.26.496,soloProject,,2025.1.1,59.797918905611944,2025-11-24 16h32.27.759841 +0530,
Faces/CFD-IM-731-223-N.jpg,m,jewelry,n,I,C,3,3,0,m,1,0.43246159999398515,None,n,1,0.8701599000487477,None,0,3,3,11,,,,,,,,,,,,,7.173649699951056,,,,,,,,,7.168800699990243,7.173649699951056,7.632131499995012,7.632131499995012,7.68195509997895,8.065674499957822,m,1,0.43246159999398515,None,8.069356699998025,8.565100399951916,8.565100399951916,9.448415899998508,n,1,0.8701599000487477,None,,,,,,,,,,,,,,,,,,,,,,,,,,,,,,,,,,,,382515,001,2025-11-24_16h32.26.496,soloProject,,2025.1.1,59.797918905611944,2025-11-24 16h32.27.759841 +0530,
Faces/CFD-IF-601-519-N.jpg,n,perfume,n,C,C,4,4,0,n,1,0.7218999000033364,None,n,1,0.465171099989675,None,0,4,4,0,,,,,,,,,,,,,9.501830599969253,,,,,,,,,9.49666789994808,9.501830599969253,9.948593999957666,9.948593999957666,10.017744499957189,10.682695899973623,n,1,0.7218999000033364,None,10.68404559994815,11.198409899952821,11.198409899952821,11.665150099957827,n,1,0.465171099989675,None,,,,,,,,,,,,,,,,,,,,,,,,,,,,,,,,,,,,382515,001,2025-11-24_16h32.26.496,soloProject,,2025.1.1,59.797918905611944,2025-11-24 16h32.27.759841 +0530,
Faces/CFD-IM-731-223-N.jpg,m,lipstick,n,I,C,5,5,0,m,1,0.5563478999538347,None,n,1,0.5704155000275932,None,0,5,5,10,,,,,,,,,,,,,11.714125899947248,,,,,,,,,11.709358099964447,11.714125899947248,12.165125999948941,12.165125999948941,12.215248399996199,12.732102099980693,m,1,0.5563478999538347,None,12.733454299974255,13.23142009996809,13.23142009996809,13.815395099984016,n,1,0.5704155000275932,None,,,,,,,,,,,,,,,,,,,,,,,,,,,,,,,,,,,,382515,001,2025-11-24_16h32.26.496,soloProject,,2025.1.1,59.797918905611944,2025-11-24 16h32.27.759841 +0530,
Faces/CFD-IF-601-519-N.jpg,n,flower,n,C,C,6,6,0,n,1,0.45268740004394203,None,n,1,0.4839750000392087,None,0,6,6,2,,,,,,,,,,,,,13.861910699983127,,,,,,,,,13.857282799959648,13.861910699983127,14.315073399979156,14.315073399979156,14.365222199994605,14.781829899991862,n,1,0.45268740004394203,None,14.783178899961058,15.281488699954934,15.281488699954934,15.781767899985425,n,1,0.4839750000392087,None,,,,,,,,,,,,,,,,,,,,,,,,,,,,,,,,,,,,382515,001,2025-11-24_16h32.26.496,soloProject,,2025.1.1,59.797918905611944,2025-11-24 16h32.27.759841 +0530,
Faces/CFD-IF-601-519-N.jpg,n,doll,n,C,C,7,7,0,n,1,0.3860677999909967,None,n,1,0.4376567000290379,None,0,7,7,1,,,,,,,,,,,,,15.827638099959586,,,,,,,,,15.823232499998994,15.827638099959586,16.28174109995598,16.28174109995598,16.3317649999517,16.682575299986638,n,1,0.3860677999909967,None,16.683766299975105,17.197935099946335,17.197935099946335,17.648099099984393,n,1,0.4376567000290379,None,,,,,,,,,,,,,,,,,,,,,,,,,,,,,,,,,,,,382515,001,2025-11-24_16h32.26.496,soloProject,,2025.1.1,59.797918905611944,2025-11-24 16h32.27.759841 +0530,
Faces/CFD-IF-602-134-N.jpg,n,beer,m,I,C,8,8,0,n,1,0.37470039998879656,None,n,0,0.3834173000068404,None,0,8,8,3,,,,,,,,,,,,,17.699895999976434,,,,,,,,,17.695421299955342,17.699895999976434,18.14803819998633,18.14803819998633,18.215394200000446,18.532090799999423,n,1,0.37470039998879656,None,18.5333567999769,19.031289199949242,19.031289199949242,19.41562659997726,n,0,0.3834173000068404,None,,,,,,,,,,,,,,,,,,,,,,,,,,,,,,,,,,,,382515,001,2025-11-24_16h32.26.496,soloProject,,2025.1.1,59.797918905611944,2025-11-24 16h32.27.759841 +0530,
Faces/CFD-IM-728-041-N.jpg,m,briefcase,m,C,C,9,9,0,n,0,0.7944174999720417,None,m,1,0.9172012000344694,None,0,9,9,6,,,,,,,,,,,,,19.4649166999734,,,,,,,,,19.460205199953634,19.4649166999734,19.915418899967335,19.915418899967335,19.96511399996234,20.715388099953998,n,0,0.7944174999720417,None,20.71660789998714,21.21488339995267,21.21488339995267,22.148634399985895,m,1,0.9172012000344694,None,,,,,,,,,,,,,,,,,,,,,,,,,,,,,,,,,,,,382515,001,2025-11-24_16h32.26.496,soloProject,,2025.1.1,59.797918905611944,2025-11-24 16h32.27.759841 +0530,
Faces/CFD-IM-731-223-N.jpg,m,dress,n,I,C,10,10,0,m,1,0.7681890000239946,None,n,1,0.7277333999518305,None,0,10,10,9,,,,,,,,,,,,,22.199536099971738,,,,,,,,,22.194679499953054,22.199536099971738,22.64847719995305,22.64847719995305,22.715033399988897,23.432411599962506,m,1,0.7681890000239946,None,23.43374369997764,23.94888269994408,23.94888269994408,24.68148679996375,n,1,0.7277333999518305,None,,,,,,,,,,,,,,,,,,,,,,,,,,,,,,,,,,,,382515,001,2025-11-24_16h32.26.496,soloProject,,2025.1.1,59.797918905611944,2025-11-24 16h32.27.759841 +0530,
Faces/CFD-IF-602-134-N.jpg,n,hammer,m,I,C,11,11,0,n,1,0.6487589000025764,None,m,1,0.4669530999963172,None,0,11,11,4,,,,,,,,,,,,,24.732533199945465,,,,,,,,,24.728113699995447,24.732533199945465,25.182041199994273,25.182041199994273,25.232229299959727,25.831973299966194,n,1,0.6487589000025764,None,25.833250299969222,26.331498299958184,26.331498299958184,26.7988614999922,m,1,0.4669530999963172,None,,,,,,,,,,,,,,,,,,,,,,,,,,,,,,,,,,,,382515,001,2025-11-24_16h32.26.496,soloProject,,2025.1.1,59.797918905611944,2025-11-24 16h32.27.759841 +0530,
,,,,,,,,,,,,,,,,,,,,,,,,,,,,,,,,,,,,,,,,,,,,,,,,,,,,,,,,,,,,26.79893039999297,26.814863099949434,28.364101699960884,28.29832009994425,,,,,,,,,,,,,,,,,,,,,,,,,,,,,,,,382515,001,2025-11-24_16h32.26.496,soloProject,,2025.1.1,59.797918905611944,2025-11-24 16h32.27.759841 +0530,
Faces/CFD-IF-609-408-N.jpg,n,flower,n,C,C,0,0,0,n,1,0.5487688999855891,None,n,1,0.3699784000054933,None,,,,,0,0,0,26,,,,,,,,,28.364101699960884,,,,,,,,,28.3601045999676,28.364101699960884,28.815049599972554,28.815049599972554,28.8650278999703,29.365959399961866,,,,,29.367926999984775,29.881058599974494,29.881058599974494,30.26485999999568,,,,,,,,,n,1,0.5487688999855891,None,n,1,0.3699784000054933,None,,,,,,,,,,,,,,,,,,,,,,,,382515,001,2025-11-24_16h32.26.496,soloProject,,2025.1.1,59.797918905611944,2025-11-24 16h32.27.759841 +0530,
Faces/CFD-IF-608-390-N.jpg,n,dress,n,C,C,1,1,0,n,1,0.3575678000343032,None,n,1,0.3396454000030644,None,,,,,0,1,1,21,,,,,,,,,30.317533499968704,,,,,,,,,30.312245699984487,30.317533499968704,30.76529519999167,30.76529519999167,30.831689499958884,31.13235709996661,,,,,31.133683699998073,31.631163899961393,31.631163899961393,31.981550999975298,,,,,,,,,n,1,0.3575678000343032,None,n,1,0.3396454000030644,None,,,,,,,,,,,,,,,,,,,,,,,,382515,001,2025-11-24_16h32.26.496,soloProject,,2025.1.1,59.797918905611944,2025-11-24 16h32.27.759841 +0530,
Faces/CFD-IF-605-066-N.jpg,n,cigar,m,I,C,2,2,0,n,1,0.3244262000080198,None,n,0,0.3324062000028789,None,,,,,0,2,2,46,,,,,,,,,32.03362719999859,,,,,,,,,32.02879319997737,32.03362719999859,32.48194109997712,32.48194109997712,32.54846739995992,32.81582639995031,,,,,32.81700539996382,33.331272099982016,33.331272099982016,33.66456289996859,,,,,,,,,n,1,0.3244262000080198,None,n,0,0.3324062000028789,None,,,,,,,,,,,,,,,,,,,,,,,,382515,001,2025-11-24_16h32.26.496,soloProject,,2025.1.1,59.797918905611944,2025-11-24 16h32.27.759841 +0530,
Faces/CFD-IM-738-191-N.jpg,m,lipstick,n,I,C,3,3,0,m,1,1.0158068999880925,None,n,1,0.5485017000464723,None,,,,,0,3,3,112,,,,,,,,,33.71819119999418,,,,,,,,,33.71342119999463,33.71819119999418,34.1646590999444,34.1646590999444,34.23184579994995,35.18185029999586,,,,,35.183363599993754,35.68090889998712,35.68090889998712,36.23110179998912,,,,,,,,,m,1,1.0158068999880925,None,n,1,0.5485017000464723,None,,,,,,,,,,,,,,,,,,,,,,,,382515,001,2025-11-24_16h32.26.496,soloProject,,2025.1.1,59.797918905611944,2025-11-24 16h32.27.759841 +0530,
Faces/CFD-IF-602-134-N.jpg,n,cigar,m,I,C,4,4,0,n,1,0.5052273999899626,None,n,0,0.28867519996128976,None,,,,,0,4,4,40,,,,,,,,,36.28423719998682,,,,,,,,,36.279539799958,36.28423719998682,36.73139489995083,36.73139489995083,36.79849059996195,37.250044199987315,,,,,37.25136859994382,37.76465949998237,37.76465949998237,38.06467100000009,,,,,,,,,n,1,0.5052273999899626,None,n,0,0.28867519996128976,None,,,,,,,,,,,,,,,,,,,,,,,,382515,001,2025-11-24_16h32.26.496,soloProject,,2025.1.1,59.797918905611944,2025-11-24 16h32.27.759841 +0530,
Faces/CFD-IM-728-041-N.jpg,m,briefcase,m,C,C,5,5,0,m,1,0.865066000027582,None,m,1,0.871660900011193,None,,,,,0,5,5,63,,,,,,,,,38.11382319999393,,,,,,,,,38.10934169997927,38.11382319999393,38.5647684999858,38.5647684999858,38.61493679997511,39.43198009999469,,,,,39.43337959999917,39.947970399982296,39.947970399982296,40.83108979999088,,,,,,,,,m,1,0.865066000027582,None,m,1,0.871660900011193,None,,,,,,,,,,,,,,,,,,,,,,,,382515,001,2025-11-24_16h32.26.496,soloProject,,2025.1.1,59.797918905611944,2025-11-24 16h32.27.759841 +0530,
Faces/CFD-IM-736-361-N.jpg,m,cigar,m,C,C,6,6,0,m,1,0.4421295000356622,None,m,1,0.550453000003472,None,,,,,0,6,6,76,,,,,,,,,40.89179589995183,,,,,,,,,40.88698139996268,40.89179589995183,41.33152699994389,41.33152699994389,41.39844509999966,41.781770499947015,,,,,41.782953099987935,42.28102499997476,42.28102499997476,42.83568149997154,,,,,,,,,m,1,0.4421295000356622,None,m,1,0.550453000003472,None,,,,,,,,,,,,,,,,,,,,,,,,382515,001,2025-11-24_16h32.26.496,soloProject,,2025.1.1,59.797918905611944,2025-11-24 16h32.27.759841 +0530,
Faces/CFD-IM-736-361-N.jpg,m,doll,n,I,C,7,7,0,m,1,0.34993599995505065,None,n,1,0.46268830000190064,None,,,,,0,7,7,103,,,,,,,,,42.88385909999488,,,,,,,,,42.879643599968404,42.88385909999488,43.348049099964555,43.348049099964555,43.3980493999552,43.69844299997203,,,,,43.69976899999892,44.19748699996853,44.19748699996853,44.66431469999952,,,,,,,,,m,1,0.34993599995505065,None,n,1,0.46268830000190064,None,,,,,,,,,,,,,,,,,,,,,,,,382515,001,2025-11-24_16h32.26.496,soloProject,,2025.1.1,59.797918905611944,2025-11-24 16h32.27.759841 +0530,
Faces/CFD-IM-738-191-N.jpg,m,jewelry,n,I,C,8,8,0,m,1,0.4328860000241548,None,n,1,0.5482891999999993,None,,,,,0,8,8,113,,,,,,,,,44.71391859999858,,,,,,,,,44.708786399976816,44.71391859999858,45.16497949999757,45.16497949999757,45.21470099996077,45.59879279998131,,,,,45.60028479999164,46.097876799991354,46.097876799991354,46.64756399998441,,,,,,,,,m,1,0.4328860000241548,None,n,1,0.5482891999999993,None,,,,,,,,,,,,,,,,,,,,,,,,382515,001,2025-11-24_16h32.26.496,soloProject,,2025.1.1,59.797918905611944,2025-11-24 16h32.27.759841 +0530,
Faces/CFD-IM-739-012-N.jpg,m,bowtie,m,C,C,9,9,0,m,1,0.40063950000330806,None,m,1,0.5222489000298083,None,,,,,0,9,9,86,,,,,,,,,46.697484499949496,,,,,,,,,46.6928387999651,46.697484499949496,47.148041699954774,47.148041699954774,47.1979977999581,47.56502919999184,,,,,47.56634269998176,48.06451409996953,48.06451409996953,48.59781079995446,,,,,,,,,m,1,0.40063950000330806,None,m,1,0.5222489000298083,None,,,,,,,,,,,,,,,,,,,,,,,,382515,001,2025-11-24_16h32.26.496,soloProject,,2025.1.1,59.797918905611944,2025-11-24 16h32.27.759841 +0530,
Faces/CFD-IF-608-390-N.jpg,n,lipstick,n,C,C,10,10,0,n,1,0.39581250003539026,None,n,1,0.4392281000036746,None,,,,,0,10,10,22,,,,,,,,,48.65074219997041,,,,,,,,,48.64634399994975,48.65074219997041,49.09790219995193,49.09790219995193,49.16471719997935,49.49799079995137,,,,,49.49926729995059,49.99737149995053,49.99737149995053,50.44775859999936,,,,,,,,,n,1,0.39581250003539026,None,n,1,0.4392281000036746,None,,,,,,,,,,,,,,,,,,,,,,,,382515,001,2025-11-24_16h32.26.496,soloProject,,2025.1.1,59.797918905611944,2025-11-24 16h32.27.759841 +0530,
Faces/CFD-IM-731-223-N.jpg,m,lipstick,n,I,C,11,11,0,m,1,0.420568400004413,None,n,1,0.5487168999970891,None,,,,,0,11,11,100,,,,,,,,,50.499426700000186,,,,,,,,,50.49479319999227,50.499426700000186,50.94812009995803,50.94812009995803,51.01478999998653,51.38158129999647,,,,,51.38162659999216,51.881369399954565,51.881369399954565,52.43166049994761,,,,,,,,,m,1,0.420568400004413,None,n,1,0.5487168999970891,None,,,,,,,,,,,,,,,,,,,,,,,,382515,001,2025-11-24_16h32.26.496,soloProject,,2025.1.1,59.797918905611944,2025-11-24 16h32.27.759841 +0530,
Faces/CFD-IF-605-066-N.jpg,n,bowtie,m,I,C,12,12,0,n,1,0.45866250002291054,None,m,1,0.49522059998707846,None,,,,,0,12,12,44,,,,,,,,,52.48622569994768,,,,,,,,,52.47995539999101,52.48622569994768,52.93123619997641,52.93123619997641,52.997927299991716,53.39820449997205,,,,,53.39955370000098,53.8974594999454,53.8974594999454,54.397763399989344,,,,,,,,,n,1,0.45866250002291054,None,m,1,0.49522059998707846,None,,,,,,,,,,,,,,,,,,,,,,,,382515,001,2025-11-24_16h32.26.496,soloProject,,2025.1.1,59.797918905611944,2025-11-24 16h32.27.759841 +0530,
Faces/CFD-IM-736-361-N.jpg,m,jewelry,n,I,C,13,13,0,m,1,0.39148250001017004,None,n,1,0.475515500002075,None,,,,,0,13,13,107,,,,,,,,,54.45009439997375,,,,,,,,,54.44550079997862,54.45009439997375,54.89825759996893,54.89825759996893,54.96452559996396,55.29825409996556,,,,,55.29966149997199,55.79709529998945,55.79709529998945,56.281034699990414,,,,,,,,,m,1,0.39148250001017004,None,n,1,0.475515500002075,None,,,,,,,,,,,,,,,,,,,,,,,,382515,001,2025-11-24_16h32.26.496,soloProject,,2025.1.1,59.797918905611944,2025-11-24 16h32.27.759841 +0530,
Faces/CFD-IF-605-066-N.jpg,n,perfume,n,C,C,14,14,0,n,1,0.4488656999892555,None,n,1,0.4475391000160016,None,,,,,0,14,14,12,,,,,,,,,56.328250299964566,,,,,,,,,56.3232122999616,56.328250299964566,56.7812173999846,56.7812173999846,56.83095529995626,57.231481299968436,,,,,57.23289199999999,57.730678499967325,57.730678499967325,58.181077799992636,,,,,,,,,n,1,0.4488656999892555,None,n,1,0.4475391000160016,None,,,,,,,,,,,,,,,,,,,,,,,,382515,001,2025-11-24_16h32.26.496,soloProject,,2025.1.1,59.797918905611944,2025-11-24 16h32.27.759841 +0530,
Faces/CFD-IF-609-408-N.jpg,n,hammer,m,I,C,15,15,0,n,1,0.4593983000377193,None,m,1,0.4812099999981001,None,,,,,0,15,15,55,,,,,,,,,58.231395999959204,,,,,,,,,58.22703689994523,58.231395999959204,58.68114829994738,58.68114829994738,58.73119489999954,59.1483502999763,,,,,59.14967849996174,59.64694329997292,59.64694329997292,60.13094339997042,,,,,,,,,n,1,0.4593983000377193,None,m,1,0.4812099999981001,None,,,,,,,,,,,,,,,,,,,,,,,,382515,001,2025-11-24_16h32.26.496,soloProject,,2025.1.1,59.797918905611944,2025-11-24 16h32.27.759841 +0530,
Faces/CFD-IM-739-012-N.jpg,m,cigar,m,C,C,16,16,0,m,1,0.5753758999635465,None,m,1,0.36299170000711456,None,,,,,0,16,16,88,,,,,,,,,60.18192529998487,,,,,,,,,60.177276199974585,60.18192529998487,60.63146559998859,60.63146559998859,60.6815704999608,61.21485639997991,,,,,61.21615009999368,61.730591999948956,61.730591999948956,62.097438299970236,,,,,,,,,m,1,0.5753758999635465,None,m,1,0.36299170000711456,None,,,,,,,,,,,,,,,,,,,,,,,,382515,001,2025-11-24_16h32.26.496,soloProject,,2025.1.1,59.797918905611944,2025-11-24 16h32.27.759841 +0530,
Faces/CFD-IM-731-223-N.jpg,m,jewelry,n,I,C,17,17,0,m,1,0.5092853999813087,None,n,1,0.4556702999980189,None,,,,,0,17,17,101,,,,,,,,,62.14825359999668,,,,,,,,,62.14374819997465,62.14825359999668,62.59766779997153,62.59766779997153,62.6474726999877,63.114925399946515,,,,,63.11623959999997,63.61400059994776,63.61400059994776,64.08120319998125,,,,,,,,,m,1,0.5092853999813087,None,n,1,0.4556702999980189,None,,,,,,,,,,,,,,,,,,,,,,,,382515,001,2025-11-24_16h32.26.496,soloProject,,2025.1.1,59.797918905611944,2025-11-24 16h32.27.759841 +0530,
Faces/CFD-IM-738-191-N.jpg,m,doll,n,I,C,18,18,0,m,1,0.46581049996893853,None,n,1,0.5313473999849521,None,,,,,0,18,18,109,,,,,,,,,64.13000259996625,,,,,,,,,64.12545659998432,64.13000259996625,64.581126199977,64.581126199977,64.63116939994507,65.04839389998233,,,,,65.04956519999541,65.56419299996924,65.56419299996924,66.09729129995685,,,,,,,,,m,1,0.46581049996893853,None,n,1,0.5313473999849521,None,,,,,,,,,,,,,,,,,,,,,,,,382515,001,2025-11-24_16h32.26.496,soloProject,,2025.1.1,59.797918905611944,2025-11-24 16h32.27.759841 +0530,
Faces/CFD-IM-736-361-N.jpg,m,football,m,C,C,19,19,0,n,0,0.6821405999944545,None,m,1,0.934073599986732,None,,,,,0,19,19,77,,,,,,,,,66.14706549997209,,,,,,,,,66.14224699995248,66.14706549997209,66.59767869999632,66.59767869999632,66.64773509994848,67.28192429995397,,,,,67.2833192999824,67.79704279999714,67.79704279999714,68.73151179996785,,,,,,,,,n,0,0.6821405999944545,None,m,1,0.934073599986732,None,,,,,,,,,,,,,,,,,,,,,,,,382515,001,2025-11-24_16h32.26.496,soloProject,,2025.1.1,59.797918905611944,2025-11-24 16h32.27.759841 +0530,
Faces/CFD-IM-738-191-N.jpg,m,hammer,m,C,C,20,20,0,m,1,0.42282580002211034,None,m,1,0.5263257999904454,None,,,,,0,20,20,79,,,,,,,,,68.77949319995241,,,,,,,,,68.77515979995951,68.77949319995241,69.23112059995765,69.23112059995765,69.28141529997811,69.6651012999937,,,,,69.6662789999973,70.1806033999892,70.1806033999892,70.71419400000013,,,,,,,,,m,1,0.42282580002211034,None,m,1,0.5263257999904454,None,,,,,,,,,,,,,,,,,,,,,,,,382515,001,2025-11-24_16h32.26.496,soloProject,,2025.1.1,59.797918905611944,2025-11-24 16h32.27.759841 +0530,
Faces/CFD-IM-728-041-N.jpg,m,football,m,C,C,21,21,0,m,1,0.4654210999724455,None,m,1,0.3756561999907717,None,,,,,0,21,21,65,,,,,,,,,70.76419029996032,,,,,,,,,70.75997329998063,70.76419029996032,71.21410749998176,71.21410749998176,71.26464819995454,71.68129829998361,,,,,71.68263639998622,72.19710399996256,72.19710399996256,72.58114309998928,,,,,,,,,m,1,0.4654210999724455,None,m,1,0.3756561999907717,None,,,,,,,,,,,,,,,,,,,,,,,,382515,001,2025-11-24_16h32.26.496,soloProject,,2025.1.1,59.797918905611944,2025-11-24 16h32.27.759841 +0530,
Faces/CFD-IF-602-134-N.jpg,n,football,m,I,C,22,22,0,n,1,0.3932506999699399,None,m,1,0.42924279998987913,None,,,,,0,22,22,41,,,,,,,,,72.63121229998069,,,,,,,,,72.6265776999644,72.63121229998069,73.0810222,73.0810222,73.13131909997901,73.4821162999724,,,,,73.48215969995363,73.99705239996547,73.99705239996547,74.43070099997567,,,,,,,,,n,1,0.3932506999699399,None,m,1,0.42924279998987913,None,,,,,,,,,,,,,,,,,,,,,,,,382515,001,2025-11-24_16h32.26.496,soloProject,,2025.1.1,59.797918905611944,2025-11-24 16h32.27.759841 +0530,
Faces/CFD-IF-608-390-N.jpg,n,doll,n,C,C,23,23,0,n,1,0.4728655000217259,None,n,1,0.46763490000739694,None,,,,,0,23,23,19,,,,,,,,,74.4817201999831,,,,,,,,,74.47681579994969,74.4817201999831,74.93108079995727,74.93108079995727,74.98098249995383,75.41466889996082,,,,,75.41600199998356,75.91381869994802,75.91381869994802,76.39736419997644,,,,,,,,,n,1,0.4728655000217259,None,n,1,0.46763490000739694,None,,,,,,,,,,,,,,,,,,,,,,,,382515,001,2025-11-24_16h32.26.496,soloProject,,2025.1.1,59.797918905611944,2025-11-24 16h32.27.759841 +0530,
Faces/CFD-IF-605-066-N.jpg,n,lipstick,n,C,C,24,24,0,n,1,0.4624995000194758,None,n,1,0.472256799985189,None,,,,,0,24,24,16,,,,,,,,,76.449021599954,,,,,,,,,76.4442529999651,76.449021599954,76.89758889999939,76.89758889999939,76.96485819999361,77.36491699999897,,,,,77.36653409997234,77.88033219997305,77.88033219997305,78.36432449996937,,,,,,,,,n,1,0.4624995000194758,None,n,1,0.472256799985189,None,,,,,,,,,,,,,,,,,,,,,,,,382515,001,2025-11-24_16h32.26.496,soloProject,,2025.1.1,59.797918905611944,2025-11-24 16h32.27.759841 +0530,
Faces/CFD-IF-602-134-N.jpg,n,flower,n,C,C,25,25,0,n,1,0.33464590000221506,None,n,1,0.371746200020425,None,,,,,0,25,25,8,,,,,,,,,78.41590969997924,,,,,,,,,78.41110099997604,78.41590969997924,78.86420349997934,78.86420349997934,78.93102530000033,79.21460229996592,,,,,79.21597679995466,79.73009679996176,79.73009679996176,80.1141859999625,,,,,,,,,n,1,0.33464590000221506,None,n,1,0.371746200020425,None,,,,,,,,,,,,,,,,,,,,,,,,382515,001,2025-11-24_16h32.26.496,soloProject,,2025.1.1,59.797918905611944,2025-11-24 16h32.27.759841 +0530,
Faces/CFD-IM-728-041-N.jpg,m,bowtie,m,C,C,26,26,0,m,1,0.4339382000034675,None,m,1,0.3720945999957621,None,,,,,0,26,26,62,,,,,,,,,80.16600209998433,,,,,,,,,80.16128379997099,80.16600209998433,80.6142105999752,80.6142105999752,80.68098689999897,81.04835199995432,,,,,81.0496104999911,81.56372219999321,81.56372219999321,81.94758249999722,,,,,,,,,m,1,0.4339382000034675,None,m,1,0.3720945999957621,None,,,,,,,,,,,,,,,,,,,,,,,,382515,001,2025-11-24_16h32.26.496,soloProject,,2025.1.1,59.797918905611944,2025-11-24 16h32.27.759841 +0530,
Faces/CFD-IF-605-066-N.jpg,n,doll,n,C,C,27,27,0,n,1,0.41058850003173575,None,n,1,0.44667909998679534,None,,,,,0,27,27,13,,,,,,,,,81.99814289994538,,,,,,,,,81.99369829997886,81.99814289994538,82.44730139995227,82.44730139995227,82.49857959995279,82.86437649995787,,,,,82.86553049995564,83.36392019997584,83.36392019997584,83.8141309999628,,,,,,,,,n,1,0.41058850003173575,None,n,1,0.44667909998679534,None,,,,,,,,,,,,,,,,,,,,,,,,382515,001,2025-11-24_16h32.26.496,soloProject,,2025.1.1,59.797918905611944,2025-11-24 16h32.27.759841 +0530,
Faces/CFD-IF-601-519-N.jpg,n,flower,n,C,C,28,28,0,n,1,1.0186644000350498,None,n,1,0.40824429999338463,None,,,,,0,28,28,2,,,,,,,,,83.86509739997564,,,,,,,,,83.85935129999416,83.86509739997564,84.31417359999614,84.31417359999614,84.36408519995166,85.34756479994394,,,,,85.34896679996746,85.84691009996459,85.84691009996459,86.26429029996507,,,,,,,,,n,1,1.0186644000350498,None,n,1,0.40824429999338463,None,,,,,,,,,,,,,,,,,,,,,,,,382515,001,2025-11-24_16h32.26.496,soloProject,,2025.1.1,59.797918905611944,2025-11-24 16h32.27.759841 +0530,
Faces/CFD-IM-728-041-N.jpg,m,jewelry,n,I,C,29,29,0,m,1,0.35696800000732765,None,n,1,0.5400314999860711,None,,,,,0,29,29,95,,,,,,,,,86.31262969999807,,,,,,,,,86.3079080999596,86.31262969999807,86.76445259997854,86.76445259997854,86.81456789997173,87.13113949995022,,,,,87.132601899968,87.63004709995585,87.63004709995585,88.18012539995834,,,,,,,,,m,1,0.35696800000732765,None,n,1,0.5400314999860711,None,,,,,,,,,,,,,,,,,,,,,,,,382515,001,2025-11-24_16h32.26.496,soloProject,,2025.1.1,59.797918905611944,2025-11-24 16h32.27.759841 +0530,
Faces/CFD-IM-731-223-N.jpg,m,beer,m,C,C,30,30,0,m,1,0.6380287999636494,None,m,1,0.6060049000079744,None,,,,,0,30,30,66,,,,,,,,,88.2290141999838,,,,,,,,,88.22436089999974,88.2290141999838,88.68075919995317,88.68075919995317,88.73040289996425,89.33121839998057,,,,,89.33310329995584,89.8468476999551,89.8468476999551,90.46394659997895,,,,,,,,,m,1,0.6380287999636494,None,m,1,0.6060049000079744,None,,,,,,,,,,,,,,,,,,,,,,,,382515,001,2025-11-24_16h32.26.496,soloProject,,2025.1.1,59.797918905611944,2025-11-24 16h32.27.759841 +0530,
Faces/CFD-IF-609-408-N.jpg,n,lipstick,n,C,C,31,31,0,m,0,0.562052000022959,None,n,1,0.5581794999889098,None,,,,,0,31,31,28,,,,,,,,,90.51458339998499,,,,,,,,,90.50964959996054,90.51458339998499,90.96418099995935,90.96418099995935,91.01441019994672,91.53091289999429,,,,,91.53228679997846,92.04671289998805,92.04671289998805,92.61372829996981,,,,,,,,,m,0,0.562052000022959,None,n,1,0.5581794999889098,None,,,,,,,,,,,,,,,,,,,,,,,,382515,001,2025-11-24_16h32.26.496,soloProject,,2025.1.1,59.797918905611944,2025-11-24 16h32.27.759841 +0530,
Faces/CFD-IM-738-191-N.jpg,m,perfume,n,I,C,32,32,0,m,1,0.4942867000354454,None,n,1,0.5556518999510445,None,,,,,0,32,32,108,,,,,,,,,92.66303859994514,,,,,,,,,92.6586581999436,92.66303859994514,93.11400769994361,93.11400769994361,93.16399839997757,93.6147101999959,,,,,93.61678279994521,94.13028829998802,94.13028829998802,94.69700399995781,,,,,,,,,m,1,0.4942867000354454,None,n,1,0.5556518999510445,None,,,,,,,,,,,,,,,,,,,,,,,,382515,001,2025-11-24_16h32.26.496,soloProject,,2025.1.1,59.797918905611944,2025-11-24 16h32.27.759841 +0530,
Faces/CFD-IF-608-390-N.jpg,n,football,m,I,C,33,33,0,n,1,0.3333238000050187,None,m,1,0.47240379999857396,None,,,,,0,33,33,53,,,,,,,,,94.74853359995177,,,,,,,,,94.74357719998807,94.74853359995177,95.19921189994784,95.19921189994784,95.26387929997873,95.54804609995335,,,,,95.5495447999565,96.06370569998398,96.06370569998398,96.54735759994946,,,,,,,,,n,1,0.3333238000050187,None,m,1,0.47240379999857396,None,,,,,,,,,,,,,,,,,,,,,,,,382515,001,2025-11-24_16h32.26.496,soloProject,,2025.1.1,59.797918905611944,2025-11-24 16h32.27.759841 +0530,
Faces/CFD-IM-738-191-N.jpg,m,football,m,C,C,34,34,0,m,1,0.5369065999984741,None,m,1,0.5491210999898612,None,,,,,0,34,34,83,,,,,,,,,96.59837219998008,,,,,,,,,96.59373359999154,96.59837219998008,97.04733199998736,97.04733199998736,97.09783719998086,97.59762889996637,,,,,97.59767429996282,98.1135409999988,98.1135409999988,98.66368269996019,,,,,,,,,m,1,0.5369065999984741,None,m,1,0.5491210999898612,None,,,,,,,,,,,,,,,,,,,,,,,,382515,001,2025-11-24_16h32.26.496,soloProject,,2025.1.1,59.797918905611944,2025-11-24 16h32.27.759841 +0530,
Faces/CFD-IF-605-066-N.jpg,n,jewelry,n,C,C,35,35,0,n,1,0.5268436999758705,None,n,1,0.6912928000092506,None,,,,,0,35,35,17,,,,,,,,,98.71857599995565,,,,,,,,,98.71341949998168,98.71857599995565,99.16397809999762,99.16397809999762,99.2304451999953,99.69858549995115,,,,,99.70005529996706,100.213280499971,100.213280499971,100.91367409995291,,,,,,,,,n,1,0.5268436999758705,None,n,1,0.6912928000092506,None,,,,,,,,,,,,,,,,,,,,,,,,382515,001,2025-11-24_16h32.26.496,soloProject,,2025.1.1,59.797918905611944,2025-11-24 16h32.27.759841 +0530,
Faces/CFD-IM-736-361-N.jpg,m,perfume,n,I,C,36,36,0,m,1,0.6803722000331618,None,n,1,0.8330453999806195,None,,,,,0,36,36,102,,,,,,,,,100.96750649996102,,,,,,,,,100.96257429994876,100.96750649996102,101.41416219994426,101.41416219994426,101.4808249999769,102.09747999999672,,,,,102.09889899997506,102.59650429995963,102.59650429995963,103.43050209997455,,,,,,,,,m,1,0.6803722000331618,None,n,1,0.8330453999806195,None,,,,,,,,,,,,,,,,,,,,,,,,382515,001,2025-11-24_16h32.26.496,soloProject,,2025.1.1,59.797918905611944,2025-11-24 16h32.27.759841 +0530,
Faces/CFD-IM-736-361-N.jpg,m,hammer,m,C,C,37,37,0,n,0,0.49457119998987764,None,m,1,0.5057367000263184,None,,,,,0,37,37,73,,,,,,,,,103.47849779995158,,,,,,,,,103.4738124999567,103.47849779995158,103.9303166999598,103.9303166999598,103.98081249999814,104.43039959995076,,,,,104.4315831999993,104.92984189995332,104.92984189995332,105.44706429995131,,,,,,,,,n,0,0.49457119998987764,None,m,1,0.5057367000263184,None,,,,,,,,,,,,,,,,,,,,,,,,382515,001,2025-11-24_16h32.26.496,soloProject,,2025.1.1,59.797918905611944,2025-11-24 16h32.27.759841 +0530,
Faces/CFD-IF-602-134-N.jpg,n,bowtie,m,I,C,38,38,0,n,1,0.4256083000218496,None,n,0,0.29391210002359003,None,,,,,0,38,38,38,,,,,,,,,105.50086469994858,,,,,,,,,105.49627059994964,105.50086469994858,105.94720249995589,105.94720249995589,106.01417609996861,106.38102869997965,,,,,106.38228329998674,106.88027579995105,106.88027579995105,107.18029539997224,,,,,,,,,n,1,0.4256083000218496,None,n,0,0.29391210002359003,None,,,,,,,,,,,,,,,,,,,,,,,,382515,001,2025-11-24_16h32.26.496,soloProject,,2025.1.1,59.797918905611944,2025-11-24 16h32.27.759841 +0530,
Faces/CFD-IM-739-012-N.jpg,m,perfume,n,I,C,39,39,0,m,1,1.0947440000018105,None,n,1,1.1054982999921776,None,,,,,0,39,39,114,,,,,,,,,107.22643999999855,,,,,,,,,107.22204959997907,107.22643999999855,107.67300479998812,107.67300479998812,107.73031109996373,108.78111629997147,,,,,108.78260459995363,109.27994849998504,109.27994849998504,110.39690749999136,,,,,,,,,m,1,1.0947440000018105,None,n,1,1.1054982999921776,None,,,,,,,,,,,,,,,,,,,,,,,,382515,001,2025-11-24_16h32.26.496,soloProject,,2025.1.1,59.797918905611944,2025-11-24 16h32.27.759841 +0530,
Faces/CFD-IF-601-519-N.jpg,n,hammer,m,I,C,40,40,0,n,1,0.6512847000267357,None,m,1,0.5085608999943361,None,,,,,0,40,40,31,,,,,,,,,110.44634159997804,,,,,,,,,110.44141829997534,110.44634159997804,110.89738349994877,110.89738349994877,110.94733979995362,111.5642631999799,,,,,111.56613519997336,112.06345939997118,112.06345939997118,112.58055629994487,,,,,,,,,n,1,0.6512847000267357,None,m,1,0.5085608999943361,None,,,,,,,,,,,,,,,,,,,,,,,,382515,001,2025-11-24_16h32.26.496,soloProject,,2025.1.1,59.797918905611944,2025-11-24 16h32.27.759841 +0530,
Faces/CFD-IM-728-041-N.jpg,m,beer,m,C,C,41,41,0,m,1,0.46352599997771904,None,m,1,0.5316316999960691,None,,,,,0,41,41,60,,,,,,,,,112.62749679997796,,,,,,,,,112.6227658999851,112.62749679997796,113.08072149998043,113.08072149998043,113.13157539995154,113.54736179998145,,,,,113.54872399999294,114.04682849999517,114.04682849999517,114.58006149996072,,,,,,,,,m,1,0.46352599997771904,None,m,1,0.5316316999960691,None,,,,,,,,,,,,,,,,,,,,,,,,382515,001,2025-11-24_16h32.26.496,soloProject,,2025.1.1,59.797918905611944,2025-11-24 16h32.27.759841 +0530,
Faces/CFD-IF-601-519-N.jpg,n,cigar,m,I,C,42,42,0,n,1,0.38391109998337924,None,m,1,0.5434624999761581,None,,,,,0,42,42,34,,,,,,,,,114.62928699998884,,,,,,,,,114.62456179998117,114.62928699998884,115.08029909996549,115.08029909996549,115.13027899997542,115.46814079995966,,,,,115.46958919998724,115.98033769999165,115.98033769999165,116.5303560999455,,,,,,,,,n,1,0.38391109998337924,None,m,1,0.5434624999761581,None,,,,,,,,,,,,,,,,,,,,,,,,382515,001,2025-11-24_16h32.26.496,soloProject,,2025.1.1,59.797918905611944,2025-11-24 16h32.27.759841 +0530,
Faces/CFD-IM-738-191-N.jpg,m,briefcase,m,C,C,43,43,0,m,1,0.5153402999858372,None,m,1,0.5027996999560855,None,,,,,0,43,43,81,,,,,,,,,116.58080249995692,,,,,,,,,116.57558499998413,116.58080249995692,117.03021939995233,117.03021939995233,117.0802824999555,117.54766699997708,,,,,117.5490808999748,118.04672889999347,118.04672889999347,118.56364709994523,,,,,,,,,m,1,0.5153402999858372,None,m,1,0.5027996999560855,None,,,,,,,,,,,,,,,,,,,,,,,,382515,001,2025-11-24_16h32.26.496,soloProject,,2025.1.1,59.797918905611944,2025-11-24 16h32.27.759841 +0530,
Faces/CFD-IF-601-519-N.jpg,n,football,m,I,C,44,44,0,n,1,0.40144889999646693,None,m,1,0.44458209996810183,None,,,,,0,44,44,35,,,,,,,,,118.6124571999535,,,,,,,,,118.60773920000065,118.6124571999535,119.06390309997369,119.06390309997369,119.11367629998131,119.48050719994353,,,,,119.4818826999981,119.97983919997932,119.97983919997932,120.43040509999264,,,,,,,,,n,1,0.40144889999646693,None,m,1,0.44458209996810183,None,,,,,,,,,,,,,,,,,,,,,,,,382515,001,2025-11-24_16h32.26.496,soloProject,,2025.1.1,59.797918905611944,2025-11-24 16h32.27.759841 +0530,
Faces/CFD-IF-608-390-N.jpg,n,flower,n,C,C,45,45,0,n,1,0.39611569995759055,None,n,1,0.5297998000169173,None,,,,,0,45,45,20,,,,,,,,,120.48089059995255,,,,,,,,,120.47613799996907,120.48089059995255,120.93044729996473,120.93044729996473,120.98002599994652,121.3306837999844,,,,,121.33207369997399,121.8299859999679,121.8299859999679,122.36373719997937,,,,,,,,,n,1,0.39611569995759055,None,n,1,0.5297998000169173,None,,,,,,,,,,,,,,,,,,,,,,,,382515,001,2025-11-24_16h32.26.496,soloProject,,2025.1.1,59.797918905611944,2025-11-24 16h32.27.759841 +0530,
Faces/CFD-IM-739-012-N.jpg,m,hammer,m,C,C,46,46,0,m,1,0.4681438999832608,None,m,1,0.44754419999662787,None,,,,,0,46,46,85,,,,,,,,,122.41436669998802,,,,,,,,,122.40839189995313,122.41436669998802,122.86345789994812,122.86345789994812,122.91358679998666,123.34743199998047,,,,,123.34876889997395,123.84624809998786,123.84624809998786,124.29675579996547,,,,,,,,,m,1,0.4681438999832608,None,m,1,0.44754419999662787,None,,,,,,,,,,,,,,,,,,,,,,,,382515,001,2025-11-24_16h32.26.496,soloProject,,2025.1.1,59.797918905611944,2025-11-24 16h32.27.759841 +0530,
Faces/CFD-IM-736-361-N.jpg,m,flower,n,I,C,47,47,0,m,1,0.5399046000093222,None,n,1,0.5784155000001192,None,,,,,0,47,47,104,,,,,,,,,124.34564119996503,,,,,,,,,124.34061389998533,124.34564119996503,124.7967005999526,124.7967005999526,124.84687919996213,125.34721029998036,,,,,125.34859339997638,125.8466241999995,125.8466241999995,126.42995729995891,,,,,,,,,m,1,0.5399046000093222,None,n,1,0.5784155000001192,None,,,,,,,,,,,,,,,,,,,,,,,,382515,001,2025-11-24_16h32.26.496,soloProject,,2025.1.1,59.797918905611944,2025-11-24 16h32.27.759841 +0530,
Faces/CFD-IF-602-134-N.jpg,n,briefcase,m,I,C,48,48,0,n,1,0.6759634999907576,None,m,1,2.8251883999910206,None,,,,,0,48,48,39,,,,,,,,,126.47920259996317,,,,,,,,,126.4745526999468,126.47920259996317,126.93009119998896,126.93009119998896,126.98012379999273,127.61410609999439,,,,,127.61572429997614,128.1296008999925,128.1296008999925,130.96299739996903,,,,,,,,,n,1,0.6759634999907576,None,m,1,2.8251883999910206,None,,,,,,,,,,,,,,,,,,,,,,,,382515,001,2025-11-24_16h32.26.496,soloProject,,2025.1.1,59.797918905611944,2025-11-24 16h32.27.759841 +0530,
Faces/CFD-IM-731-223-N.jpg,m,dress,n,I,C,49,49,0,m,1,1.2053784999880008,None,n,1,2.3851929999655113,None,,,,,0,49,49,99,,,,,,,,,131.01994689996354,,,,,,,,,131.0151641999837,131.01994689996354,131.46345509996172,131.46345509996172,131.52999949996592,132.6811241999967,,,,,132.68270909995772,133.19623549998505,133.19623549998505,135.59660679998342,,,,,,,,,m,1,1.2053784999880008,None,n,1,2.3851929999655113,None,,,,,,,,,,,,,,,,,,,,,,,,382515,001,2025-11-24_16h32.26.496,soloProject,,2025.1.1,59.797918905611944,2025-11-24 16h32.27.759841 +0530,
Faces/CFD-IF-609-408-N.jpg,n,dress,n,C,C,50,50,0,n,1,0.5433175999787636,None,n,1,0.409582499996759,None,,,,,0,50,50,27,,,,,,,,,135.64372909994563,,,,,,,,,135.63935089996085,135.64372909994563,136.09681339998497,136.09681339998497,136.14644189999672,136.64726019999944,,,,,136.6473070999491,137.1627633999451,137.1627633999451,137.57987570000114,,,,,,,,,n,1,0.5433175999787636,None,n,1,0.409582499996759,None,,,,,,,,,,,,,,,,,,,,,,,,382515,001,2025-11-24_16h32.26.496,soloProject,,2025.1.1,59.797918905611944,2025-11-24 16h32.27.759841 +0530,
Faces/CFD-IF-608-390-N.jpg,n,briefcase,m,I,C,51,51,0,n,1,0.3588605000404641,None,n,0,0.36327309999614954,None,,,,,0,51,51,51,,,,,,,,,137.62934569997014,,,,,,,,,137.62467019999167,137.62934569997014,138.08038429997396,138.08038429997396,138.13002089998918,138.447286599956,,,,,138.44938939996064,138.96286069997586,138.96286069997586,139.33008419995895,,,,,,,,,n,1,0.3588605000404641,None,n,0,0.36327309999614954,None,,,,,,,,,,,,,,,,,,,,,,,,382515,001,2025-11-24_16h32.26.496,soloProject,,2025.1.1,59.797918905611944,2025-11-24 16h32.27.759841 +0530,
Faces/CFD-IM-738-191-N.jpg,m,bowtie,m,C,C,52,52,0,m,1,0.7257981000002474,None,m,1,0.49855880002724007,None,,,,,0,52,52,80,,,,,,,,,139.3827288999455,,,,,,,,,139.37827219994506,139.3827288999455,139.83013799996115,139.83013799996115,139.89648639998632,140.56388559995685,,,,,140.56530239997664,141.07970239996212,141.07970239996212,141.57990369998151,,,,,,,,,m,1,0.7257981000002474,None,m,1,0.49855880002724007,None,,,,,,,,,,,,,,,,,,,,,,,,382515,001,2025-11-24_16h32.26.496,soloProject,,2025.1.1,59.797918905611944,2025-11-24 16h32.27.759841 +0530,
Faces/CFD-IM-739-012-N.jpg,m,briefcase,m,C,C,53,53,0,m,1,1.3373574999859557,None,m,1,0.5773046999820508,None,,,,,0,53,53,87,,,,,,,,,141.6318960999488,,,,,,,,,141.62717939994764,141.6318960999488,142.08027569996193,142.08027569996193,142.1468845999916,143.4302030999679,,,,,143.4314214999904,143.92960139998468,143.92960139998468,144.51336049998645,,,,,,,,,m,1,1.3373574999859557,None,m,1,0.5773046999820508,None,,,,,,,,,,,,,,,,,,,,,,,,382515,001,2025-11-24_16h32.26.496,soloProject,,2025.1.1,59.797918905611944,2025-11-24 16h32.27.759841 +0530,
Faces/CFD-IM-739-012-N.jpg,m,football,m,C,C,54,54,0,m,1,0.45576310000615194,None,m,1,0.4164745999732986,None,,,,,0,54,54,89,,,,,,,,,144.56499419995816,,,,,,,,,144.56017749995226,144.56499419995816,145.0133194999653,145.0133194999653,145.08034239994595,145.48014459997648,,,,,145.48144069995033,145.97927579999669,145.97927579999669,146.39617449999787,,,,,,,,,m,1,0.45576310000615194,None,m,1,0.4164745999732986,None,,,,,,,,,,,,,,,,,,,,,,,,382515,001,2025-11-24_16h32.26.496,soloProject,,2025.1.1,59.797918905611944,2025-11-24 16h32.27.759841 +0530,
Faces/CFD-IM-731-223-N.jpg,m,perfume,n,I,C,55,55,0,m,1,0.3465476999990642,None,n,1,0.38300179998623207,None,,,,,0,55,55,96,,,,,,,,,146.44693979999283,,,,,,,,,146.44236180000007,146.44693979999283,146.89643539994722,146.89643539994722,146.94651059998432,147.2470543999807,,,,,147.24873009999283,147.74629229999846,147.74629229999846,148.1297330999514,,,,,,,,,m,1,0.3465476999990642,None,n,1,0.38300179998623207,None,,,,,,,,,,,,,,,,,,,,,,,,382515,001,2025-11-24_16h32.26.496,soloProject,,2025.1.1,59.797918905611944,2025-11-24 16h32.27.759841 +0530,
Faces/CFD-IM-728-041-N.jpg,m,doll,n,I,C,56,56,0,m,1,0.4171189999906346,None,n,1,0.4928360999911092,None,,,,,0,56,56,91,,,,,,,,,148.18494879995706,,,,,,,,,148.18026589998044,148.18494879995706,148.62987999996403,148.62987999996403,148.69650719995843,149.0474361999659,,,,,149.04867639997974,149.5628929999657,149.5628929999657,150.0630730999983,,,,,,,,,m,1,0.4171189999906346,None,n,1,0.4928360999911092,None,,,,,,,,,,,,,,,,,,,,,,,,382515,001,2025-11-24_16h32.26.496,soloProject,,2025.1.1,59.797918905611944,2025-11-24 16h32.27.759841 +0530,
Faces/CFD-IM-739-012-N.jpg,m,dress,n,I,C,57,57,0,m,1,0.34782490000361577,None,n,1,0.43525330000557005,None,,,,,0,57,57,117,,,,,,,,,150.11432049999712,,,,,,,,,150.10991939995438,150.11432049999712,150.56321399996523,150.56321399996523,150.61344459996326,150.91308609995758,,,,,150.91427559999283,151.41355889994884,151.41355889994884,151.86330669996096,,,,,,,,,m,1,0.34782490000361577,None,n,1,0.43525330000557005,None,,,,,,,,,,,,,,,,,,,,,,,,382515,001,2025-11-24_16h32.26.496,soloProject,,2025.1.1,59.797918905611944,2025-11-24 16h32.27.759841 +0530,
Faces/CFD-IM-738-191-N.jpg,m,beer,m,C,C,58,58,0,m,1,0.573923299962189,None,n,0,0.4624605000135489,None,,,,,0,58,58,78,,,,,,,,,151.9154484999599,,,,,,,,,151.91103259997908,151.9154484999599,152.36305109999375,152.36305109999375,152.42965629999526,152.94649269996444,,,,,152.9477354999981,153.4468955999473,153.4468955999473,153.9128601999837,,,,,,,,,m,1,0.573923299962189,None,n,0,0.4624605000135489,None,,,,,,,,,,,,,,,,,,,,,,,,382515,001,2025-11-24_16h32.26.496,soloProject,,2025.1.1,59.797918905611944,2025-11-24 16h32.27.759841 +0530,
Faces/CFD-IM-731-223-N.jpg,m,bowtie,m,C,C,59,59,0,m,1,0.5895725000300445,None,m,1,2.2164111000020057,None,,,,,0,59,59,68,,,,,,,,,153.96473529998912,,,,,,,,,153.95998729998246,153.96473529998912,154.4133964999928,154.4133964999928,154.4797152999672,155.01328729995294,,,,,155.01469829998678,155.51250489999074,155.51250489999074,157.72980139998253,,,,,,,,,m,1,0.5895725000300445,None,m,1,2.2164111000020057,None,,,,,,,,,,,,,,,,,,,,,,,,382515,001,2025-11-24_16h32.26.496,soloProject,,2025.1.1,59.797918905611944,2025-11-24 16h32.27.759841 +0530,
Faces/CFD-IM-731-223-N.jpg,m,doll,n,I,C,60,60,0,m,1,0.5273839000146836,None,n,1,2.1235737999668345,None,,,,,0,60,60,97,,,,,,,,,157.78283849998843,,,,,,,,,157.77753679995658,157.78283849998843,158.23004809999838,158.23004809999838,158.29641409998294,158.76363049994688,,,,,158.7649566999753,159.2790924999863,159.2790924999863,161.41270129999612,,,,,,,,,m,1,0.5273839000146836,None,n,1,2.1235737999668345,None,,,,,,,,,,,,,,,,,,,,,,,,382515,001,2025-11-24_16h32.26.496,soloProject,,2025.1.1,59.797918905611944,2025-11-24 16h32.27.759841 +0530,
Faces/CFD-IF-605-066-N.jpg,n,flower,n,C,C,61,61,0,n,1,0.7092106000054628,None,n,1,0.3880206999601796,None,,,,,0,61,61,14,,,,,,,,,161.4580508999643,,,,,,,,,161.45326589996694,161.4580508999643,161.91323019994888,161.91323019994888,161.96319999999832,162.63030059996527,,,,,162.63186470000073,163.1460584999877,163.1460584999877,163.5456276999903,,,,,,,,,n,1,0.7092106000054628,None,n,1,0.3880206999601796,None,,,,,,,,,,,,,,,,,,,,,,,,382515,001,2025-11-24_16h32.26.496,soloProject,,2025.1.1,59.797918905611944,2025-11-24 16h32.27.759841 +0530,
Faces/CFD-IM-728-041-N.jpg,m,flower,n,I,C,62,62,0,m,1,0.42012959998100996,None,n,1,0.5389436000259593,None,,,,,0,62,62,92,,,,,,,,,163.59358849999262,,,,,,,,,163.5888910999638,163.59358849999262,164.04641329997685,164.04641329997685,164.09637309995014,164.4799817999592,,,,,164.48002769995946,164.99592099996516,164.99592099996516,165.54619029996684,,,,,,,,,m,1,0.42012959998100996,None,n,1,0.5389436000259593,None,,,,,,,,,,,,,,,,,,,,,,,,382515,001,2025-11-24_16h32.26.496,soloProject,,2025.1.1,59.797918905611944,2025-11-24 16h32.27.759841 +0530,
Faces/CFD-IF-601-519-N.jpg,n,dress,n,C,C,63,63,0,n,1,0.3555071000009775,None,n,1,0.3359131999895908,None,,,,,0,63,63,3,,,,,,,,,165.59432739997283,,,,,,,,,165.58978849998675,165.59432739997283,166.04645409999648,166.04645409999648,166.09626879997086,166.41347229998792,,,,,166.41464009997435,166.91205849999096,166.91205849999096,167.26260109996656,,,,,,,,,n,1,0.3555071000009775,None,n,1,0.3359131999895908,None,,,,,,,,,,,,,,,,,,,,,,,,382515,001,2025-11-24_16h32.26.496,soloProject,,2025.1.1,59.797918905611944,2025-11-24 16h32.27.759841 +0530,
Faces/CFD-IF-608-390-N.jpg,n,hammer,m,I,C,64,64,0,n,1,0.386957100010477,None,m,1,0.5004618000239134,None,,,,,0,64,64,49,,,,,,,,,167.3088513999828,,,,,,,,,167.30461009999271,167.3088513999828,167.76317599997856,167.76317599997856,167.8131084999768,168.16326499998104,,,,,168.16477109998232,168.66264789999695,168.66264789999695,169.1633607999538,,,,,,,,,n,1,0.386957100010477,None,m,1,0.5004618000239134,None,,,,,,,,,,,,,,,,,,,,,,,,382515,001,2025-11-24_16h32.26.496,soloProject,,2025.1.1,59.797918905611944,2025-11-24 16h32.27.759841 +0530,
Faces/CFD-IF-608-390-N.jpg,n,bowtie,m,I,C,65,65,0,n,1,0.45606799999950454,None,m,1,0.40719340002397075,None,,,,,0,65,65,50,,,,,,,,,169.21362269995734,,,,,,,,,169.20917309995275,169.21362269995734,169.67938099999446,169.67938099999446,169.71278319996782,170.1464949999936,,,,,170.14795999997295,170.6459016999579,170.6459016999579,171.06271819997346,,,,,,,,,n,1,0.45606799999950454,None,m,1,0.40719340002397075,None,,,,,,,,,,,,,,,,,,,,,,,,382515,001,2025-11-24_16h32.26.496,soloProject,,2025.1.1,59.797918905611944,2025-11-24 16h32.27.759841 +0530,
Faces/CFD-IF-602-134-N.jpg,n,doll,n,C,C,66,66,0,n,1,0.5174954000394791,None,n,1,0.4412990999990143,None,,,,,0,66,66,7,,,,,,,,,171.11350429995218,,,,,,,,,171.1090450999909,171.11350429995218,171.5630378999631,171.5630378999631,171.61310389998835,172.09653609996894,,,,,172.0977904999745,172.61243379994994,172.61243379994994,173.06256379996194,,,,,,,,,n,1,0.5174954000394791,None,n,1,0.4412990999990143,None,,,,,,,,,,,,,,,,,,,,,,,,382515,001,2025-11-24_16h32.26.496,soloProject,,2025.1.1,59.797918905611944,2025-11-24 16h32.27.759841 +0530,
Faces/CFD-IF-601-519-N.jpg,n,doll,n,C,C,67,67,0,n,1,0.3825574000366032,None,n,1,0.46297160000540316,None,,,,,0,67,67,1,,,,,,,,,173.10791359998984,,,,,,,,,173.10343759995885,173.10791359998984,173.5626613999484,173.5626613999484,173.6127805999713,173.94640109996544,,,,,173.94644659996266,174.44586209999397,174.44586209999397,174.91331799997715,,,,,,,,,n,1,0.3825574000366032,None,n,1,0.46297160000540316,None,,,,,,,,,,,,,,,,,,,,,,,,382515,001,2025-11-24_16h32.26.496,soloProject,,2025.1.1,59.797918905611944,2025-11-24 16h32.27.759841 +0530,
Faces/CFD-IF-601-519-N.jpg,n,beer,m,I,C,68,68,0,n,1,0.3426202000118792,None,m,1,0.6060094999847934,None,,,,,0,68,68,30,,,,,,,,,174.96325839997735,,,,,,,,,174.9586430999916,174.96325839997735,175.4130663999822,175.4130663999822,175.46299029997317,175.7631921999855,,,,,175.7642971999594,176.26242939999793,176.26242939999793,176.8792603999609,,,,,,,,,n,1,0.3426202000118792,None,m,1,0.6060094999847934,None,,,,,,,,,,,,,,,,,,,,,,,,382515,001,2025-11-24_16h32.26.496,soloProject,,2025.1.1,59.797918905611944,2025-11-24 16h32.27.759841 +0530,
Faces/CFD-IM-739-012-N.jpg,m,jewelry,n,I,C,69,69,0,m,1,0.6120879999944009,None,n,1,0.5748601999948733,None,,,,,0,69,69,119,,,,,,,,,176.9256184999831,,,,,,,,,176.92116099997656,176.9256184999831,177.37976949999575,177.37976949999575,177.4291831999435,177.99666429997887,,,,,177.9980160999694,178.49564189999364,178.49564189999364,179.07923249999294,,,,,,,,,m,1,0.6120879999944009,None,n,1,0.5748601999948733,None,,,,,,,,,,,,,,,,,,,,,,,,382515,001,2025-11-24_16h32.26.496,soloProject,,2025.1.1,59.797918905611944,2025-11-24 16h32.27.759841 +0530,
Faces/CFD-IF-609-408-N.jpg,n,cigar,m,I,C,70,70,0,n,1,0.5396513000014238,None,m,1,0.6230961999972351,None,,,,,0,70,70,58,,,,,,,,,179.12757749995217,,,,,,,,,179.12295479996828,179.12757749995217,179.57900849997532,179.57900849997532,179.6296836999827,180.12950169999385,,,,,180.1309695999953,180.62874179997016,180.62874179997016,181.2627722999896,,,,,,,,,n,1,0.5396513000014238,None,m,1,0.6230961999972351,None,,,,,,,,,,,,,,,,,,,,,,,,382515,001,2025-11-24_16h32.26.496,soloProject,,2025.1.1,59.797918905611944,2025-11-24 16h32.27.759841 +0530,
Faces/CFD-IM-728-041-N.jpg,m,dress,n,I,C,71,71,0,m,1,0.5171047999756411,None,n,1,0.477568699978292,None,,,,,0,71,71,93,,,,,,,,,181.3108611999778,,,,,,,,,181.30614159995457,181.3108611999778,181.76295359997312,181.76295359997312,181.8126202999847,182.2958620999707,,,,,182.29707169998437,182.7953893999802,182.7953893999802,183.27911949995905,,,,,,,,,m,1,0.5171047999756411,None,n,1,0.477568699978292,None,,,,,,,,,,,,,,,,,,,,,,,,382515,001,2025-11-24_16h32.26.496,soloProject,,2025.1.1,59.797918905611944,2025-11-24 16h32.27.759841 +0530,
Faces/CFD-IF-605-066-N.jpg,n,hammer,m,I,C,72,72,0,n,1,0.7177890000166371,None,m,1,0.5892388999927789,None,,,,,0,72,72,43,,,,,,,,,183.3262455999502,,,,,,,,,183.32164609996835,183.3262455999502,183.77962839999236,183.77962839999236,183.82927409996046,184.51270569994813,,,,,184.51385409996146,185.01195589994313,185.01195589994313,185.61249169998337,,,,,,,,,n,1,0.7177890000166371,None,m,1,0.5892388999927789,None,,,,,,,,,,,,,,,,,,,,,,,,382515,001,2025-11-24_16h32.26.496,soloProject,,2025.1.1,59.797918905611944,2025-11-24 16h32.27.759841 +0530,
Faces/CFD-IF-602-134-N.jpg,n,beer,m,I,C,73,73,0,n,1,2.3752060999977402,None,m,1,0.5292423999635503,None,,,,,0,73,73,36,,,,,,,,,185.66161640000064,,,,,,,,,185.65738589997636,185.66161640000064,186.1128845999483,186.1128845999483,186.1628588999738,188.49619909998728,,,,,188.49798929999815,189.01202289998764,189.01202289998764,189.545787799987,,,,,,,,,n,1,2.3752060999977402,None,m,1,0.5292423999635503,None,,,,,,,,,,,,,,,,,,,,,,,,382515,001,2025-11-24_16h32.26.496,soloProject,,2025.1.1,59.797918905611944,2025-11-24 16h32.27.759841 +0530,
Faces/CFD-IM-739-012-N.jpg,m,doll,n,I,C,74,74,0,m,1,0.4945667000138201,None,n,1,0.541854599956423,None,,,,,0,74,74,115,,,,,,,,,189.5927044999553,,,,,,,,,189.5883963999804,189.5927044999553,190.0458221999579,190.0458221999579,190.09588619996794,190.54649969999446,,,,,190.54781799996272,191.06180589995347,191.06180589995347,191.61615739995614,,,,,,,,,m,1,0.4945667000138201,None,n,1,0.541854599956423,None,,,,,,,,,,,,,,,,,,,,,,,,382515,001,2025-11-24_16h32.26.496,soloProject,,2025.1.1,59.797918905611944,2025-11-24 16h32.27.759841 +0530,
Faces/CFD-IM-731-223-N.jpg,m,hammer,m,C,C,75,75,0,n,0,0.9337839999934658,None,m,1,0.5161175000248477,None,,,,,0,75,75,67,,,,,,,,,191.66180839994922,,,,,,,,,191.65728499996476,191.66180839994922,192.1295144999749,192.1295144999749,192.16279259999283,193.07947229995625,,,,,193.08081979997223,193.59550919994945,193.59550919994945,194.11206609994406,,,,,,,,,n,0,0.9337839999934658,None,m,1,0.5161175000248477,None,,,,,,,,,,,,,,,,,,,,,,,,382515,001,2025-11-24_16h32.26.496,soloProject,,2025.1.1,59.797918905611944,2025-11-24 16h32.27.759841 +0530,
Faces/CFD-IM-736-361-N.jpg,m,bowtie,m,C,C,76,76,0,m,1,0.8295222999877296,None,m,1,0.5589400000171736,None,,,,,0,76,76,74,,,,,,,,,194.15904279996175,,,,,,,,,194.15470169996843,194.15904279996175,194.61263069999404,194.61263069999404,194.66254619997926,195.44717799994396,,,,,195.44854589999886,195.96197479998227,195.96197479998227,196.52858169999672,,,,,,,,,m,1,0.8295222999877296,None,m,1,0.5589400000171736,None,,,,,,,,,,,,,,,,,,,,,,,,382515,001,2025-11-24_16h32.26.496,soloProject,,2025.1.1,59.797918905611944,2025-11-24 16h32.27.759841 +0530,
Faces/CFD-IF-605-066-N.jpg,n,football,m,I,C,77,77,0,n,1,0.4543106000055559,None,m,1,0.5464009999996051,None,,,,,0,77,77,47,,,,,,,,,196.57562379998853,,,,,,,,,196.57127269997727,196.57562379998853,197.02907519997098,197.02907519997098,197.07939849997638,197.49628929997561,,,,,197.49771899997722,197.9949728999636,197.9949728999636,198.545479399967,,,,,,,,,n,1,0.4543106000055559,None,m,1,0.5464009999996051,None,,,,,,,,,,,,,,,,,,,,,,,,382515,001,2025-11-24_16h32.26.496,soloProject,,2025.1.1,59.797918905611944,2025-11-24 16h32.27.759841 +0530,
Faces/CFD-IF-605-066-N.jpg,n,dress,n,C,C,78,78,0,n,1,0.7093290999764577,None,n,1,1.0562229999923147,None,,,,,0,78,78,15,,,,,,,,,198.59415769996122,,,,,,,,,198.5897148999502,198.59415769996122,199.04601659998298,199.04601659998298,199.09598909999477,199.76230740000028,,,,,199.7634674999863,200.26179779996164,200.26179779996164,201.3291029999964,,,,,,,,,n,1,0.7093290999764577,None,n,1,1.0562229999923147,None,,,,,,,,,,,,,,,,,,,,,,,,382515,001,2025-11-24_16h32.26.496,soloProject,,2025.1.1,59.797918905611944,2025-11-24 16h32.27.759841 +0530,
Faces/CFD-IM-731-223-N.jpg,m,briefcase,m,C,C,79,79,0,m,1,0.5269540000008419,None,m,1,0.6223994999891147,None,,,,,0,79,79,69,,,,,,,,,201.37921819998883,,,,,,,,,201.37374859995907,201.37921819998883,201.82922659994802,201.82922659994802,201.87922949995846,202.36251629999606,,,,,202.36392219999107,202.86208779999288,202.86208779999288,203.4958440999617,,,,,,,,,m,1,0.5269540000008419,None,m,1,0.6223994999891147,None,,,,,,,,,,,,,,,,,,,,,,,,382515,001,2025-11-24_16h32.26.496,soloProject,,2025.1.1,59.797918905611944,2025-11-24 16h32.27.759841 +0530,
Faces/CFD-IF-609-408-N.jpg,n,doll,n,C,C,80,80,0,m,0,0.4262525999802165,None,n,1,1.7107767999987118,None,,,,,0,80,80,25,,,,,,,,,203.54423989995848,,,,,,,,,203.53976239997428,203.54423989995848,203.99576739995973,203.99576739995973,204.04616559995338,204.42919499997515,,,,,204.43042829999467,204.92850859998725,204.92850859998725,206.6451104999869,,,,,,,,,m,0,0.4262525999802165,None,n,1,1.7107767999987118,None,,,,,,,,,,,,,,,,,,,,,,,,382515,001,2025-11-24_16h32.26.496,soloProject,,2025.1.1,59.797918905611944,2025-11-24 16h32.27.759841 +0530,
Faces/CFD-IF-605-066-N.jpg,n,briefcase,m,I,C,81,81,0,n,1,0.47224829997867346,None,m,1,0.537553999980446,None,,,,,0,81,81,45,,,,,,,,,206.69476749998285,,,,,,,,,206.6903831999516,206.69476749998285,207.14554659998976,207.14554659998976,207.19543869997142,207.6293483999907,,,,,207.6305871999939,208.12847429997055,208.12847429997055,208.67901259998325,,,,,,,,,n,1,0.47224829997867346,None,m,1,0.537553999980446,None,,,,,,,,,,,,,,,,,,,,,,,,382515,001,2025-11-24_16h32.26.496,soloProject,,2025.1.1,59.797918905611944,2025-11-24 16h32.27.759841 +0530,
Faces/CFD-IF-609-408-N.jpg,n,bowtie,m,I,C,82,82,0,n,1,0.7055648999521509,None,n,0,0.40559529996244237,None,,,,,0,82,82,56,,,,,,,,,208.72744769998826,,,,,,,,,208.72290709998924,208.72744769998826,209.1786706999992,209.1786706999992,209.2287494999473,209.89600589999463,,,,,209.89721929997904,210.39531599998008,210.39531599998008,210.81230009999126,,,,,,,,,n,1,0.7055648999521509,None,n,0,0.40559529996244237,None,,,,,,,,,,,,,,,,,,,,,,,,382515,001,2025-11-24_16h32.26.496,soloProject,,2025.1.1,59.797918905611944,2025-11-24 16h32.27.759841 +0530,
Faces/CFD-IM-728-041-N.jpg,m,cigar,m,C,C,83,83,0,m,1,0.9659043000428937,None,m,1,0.5728946999879554,None,,,,,0,83,83,64,,,,,,,,,210.8607156999642,,,,,,,,,210.85632119997172,210.8607156999642,211.31226019997848,211.31226019997848,211.3620548999752,212.2790704999934,,,,,212.28051369998138,212.77831769996556,212.77831769996556,213.36683600000106,,,,,,,,,m,1,0.9659043000428937,None,m,1,0.5728946999879554,None,,,,,,,,,,,,,,,,,,,,,,,,382515,001,2025-11-24_16h32.26.496,soloProject,,2025.1.1,59.797918905611944,2025-11-24 16h32.27.759841 +0530,
Faces/CFD-IF-601-519-N.jpg,n,briefcase,m,I,C,84,84,0,n,1,0.4017891000257805,None,m,1,0.5363805000088178,None,,,,,0,84,84,33,,,,,,,,,213.41603299998678,,,,,,,,,213.41026659996714,213.41603299998678,213.87894599995343,213.87894599995343,213.92853239999386,214.29559309995966,,,,,214.29688889998943,214.79538349999348,214.79538349999348,215.34519759996329,,,,,,,,,n,1,0.4017891000257805,None,m,1,0.5363805000088178,None,,,,,,,,,,,,,,,,,,,,,,,,382515,001,2025-11-24_16h32.26.496,soloProject,,2025.1.1,59.797918905611944,2025-11-24 16h32.27.759841 +0530,
Faces/CFD-IM-731-223-N.jpg,m,cigar,m,C,C,85,85,0,m,1,0.42373589996714145,None,m,1,0.48418109997874126,None,,,,,0,85,85,70,,,,,,,,,215.39298229996348,,,,,,,,,215.3883085999987,215.39298229996348,215.84578809997765,215.84578809997765,215.89562499994645,216.2789519999642,,,,,216.2804851999972,216.77830599999288,216.77830599999288,217.2629062999622,,,,,,,,,m,1,0.42373589996714145,None,m,1,0.48418109997874126,None,,,,,,,,,,,,,,,,,,,,,,,,382515,001,2025-11-24_16h32.26.496,soloProject,,2025.1.1,59.797918905611944,2025-11-24 16h32.27.759841 +0530,
Faces/CFD-IF-608-390-N.jpg,n,jewelry,n,C,C,86,86,0,m,0,0.4403950000414625,None,n,1,0.4928512999904342,None,,,,,0,86,86,23,,,,,,,,,217.31142129999353,,,,,,,,,217.30663159996038,217.31142129999353,217.7787198999431,217.7787198999431,217.81246319995262,218.22923449997324,,,,,218.23072039999533,218.74483519996284,218.74483519996284,219.24541529995622,,,,,,,,,m,0,0.4403950000414625,None,n,1,0.4928512999904342,None,,,,,,,,,,,,,,,,,,,,,,,,382515,001,2025-11-24_16h32.26.496,soloProject,,2025.1.1,59.797918905611944,2025-11-24 16h32.27.759841 +0530,
Faces/CFD-IM-738-191-N.jpg,m,flower,n,I,C,87,87,0,m,1,0.3936801999807358,None,n,1,0.6383432999718934,None,,,,,0,87,87,110,,,,,,,,,219.29346149996854,,,,,,,,,219.28916689998005,219.29346149996854,219.7456422999967,219.7456422999967,219.7954009999521,220.14567499997793,,,,,220.14723119995324,220.6451397999772,220.6451397999772,221.2954286999884,,,,,,,,,m,1,0.3936801999807358,None,n,1,0.6383432999718934,None,,,,,,,,,,,,,,,,,,,,,,,,382515,001,2025-11-24_16h32.26.496,soloProject,,2025.1.1,59.797918905611944,2025-11-24 16h32.27.759841 +0530,
Faces/CFD-IM-739-012-N.jpg,m,beer,m,C,C,88,88,0,m,1,0.4706843000021763,None,m,1,0.580882299982477,None,,,,,0,88,88,84,,,,,,,,,221.34348859998863,,,,,,,,,221.3393184999586,221.34348859998863,221.79553199996008,221.79553199996008,221.84569629997713,222.2789237999823,,,,,222.28011499997228,222.77846209995914,222.77846209995914,223.3616486999672,,,,,,,,,m,1,0.4706843000021763,None,m,1,0.580882299982477,None,,,,,,,,,,,,,,,,,,,,,,,,382515,001,2025-11-24_16h32.26.496,soloProject,,2025.1.1,59.797918905611944,2025-11-24 16h32.27.759841 +0530,
Faces/CFD-IM-738-191-N.jpg,m,dress,n,I,C,89,89,0,m,1,0.3992370000341907,None,n,1,0.45789820002391934,None,,,,,0,89,89,111,,,,,,,,,223.41053959995043,,,,,,,,,223.40550579997944,223.41053959995043,223.8621440999559,223.8621440999559,223.91172739997273,224.2625846999581,,,,,224.26382119994378,224.76138519996312,224.76138519996312,225.2285600999603,,,,,,,,,m,1,0.3992370000341907,None,n,1,0.45789820002391934,None,,,,,,,,,,,,,,,,,,,,,,,,382515,001,2025-11-24_16h32.26.496,soloProject,,2025.1.1,59.797918905611944,2025-11-24 16h32.27.759841 +0530,
Faces/CFD-IM-736-361-N.jpg,m,dress,n,I,C,90,90,0,m,1,0.4523585999850184,None,n,1,0.4086931000347249,None,,,,,0,90,90,105,,,,,,,,,225.27661369997077,,,,,,,,,225.27169499994488,225.27661369997077,225.72888650000095,225.72888650000095,225.778792099969,226.19549919996643,,,,,226.19554389995756,226.69457499997225,226.69457499997225,227.11154069995973,,,,,,,,,m,1,0.4523585999850184,None,n,1,0.4086931000347249,None,,,,,,,,,,,,,,,,,,,,,,,,382515,001,2025-11-24_16h32.26.496,soloProject,,2025.1.1,59.797918905611944,2025-11-24 16h32.27.759841 +0530,
Faces/CFD-IF-602-134-N.jpg,n,perfume,n,C,C,91,91,0,n,1,0.5544901000102982,None,n,1,0.4720605000038631,None,,,,,0,91,91,6,,,,,,,,,227.16221639997093,,,,,,,,,227.15748209995218,227.16221639997093,227.61186789994827,227.61186789994827,227.6619613999501,228.17880169994896,,,,,228.18044779996853,228.67839609994553,228.67839609994553,229.16198319999967,,,,,,,,,n,1,0.5544901000102982,None,n,1,0.4720605000038631,None,,,,,,,,,,,,,,,,,,,,,,,,382515,001,2025-11-24_16h32.26.496,soloProject,,2025.1.1,59.797918905611944,2025-11-24 16h32.27.759841 +0530,
Faces/CFD-IF-602-134-N.jpg,n,lipstick,n,C,C,92,92,0,n,1,0.34880830004112795,None,n,1,0.536263299989514,None,,,,,0,92,92,10,,,,,,,,,229.2122165999608,,,,,,,,,229.20711989997653,229.2122165999608,229.66192079999018,229.66192079999018,229.7126582999481,230.0119735999615,,,,,230.01329389994498,230.52793039998505,230.52793039998505,231.07828249997692,,,,,,,,,n,1,0.34880830004112795,None,n,1,0.536263299989514,None,,,,,,,,,,,,,,,,,,,,,,,,382515,001,2025-11-24_16h32.26.496,soloProject,,2025.1.1,59.797918905611944,2025-11-24 16h32.27.759841 +0530,
Faces/CFD-IM-736-361-N.jpg,m,lipstick,n,I,C,93,93,0,m,1,0.4833591000060551,None,n,1,0.5021885000169277,None,,,,,0,93,93,106,,,,,,,,,231.12617579998914,,,,,,,,,231.12150629999815,231.12617579998914,231.57847949996358,231.57847949996358,231.62842619995354,232.0622761999839,,,,,232.06233349995455,232.57793589995708,232.57793589995708,233.09494589996757,,,,,,,,,m,1,0.4833591000060551,None,n,1,0.5021885000169277,None,,,,,,,,,,,,,,,,,,,,,,,,382515,001,2025-11-24_16h32.26.496,soloProject,,2025.1.1,59.797918905611944,2025-11-24 16h32.27.759841 +0530,
Faces/CFD-IF-609-408-N.jpg,n,perfume,n,C,C,94,94,0,n,1,0.49877240002388135,None,n,1,0.5192275000154041,None,,,,,0,94,94,24,,,,,,,,,233.1412668999983,,,,,,,,,233.1365523999557,233.1412668999983,233.59489709994523,233.59489709994523,233.64552259998163,234.0958986999467,,,,,234.09744779998437,234.61162299994612,234.61162299994612,235.14524409995647,,,,,,,,,n,1,0.49877240002388135,None,n,1,0.5192275000154041,None,,,,,,,,,,,,,,,,,,,,,,,,382515,001,2025-11-24_16h32.26.496,soloProject,,2025.1.1,59.797918905611944,2025-11-24 16h32.27.759841 +0530,
Faces/CFD-IF-608-390-N.jpg,n,perfume,n,C,C,95,95,0,n,1,0.4083831000025384,None,n,1,0.3827168000279926,None,,,,,0,95,95,18,,,,,,,,,235.19176309998147,,,,,,,,,235.18714029999683,235.19176309998147,235.64552459999686,235.64552459999686,235.69575819995953,236.06241209997097,,,,,236.06245689996285,236.57784569996875,236.57784569996875,236.96205809997628,,,,,,,,,n,1,0.4083831000025384,None,n,1,0.3827168000279926,None,,,,,,,,,,,,,,,,,,,,,,,,382515,001,2025-11-24_16h32.26.496,soloProject,,2025.1.1,59.797918905611944,2025-11-24 16h32.27.759841 +0530,
Faces/CFD-IM-736-361-N.jpg,m,briefcase,m,C,C,96,96,0,m,1,0.5497668000170961,None,m,1,0.7176689999760129,None,,,,,0,96,96,75,,,,,,,,,237.01031479996163,,,,,,,,,237.0054515999509,237.01031479996163,237.47848059999524,237.47848059999524,237.51211369998055,238.0290145999752,,,,,238.0303138999734,238.54458509996766,238.54458509996766,239.26244439999573,,,,,,,,,m,1,0.5497668000170961,None,m,1,0.7176689999760129,None,,,,,,,,,,,,,,,,,,,,,,,,382515,001,2025-11-24_16h32.26.496,soloProject,,2025.1.1,59.797918905611944,2025-11-24 16h32.27.759841 +0530,
Faces/CFD-IM-739-012-N.jpg,m,flower,n,I,C,97,97,0,m,1,0.5270054000429809,None,n,1,0.5574122999678366,None,,,,,0,97,97,116,,,,,,,,,239.3108448999701,,,,,,,,,239.30643089994555,239.3108448999701,239.77943209995283,239.77943209995283,239.81209989998024,240.31233739998424,,,,,240.31399629998486,240.8115064999438,240.8115064999438,241.37814989994513,,,,,,,,,m,1,0.5270054000429809,None,n,1,0.5574122999678366,None,,,,,,,,,,,,,,,,,,,,,,,,382515,001,2025-11-24_16h32.26.496,soloProject,,2025.1.1,59.797918905611944,2025-11-24 16h32.27.759841 +0530,
Faces/CFD-IM-739-012-N.jpg,m,lipstick,n,I,C,98,98,0,m,1,0.4103789000073448,None,n,1,0.4492030999972485,None,,,,,0,98,98,118,,,,,,,,,241.42691619996913,,,,,,,,,241.42207079997752,241.42691619996913,241.878273899958,241.878273899958,241.92820609995397,242.29537499998696,,,,,242.29673199995887,242.79430489998776,242.79430489998776,243.24509669997497,,,,,,,,,m,1,0.4103789000073448,None,n,1,0.4492030999972485,None,,,,,,,,,,,,,,,,,,,,,,,,382515,001,2025-11-24_16h32.26.496,soloProject,,2025.1.1,59.797918905611944,2025-11-24 16h32.27.759841 +0530,
Faces/CFD-IF-601-519-N.jpg,n,lipstick,n,C,C,99,99,0,m,0,0.47627780004404485,None,n,1,0.4458544999943115,None,,,,,0,99,99,4,,,,,,,,,243.2932807999896,,,,,,,,,243.28873069997644,243.2932807999896,243.7449793999549,243.7449793999549,243.795081499964,244.2288265999523,,,,,244.22887039999478,244.7278477999498,244.7278477999498,245.17852489999495,,,,,,,,,m,0,0.47627780004404485,None,n,1,0.4458544999943115,None,,,,,,,,,,,,,,,,,,,,,,,,382515,001,2025-11-24_16h32.26.496,soloProject,,2025.1.1,59.797918905611944,2025-11-24 16h32.27.759841 +0530,
Faces/CFD-IM-728-041-N.jpg,m,hammer,m,C,C,100,100,0,m,1,0.4826240999973379,None,m,1,1.3326129000051878,None,,,,,0,100,100,61,,,,,,,,,245.22603609994985,,,,,,,,,245.22127919999184,245.22603609994985,245.6783239999786,245.6783239999786,245.7285569999949,246.16229449998355,,,,,246.16374029999133,246.67774619994452,246.67774619994452,248.01148499996634,,,,,,,,,m,1,0.4826240999973379,None,m,1,1.3326129000051878,None,,,,,,,,,,,,,,,,,,,,,,,,382515,001,2025-11-24_16h32.26.496,soloProject,,2025.1.1,59.797918905611944,2025-11-24 16h32.27.759841 +0530,
Faces/CFD-IM-731-223-N.jpg,m,flower,n,I,C,101,101,0,m,1,0.4557408000109717,None,n,1,1.1671955999918282,None,,,,,0,101,101,98,,,,,,,,,248.06039839994628,,,,,,,,,248.0556087999721,248.06039839994628,248.511925699946,248.511925699946,248.56140449998202,248.97861189994728,,,,,248.98012969997944,249.47801789996447,249.47801789996447,250.6454196999548,,,,,,,,,m,1,0.4557408000109717,None,n,1,1.1671955999918282,None,,,,,,,,,,,,,,,,,,,,,,,,382515,001,2025-11-24_16h32.26.496,soloProject,,2025.1.1,59.797918905611944,2025-11-24 16h32.27.759841 +0530,
Faces/CFD-IM-728-041-N.jpg,m,perfume,n,I,C,102,102,0,n,0,0.49614040000597015,None,n,1,1.211265399993863,None,,,,,0,102,102,90,,,,,,,,,250.6967589999549,,,,,,,,,250.69184749998385,250.6967589999549,251.16206789994612,251.16206789994612,251.2120983999921,251.6617781999521,,,,,251.66311209998094,252.16098489996511,252.16098489996511,253.37826609995682,,,,,,,,,n,0,0.49614040000597015,None,n,1,1.211265399993863,None,,,,,,,,,,,,,,,,,,,,,,,,382515,001,2025-11-24_16h32.26.496,soloProject,,2025.1.1,59.797918905611944,2025-11-24 16h32.27.759841 +0530,
Faces/CFD-IM-738-191-N.jpg,m,cigar,m,C,C,103,103,0,m,1,0.44095279998146,None,m,1,0.5427169000031427,None,,,,,0,103,103,82,,,,,,,,,253.4270010999753,,,,,,,,,253.42230359994574,253.4270010999753,253.87824149994412,253.87824149994412,253.92797929997323,254.328816299967,,,,,254.33000119996723,254.8443452999927,254.8443452999927,255.3945725999656,,,,,,,,,m,1,0.44095279998146,None,m,1,0.5427169000031427,None,,,,,,,,,,,,,,,,,,,,,,,,382515,001,2025-11-24_16h32.26.496,soloProject,,2025.1.1,59.797918905611944,2025-11-24 16h32.27.759841 +0530,
Faces/CFD-IM-731-223-N.jpg,m,football,m,C,C,104,104,0,m,1,0.34376720001455396,None,m,1,0.456860099977348,None,,,,,0,104,104,71,,,,,,,,,255.44230589998187,,,,,,,,,255.4373203999712,255.44230589998187,255.89509849995375,255.89509849995375,255.94514259998687,256.24510139995255,,,,,256.24640019994695,256.7441894999938,256.7441894999938,257.21155109995743,,,,,,,,,m,1,0.34376720001455396,None,m,1,0.456860099977348,None,,,,,,,,,,,,,,,,,,,,,,,,382515,001,2025-11-24_16h32.26.496,soloProject,,2025.1.1,59.797918905611944,2025-11-24 16h32.27.759841 +0530,
Faces/CFD-IM-728-041-N.jpg,m,lipstick,n,I,C,105,105,0,m,1,0.3013045000261627,None,n,1,0.5633816000190563,None,,,,,0,105,105,94,,,,,,,,,257.2597399999504,,,,,,,,,257.2555186999962,257.2597399999504,257.7117861000006,257.7117861000006,257.7617663999554,258.02833399997326,,,,,258.0297811999917,258.52776739996625,258.52776739996625,259.09470789995976,,,,,,,,,m,1,0.3013045000261627,None,n,1,0.5633816000190563,None,,,,,,,,,,,,,,,,,,,,,,,,382515,001,2025-11-24_16h32.26.496,soloProject,,2025.1.1,59.797918905611944,2025-11-24 16h32.27.759841 +0530,
Faces/CFD-IF-608-390-N.jpg,n,cigar,m,I,C,106,106,0,n,1,0.36765990004641935,None,m,1,0.5867202000226825,None,,,,,0,106,106,52,,,,,,,,,259.1434600999928,,,,,,,,,259.13917339994805,259.1434600999928,259.594712399994,259.594712399994,259.6450991999591,259.9785942999879,,,,,259.97995579999406,260.4939724999713,260.4939724999713,261.09485569997923,,,,,,,,,n,1,0.36765990004641935,None,m,1,0.5867202000226825,None,,,,,,,,,,,,,,,,,,,,,,,,382515,001,2025-11-24_16h32.26.496,soloProject,,2025.1.1,59.797918905611944,2025-11-24 16h32.27.759841 +0530,
Faces/CFD-IF-609-408-N.jpg,n,football,m,I,C,107,107,0,n,1,0.5808541000005789,None,m,1,0.49960290000308305,None,,,,,0,107,107,59,,,,,,,,,261.14337439998053,,,,,,,,,261.13886679999996,261.14337439998053,261.59465199999977,261.59465199999977,261.6445875999634,262.17816729994956,,,,,262.1795278999489,262.6778556999634,262.6778556999634,263.17807859997265,,,,,,,,,n,1,0.5808541000005789,None,m,1,0.49960290000308305,None,,,,,,,,,,,,,,,,,,,,,,,,382515,001,2025-11-24_16h32.26.496,soloProject,,2025.1.1,59.797918905611944,2025-11-24 16h32.27.759841 +0530,
Faces/CFD-IF-609-408-N.jpg,n,beer,m,I,C,108,108,0,n,1,0.6242161999689415,None,m,1,0.6794407000415958,None,,,,,0,108,108,54,,,,,,,,,263.2260356999468,,,,,,,,,263.22173249995103,263.2260356999468,263.6778941999655,263.6778941999655,263.7283064999501,264.31200589996297,,,,,264.3135102999513,264.8110904999776,264.8110904999776,265.4942257999792,,,,,,,,,n,1,0.6242161999689415,None,m,1,0.6794407000415958,None,,,,,,,,,,,,,,,,,,,,,,,,382515,001,2025-11-24_16h32.26.496,soloProject,,2025.1.1,59.797918905611944,2025-11-24 16h32.27.759841 +0530,
Faces/CFD-IF-602-134-N.jpg,n,dress,n,C,C,109,109,0,n,1,0.4677048000157811,None,n,1,0.5134625000064261,None,,,,,0,109,109,9,,,,,,,,,265.5447021999862,,,,,,,,,265.54036399995675,265.5447021999862,265.99463829997694,265.99463829997694,266.0449093999923,266.47784739994677,,,,,266.479105299979,266.97774839994963,266.97774839994963,267.4945504999487,,,,,,,,,n,1,0.4677048000157811,None,n,1,0.5134625000064261,None,,,,,,,,,,,,,,,,,,,,,,,,382515,001,2025-11-24_16h32.26.496,soloProject,,2025.1.1,59.797918905611944,2025-11-24 16h32.27.759841 +0530,
Faces/CFD-IF-601-519-N.jpg,n,bowtie,m,I,C,110,110,0,n,1,0.3984494999749586,None,m,1,0.8493676999933086,None,,,,,0,110,110,32,,,,,,,,,267.5385969999479,,,,,,,,,267.5340421999572,267.5385969999479,267.99460719997296,267.99460719997296,268.0472418999998,268.39507619995857,,,,,268.3963363999501,268.8940230999724,268.8940230999724,269.744959499978,,,,,,,,,n,1,0.3984494999749586,None,m,1,0.8493676999933086,None,,,,,,,,,,,,,,,,,,,,,,,,382515,001,2025-11-24_16h32.26.496,soloProject,,2025.1.1,59.797918905611944,2025-11-24 16h32.27.759841 +0530,
Faces/CFD-IF-601-519-N.jpg,n,jewelry,n,C,C,111,111,0,n,1,0.7422571000060998,None,n,1,0.468014599988237,None,,,,,0,111,111,5,,,,,,,,,269.7943176999688,,,,,,,,,269.78926079999655,269.7943176999688,270.261606999964,270.261606999964,270.29469719994813,271.0118912999751,,,,,271.0135315999505,271.5274205999449,271.5274205999449,272.01133779995143,,,,,,,,,n,1,0.7422571000060998,None,n,1,0.468014599988237,None,,,,,,,,,,,,,,,,,,,,,,,,382515,001,2025-11-24_16h32.26.496,soloProject,,2025.1.1,59.797918905611944,2025-11-24 16h32.27.759841 +0530,
Faces/CFD-IF-605-066-N.jpg,n,beer,m,I,C,112,112,0,n,1,0.4822771999752149,None,m,1,0.5004656999954022,None,,,,,0,112,112,42,,,,,,,,,272.0609093999956,,,,,,,,,272.0563169999514,272.0609093999956,272.5115313999704,272.5115313999704,272.561699999962,272.995238399948,,,,,272.9964059999911,273.51077479997184,273.51077479997184,274.01169529999606,,,,,,,,,n,1,0.4822771999752149,None,m,1,0.5004656999954022,None,,,,,,,,,,,,,,,,,,,,,,,,382515,001,2025-11-24_16h32.26.496,soloProject,,2025.1.1,59.797918905611944,2025-11-24 16h32.27.759841 +0530,
Faces/CFD-IF-602-134-N.jpg,n,hammer,m,I,C,113,113,0,n,1,0.608603700005915,None,m,1,0.5627645999775268,None,,,,,0,113,113,37,,,,,,,,,274.0604365999461,,,,,,,,,274.0558548999834,274.0604365999461,274.5111552999588,274.5111552999588,274.5612243999494,275.1282868999988,,,,,275.12962249998236,275.64431529998546,275.64431529998546,276.21075879997807,,,,,,,,,n,1,0.608603700005915,None,m,1,0.5627645999775268,None,,,,,,,,,,,,,,,,,,,,,,,,382515,001,2025-11-24_16h32.26.496,soloProject,,2025.1.1,59.797918905611944,2025-11-24 16h32.27.759841 +0530,
Faces/CFD-IF-609-408-N.jpg,n,briefcase,m,I,C,114,114,0,n,1,0.5848961000447161,None,m,1,0.5839217000175267,None,,,,,0,114,114,57,,,,,,,,,276.26045289996546,,,,,,,,,276.2547462999937,276.26045289996546,276.7111128999968,276.7111128999968,276.7611559999641,277.3116202999954,,,,,277.3128955999855,277.8105912999599,277.8105912999599,278.39470209996216,,,,,,,,,n,1,0.5848961000447161,None,m,1,0.5839217000175267,None,,,,,,,,,,,,,,,,,,,,,,,,382515,001,2025-11-24_16h32.26.496,soloProject,,2025.1.1,59.797918905611944,2025-11-24 16h32.27.759841 +0530,
Faces/CFD-IF-608-390-N.jpg,n,beer,m,I,C,115,115,0,n,1,0.5323771000257693,None,m,1,0.4832745000021532,None,,,,,0,115,115,48,,,,,,,,,278.44135509995976,,,,,,,,,278.43674309999915,278.44135509995976,278.89497149997624,278.89497149997624,278.9440542999655,279.4280574999866,,,,,279.4292305999552,279.92738079995615,279.92738079995615,280.41127559996676,,,,,,,,,n,1,0.5323771000257693,None,m,1,0.4832745000021532,None,,,,,,,,,,,,,,,,,,,,,,,,382515,001,2025-11-24_16h32.26.496,soloProject,,2025.1.1,59.797918905611944,2025-11-24 16h32.27.759841 +0530,
Faces/CFD-IF-601-519-N.jpg,n,perfume,n,C,C,116,116,0,n,1,0.41618100000778213,None,n,1,0.5679883999982849,None,,,,,0,116,116,0,,,,,,,,,280.4593517999747,,,,,,,,,280.4549173999694,280.4593517999747,280.91096799995285,280.91096799995285,280.960991299944,281.3279921999783,,,,,281.3293267999543,281.8271692999988,281.8271692999988,282.4111352999462,,,,,,,,,n,1,0.41618100000778213,None,n,1,0.5679883999982849,None,,,,,,,,,,,,,,,,,,,,,,,,382515,001,2025-11-24_16h32.26.496,soloProject,,2025.1.1,59.797918905611944,2025-11-24 16h32.27.759841 +0530,
Faces/CFD-IF-609-408-N.jpg,n,jewelry,n,C,C,117,117,0,n,1,0.3812490000273101,None,m,0,0.4769125999882817,None,,,,,0,117,117,29,,,,,,,,,282.4589072999661,,,,,,,,,282.45471709995763,282.4589072999661,282.91142389999004,282.91142389999004,282.9610383999534,283.2948258999968,,,,,283.2962438999675,283.7941810999764,283.7941810999764,284.27750689996174,,,,,,,,,n,1,0.3812490000273101,None,m,0,0.4769125999882817,None,,,,,,,,,,,,,,,,,,,,,,,,382515,001,2025-11-24_16h32.26.496,soloProject,,2025.1.1,59.797918905611944,2025-11-24 16h32.27.759841 +0530,
Faces/CFD-IF-602-134-N.jpg,n,jewelry,n,C,C,118,118,0,n,1,1.8063574000261724,None,n,1,0.5823411999735981,None,,,,,0,118,118,11,,,,,,,,,284.3266028999933,,,,,,,,,284.3222603999893,284.3266028999933,284.7776124999509,284.7776124999509,284.82758049998665,286.5946942999726,,,,,286.59473769995384,287.09409089997644,287.09409089997644,287.67823199997656,,,,,,,,,n,1,1.8063574000261724,None,n,1,0.5823411999735981,None,,,,,,,,,,,,,,,,,,,,,,,,382515,001,2025-11-24_16h32.26.496,soloProject,,2025.1.1,59.797918905611944,2025-11-24 16h32.27.759841 +0530,
Faces/CFD-IM-736-361-N.jpg,m,beer,m,C,C,119,119,0,m,1,1.7341312000062317,None,m,1,0.49917899997672066,None,,,,,0,119,119,72,,,,,,,,,287.7254806999699,,,,,,,,,287.72082229994703,287.7254806999699,288.19442849996267,288.19442849996267,288.2280451999977,289.944901699957,,,,,289.94606059999205,290.4438721999759,290.4438721999759,290.9445761999814,,,,,,,,,m,1,1.7341312000062317,None,m,1,0.49917899997672066,None,,,,,,,,,,,,,,,,,,,,,,,,382515,001,2025-11-24_16h32.26.496,soloProject,,2025.1.1,59.797918905611944,2025-11-24 16h32.27.759841 +0530,
,,,,,,,,,,,,,,,,,,,,,,,,,,,,,,,,,,,,,,,,,,,,,,,,,,,,,,,,,,,,,,,,,,,,,,,,290.94472529995255,290.9609526999993,290.9609526999993,295.6783513999544,space,4.708204700029455,None,,,,,,,,,,,,,,,,,382515,001,2025-11-24_16h32.26.496,soloProject,,2025.1.1,59.797918905611944,2025-11-24 16h32.27.759841 +0530,
Faces/CFD-IM-731-223-N.jpg,n,jewelry,n,I,I,0,0,0,n,1,1.3029117999831215,None,n,1,0.5109312999993563,None,,,,,,,,,0,0,0,11,,,,,295.7329658999806,,,,,,,,,295.7285996999708,295.7329658999806,296.1940798999858,296.1940798999858,296.2441974999965,297.5108321000007,,,,,297.51237109996146,298.01004179997835,298.01004179997835,298.52793299994664,,,,,,,,,,,,,,,,,,,,,,,,n,1,1.3029117999831215,None,n,1,0.5109312999993563,None,,,,,,,,,382515,001,2025-11-24_16h32.26.496,soloProject,,2025.1.1,59.797918905611944,2025-11-24 16h32.27.759841 +0530,
Faces/CFD-IF-602-134-N.jpg,m,bowtie,m,I,I,1,1,0,m,1,0.5594356000074185,None,m,1,0.47068760002730414,None,,,,,,,,,0,1,1,5,,,,,298.5754037000006,,,,,,,,,298.57102309999755,298.5754037000006,299.04381799994735,299.04381799994735,299.07741979998536,299.610882799956,,,,,299.6120571999927,300.11043949995656,300.11043949995656,300.5941364999744,,,,,,,,,,,,,,,,,,,,,,,,m,1,0.5594356000074185,None,m,1,0.47068760002730414,None,,,,,,,,,382515,001,2025-11-24_16h32.26.496,soloProject,,2025.1.1,59.797918905611944,2025-11-24 16h32.27.759841 +0530,
Faces/CFD-IM-731-223-N.jpg,n,dress,n,I,I,2,2,0,n,1,0.6308502000174485,None,n,1,0.5565224000019953,None,,,,,,,,,0,2,2,9,,,,,300.6417858999921,,,,,,,,,300.63656879996415,300.6417858999921,301.09437929996056,301.09437929996056,301.1442377999774,301.72722699999576,,,,,301.72834679996595,302.2277517999755,302.2277517999755,302.794779799995,,,,,,,,,,,,,,,,,,,,,,,,n,1,0.6308502000174485,None,n,1,0.5565224000019953,None,,,,,,,,,382515,001,2025-11-24_16h32.26.496,soloProject,,2025.1.1,59.797918905611944,2025-11-24 16h32.27.759841 +0530,
Faces/CFD-IF-602-134-N.jpg,m,hammer,m,I,I,3,3,0,m,1,0.5812919999589212,None,m,1,0.5595422000042163,None,,,,,,,,,0,3,3,4,,,,,302.84763959998963,,,,,,,,,302.84291749994736,302.84763959998963,303.3107561999932,303.3107561999932,303.3603968999814,303.8943761999835,,,,,303.89599549997365,304.4107535999501,304.4107535999501,304.9770424999879,,,,,,,,,,,,,,,,,,,,,,,,m,1,0.5812919999589212,None,m,1,0.5595422000042163,None,,,,,,,,,382515,001,2025-11-24_16h32.26.496,soloProject,,2025.1.1,59.797918905611944,2025-11-24 16h32.27.759841 +0530,
Faces/CFD-IM-731-223-N.jpg,n,lipstick,n,I,I,4,4,0,n,1,3.8008252999861725,None,n,1,0.5745310999918729,None,,,,,,,,,0,4,4,10,,,,,305.0265520999674,,,,,,,,,305.02224049996585,305.0265520999674,305.47718869999517,305.47718869999517,305.52763109997613,309.29459939996013,,,,,309.2959034999949,309.80985329998657,309.80985329998657,310.39481389999855,,,,,,,,,,,,,,,,,,,,,,,,n,1,3.8008252999861725,None,n,1,0.5745310999918729,None,,,,,,,,,382515,001,2025-11-24_16h32.26.496,soloProject,,2025.1.1,59.797918905611944,2025-11-24 16h32.27.759841 +0530,
Faces/CFD-IM-728-041-N.jpg,n,cigar,m,C,I,5,5,0,n,1,0.7515318999649025,None,m,1,0.9324205000302754,None,,,,,,,,,0,5,5,7,,,,,310.4520134999766,,,,,,,,,310.447049499955,310.4520134999766,310.91015659994446,310.91015659994446,310.9612129999441,311.6774942999473,,,,,311.6795347999432,312.1765416999697,312.1765416999697,313.1104023999651,,,,,,,,,,,,,,,,,,,,,,,,n,1,0.7515318999649025,None,m,1,0.9324205000302754,None,,,,,,,,,382515,001,2025-11-24_16h32.26.496,soloProject,,2025.1.1,59.797918905611944,2025-11-24 16h32.27.759841 +0530,
Faces/CFD-IM-728-041-N.jpg,n,football,m,C,I,6,6,0,n,1,0.878574899979867,None,m,1,0.5086653999751434,None,,,,,,,,,0,6,6,8,,,,,313.1611038999981,,,,,,,,,313.15681619994575,313.1611038999981,313.61063329997705,313.61063329997705,313.66062099998817,314.49441629997455,,,,,314.4975008999463,314.9931355000008,314.9931355000008,315.51019009994343,,,,,,,,,,,,,,,,,,,,,,,,n,1,0.878574899979867,None,m,1,0.5086653999751434,None,,,,,,,,,382515,001,2025-11-24_16h32.26.496,soloProject,,2025.1.1,59.797918905611944,2025-11-24 16h32.27.759841 +0530,
Faces/CFD-IF-601-519-N.jpg,m,flower,n,C,I,7,7,0,m,1,1.0687741999863647,None,n,1,0.4743218999938108,None,,,,,,,,,0,7,7,2,,,,,315.56306159996893,,,,,,,,,315.5586663999711,315.56306159996893,316.01045959995827,316.01045959995827,316.0775456999545,317.09426079998957,,,,,317.0957755999989,317.60991139995167,317.60991139995167,318.0935744999442,,,,,,,,,,,,,,,,,,,,,,,,m,1,1.0687741999863647,None,n,1,0.4743218999938108,None,,,,,,,,,382515,001,2025-11-24_16h32.26.496,soloProject,,2025.1.1,59.797918905611944,2025-11-24 16h32.27.759841 +0530,
Faces/CFD-IF-602-134-N.jpg,m,beer,m,I,I,8,8,0,m,1,0.7585908999899402,None,m,1,0.5044319999869913,None,,,,,,,,,0,8,8,3,,,,,318.147749799944,,,,,,,,,318.14335699996445,318.147749799944,318.5936195999966,318.5936195999966,318.66091389994835,319.36071529996116,,,,,319.3632136999513,319.85977049998473,319.85977049998473,320.3773395999451,,,,,,,,,,,,,,,,,,,,,,,,m,1,0.7585908999899402,None,m,1,0.5044319999869913,None,,,,,,,,,382515,001,2025-11-24_16h32.26.496,soloProject,,2025.1.1,59.797918905611944,2025-11-24 16h32.27.759841 +0530,
Faces/CFD-IM-728-041-N.jpg,n,briefcase,m,C,I,9,9,0,n,1,0.6614036000100896,None,n,0,0.6724306999822147,None,,,,,,,,,0,9,9,6,,,,,320.4308920999756,,,,,,,,,320.42619969998486,320.4308920999756,320.87709059996996,320.87709059996996,320.943789699988,321.54412749997573,,,,,321.54546739999205,322.0599509999738,322.0599509999738,322.7436578999623,,,,,,,,,,,,,,,,,,,,,,,,n,1,0.6614036000100896,None,n,0,0.6724306999822147,None,,,,,,,,,382515,001,2025-11-24_16h32.26.496,soloProject,,2025.1.1,59.797918905611944,2025-11-24 16h32.27.759841 +0530,
Faces/CFD-IF-601-519-N.jpg,m,perfume,n,C,I,10,10,0,m,1,3.670674599998165,None,n,1,0.638258799968753,None,,,,,,,,,0,10,10,0,,,,,322.79559359996347,,,,,,,,,322.7908750999486,322.79559359996347,323.2438075999962,323.2438075999962,323.3103178999736,326.9273099999991,,,,,326.92994629999157,327.4261931999936,327.4261931999936,328.0773200999829,,,,,,,,,,,,,,,,,,,,,,,,m,1,3.670674599998165,None,n,1,0.638258799968753,None,,,,,,,,,382515,001,2025-11-24_16h32.26.496,soloProject,,2025.1.1,59.797918905611944,2025-11-24 16h32.27.759841 +0530,
Faces/CFD-IF-601-519-N.jpg,m,doll,n,C,I,11,11,0,m,1,0.4586505999905057,None,n,1,0.6500544999726117,None,,,,,,,,,0,11,11,1,,,,,328.1346483999514,,,,,,,,,328.1295698999893,328.1346483999514,328.59340159996646,328.59340159996646,328.6441995999776,329.0612965999753,,,,,329.0629672999494,329.57622869999614,329.57622869999614,330.2270628999686,,,,,,,,,,,,,,,,,,,,,,,,m,1,0.4586505999905057,None,n,1,0.6500544999726117,None,,,,,,,,,382515,001,2025-11-24_16h32.26.496,soloProject,,2025.1.1,59.797918905611944,2025-11-24 16h32.27.759841 +0530,
,,,,,,,,,,,,,,,,,,,,,,,,,,,,,,,,,,,,,,,,,,,,,,,,,,,,,,,,,,,,330.2271385999629,330.24344839999685,331.7923635999905,331.72706439998,,,,,,,,,,,,,,,,,,,,,,,,,,,,,,,,382515,001,2025-11-24_16h32.26.496,soloProject,,2025.1.1,59.797918905611944,2025-11-24 16h32.27.759841 +0530,
Faces/CFD-IF-605-066-N.jpg,m,bowtie,m,I,I,0,0,0,m,1,0.6346290999790654,None,m,1,0.6545970000443049,None,,,,,,,,,,,,,0,0,0,44,331.7923635999905,,,,,,,,,331.7879788999562,331.7923635999905,332.227399699972,332.227399699972,332.2941854999517,332.8622304999735,,,,,332.8637013999978,333.3760779000004,333.3760779000004,334.0446941999835,,,,,,,,,,,,,,,,,,,,,,,,,,,,,,,,m,1,0.6346290999790654,None,m,1,0.6545970000443049,None,382515,001,2025-11-24_16h32.26.496,soloProject,,2025.1.1,59.797918905611944,2025-11-24 16h32.27.759841 +0530,
Faces/CFD-IM-738-191-N.jpg,n,lipstick,n,I,I,1,1,0,n,1,0.6598566999891773,None,n,1,0.5299655999988317,None,,,,,,,,,,,,,0,1,1,112,334.09853599994676,,,,,,,,,334.0934443999431,334.09853599994676,334.5602114999783,334.5602114999783,334.61001649999525,335.2274040999473,,,,,335.2288376999786,335.74287919997005,335.74287919997005,336.27669709996553,,,,,,,,,,,,,,,,,,,,,,,,,,,,,,,,n,1,0.6598566999891773,None,n,1,0.5299655999988317,None,382515,001,2025-11-24_16h32.26.496,soloProject,,2025.1.1,59.797918905611944,2025-11-24 16h32.27.759841 +0530,
Faces/CFD-IF-608-390-N.jpg,m,jewelry,n,C,I,2,2,0,m,1,0.7309825000120327,None,n,1,0.6456509999698028,None,,,,,,,,,,,,,0,2,2,23,336.33432499994524,,,,,,,,,336.329901399964,336.33432499994524,336.7766797999502,336.7766797999502,336.8433336999733,337.5107715999475,,,,,337.512205099978,338.0262182999868,338.0262182999868,338.676546499948,,,,,,,,,,,,,,,,,,,,,,,,,,,,,,,,m,1,0.7309825000120327,None,n,1,0.6456509999698028,None,382515,001,2025-11-24_16h32.26.496,soloProject,,2025.1.1,59.797918905611944,2025-11-24 16h32.27.759841 +0530,
Faces/CFD-IF-605-066-N.jpg,m,doll,n,C,I,3,3,0,m,1,0.5169732999638654,None,n,1,0.5763432000530884,None,,,,,,,,,,,,,0,3,3,13,338.73166829999536,,,,,,,,,338.72742339997785,338.73166829999536,339.177369299985,339.177369299985,339.243313999963,339.7111945999786,,,,,339.7127725999453,340.2267479999573,340.2267479999573,340.80974929995136,,,,,,,,,,,,,,,,,,,,,,,,,,,,,,,,m,1,0.5169732999638654,None,n,1,0.5763432000530884,None,382515,001,2025-11-24_16h32.26.496,soloProject,,2025.1.1,59.797918905611944,2025-11-24 16h32.27.759841 +0530,
Faces/CFD-IF-602-134-N.jpg,m,lipstick,n,C,I,4,4,0,m,1,0.4256487000384368,None,n,1,0.5102348999935202,None,,,,,,,,,,,,,0,4,4,10,340.8660198999569,,,,,,,,,340.8611906999722,340.8660198999569,341.3102321999613,341.3102321999613,341.37698719999753,341.7436978999758,,,,,341.74522379995324,342.2428326999652,342.2428326999652,342.7602688999614,,,,,,,,,,,,,,,,,,,,,,,,,,,,,,,,m,1,0.4256487000384368,None,n,1,0.5102348999935202,None,382515,001,2025-11-24_16h32.26.496,soloProject,,2025.1.1,59.797918905611944,2025-11-24 16h32.27.759841 +0530,
Faces/CFD-IF-601-519-N.jpg,m,football,m,I,I,5,5,0,m,1,0.48624180001206696,None,m,1,0.6029665999813005,None,,,,,,,,,,,,,0,5,5,35,342.81534299999475,,,,,,,,,342.8110955999582,342.81534299999475,343.26018749998184,343.26018749998184,343.32681669999147,343.7604641999933,,,,,343.7620200999663,344.27671359997476,344.27671359997476,344.89346489997115,,,,,,,,,,,,,,,,,,,,,,,,,,,,,,,,m,1,0.48624180001206696,None,m,1,0.6029665999813005,None,382515,001,2025-11-24_16h32.26.496,soloProject,,2025.1.1,59.797918905611944,2025-11-24 16h32.27.759841 +0530,
Faces/CFD-IM-728-041-N.jpg,n,dress,n,I,I,6,6,0,n,1,0.5662449999945238,None,n,1,0.5404305999982171,None,,,,,,,,,,,,,0,6,6,93,344.94660879997537,,,,,,,,,344.94054459995823,344.94660879997537,345.39339819998713,345.39339819998713,345.4600536999642,345.96180799999274,,,,,345.96301359997597,346.4761593999574,346.4761593999574,347.0261499999906,,,,,,,,,,,,,,,,,,,,,,,,,,,,,,,,n,1,0.5662449999945238,None,n,1,0.5404305999982171,None,382515,001,2025-11-24_16h32.26.496,soloProject,,2025.1.1,59.797918905611944,2025-11-24 16h32.27.759841 +0530,
Faces/CFD-IM-736-361-N.jpg,n,perfume,n,I,I,7,7,0,n,1,0.9764001000439748,None,n,1,0.43547960004070774,None,,,,,,,,,,,,,0,7,7,102,347.0748385999468,,,,,,,,,347.0703615999664,347.0748385999468,347.52721989998827,347.52721989998827,347.57658489997266,348.51043839997146,,,,,348.51174529996933,349.0099301999435,349.0099301999435,349.4598396999645,,,,,,,,,,,,,,,,,,,,,,,,,,,,,,,,n,1,0.9764001000439748,None,n,1,0.43547960004070774,None,382515,001,2025-11-24_16h32.26.496,soloProject,,2025.1.1,59.797918905611944,2025-11-24 16h32.27.759841 +0530,
Faces/CFD-IM-728-041-N.jpg,n,football,m,C,I,8,8,0,n,1,0.4344247999833897,None,n,0,0.42595150001579896,None,,,,,,,,,,,,,0,8,8,65,349.51046349998796,,,,,,,,,349.5053971999441,349.51046349998796,349.9599596999469,349.9599596999469,350.00988969998434,350.41042159998324,,,,,350.41221319994656,350.9094578999793,350.9094578999793,351.34290899999905,,,,,,,,,,,,,,,,,,,,,,,,,,,,,,,,n,1,0.4344247999833897,None,n,0,0.42595150001579896,None,382515,001,2025-11-24_16h32.26.496,soloProject,,2025.1.1,59.797918905611944,2025-11-24 16h32.27.759841 +0530,
Faces/CFD-IM-731-223-N.jpg,n,hammer,m,C,I,9,9,0,n,1,0.7872761000180617,None,m,1,0.9331623999751173,None,,,,,,,,,,,,,0,9,9,67,351.3936293000006,,,,,,,,,351.389129499963,351.3936293000006,351.84345129999565,351.84345129999565,351.8931071999832,352.6438214999507,,,,,352.6456574999611,353.159413699992,353.159413699992,354.0940549999941,,,,,,,,,,,,,,,,,,,,,,,,,,,,,,,,n,1,0.7872761000180617,None,m,1,0.9331623999751173,None,382515,001,2025-11-24_16h32.26.496,soloProject,,2025.1.1,59.797918905611944,2025-11-24 16h32.27.759841 +0530,
Faces/CFD-IM-728-041-N.jpg,n,jewelry,n,I,I,10,10,0,m,0,0.5004581999965012,None,n,1,1.0813150000176392,None,,,,,,,,,,,,,0,10,10,95,354.14958459994523,,,,,,,,,354.14492749999044,354.14958459994523,354.60962889995426,354.60962889995426,354.6603499999619,355.11048559995834,,,,,355.11225139995804,355.62606270000106,355.62606270000106,356.7100691999658,,,,,,,,,,,,,,,,,,,,,,,,,,,,,,,,m,0,0.5004581999965012,None,n,1,1.0813150000176392,None,382515,001,2025-11-24_16h32.26.496,soloProject,,2025.1.1,59.797918905611944,2025-11-24 16h32.27.759841 +0530,
Faces/CFD-IM-736-361-N.jpg,n,dress,n,I,I,11,11,0,n,1,0.6969810999580659,None,n,1,0.6214319000137039,None,,,,,,,,,,,,,0,11,11,105,356.7621732999687,,,,,,,,,356.7576729999855,356.7621732999687,357.2096513999859,357.2096513999859,357.2775056999526,357.909942499944,,,,,357.91124299995136,358.4090641999501,358.4090641999501,359.0431198999868,,,,,,,,,,,,,,,,,,,,,,,,,,,,,,,,n,1,0.6969810999580659,None,n,1,0.6214319000137039,None,382515,001,2025-11-24_16h32.26.496,soloProject,,2025.1.1,59.797918905611944,2025-11-24 16h32.27.759841 +0530,
Faces/CFD-IM-738-191-N.jpg,n,cigar,m,C,I,12,12,0,n,1,0.7315350999706425,None,m,1,0.4822313000331633,None,,,,,,,,,,,,,0,12,12,82,359.0971309999586,,,,,,,,,359.09251129999757,359.0971309999586,359.54349689994706,359.54349689994706,359.61010809999425,360.2771361999912,,,,,360.2797912999522,360.7759908000007,360.7759908000007,361.2597050999757,,,,,,,,,,,,,,,,,,,,,,,,,,,,,,,,n,1,0.7315350999706425,None,m,1,0.4822313000331633,None,382515,001,2025-11-24_16h32.26.496,soloProject,,2025.1.1,59.797918905611944,2025-11-24 16h32.27.759841 +0530,
Faces/CFD-IF-605-066-N.jpg,m,cigar,m,I,I,13,13,0,m,1,0.6824058999773115,None,m,1,0.4948232000460848,None,,,,,,,,,,,,,0,13,13,46,361.31245429994306,,,,,,,,,361.3078539999551,361.31245429994306,361.7595612999867,361.7595612999867,361.82643570000073,362.4432527999743,,,,,362.4432982999715,362.94238359999144,362.94238359999144,363.4432367999689,,,,,,,,,,,,,,,,,,,,,,,,,,,,,,,,m,1,0.6824058999773115,None,m,1,0.4948232000460848,None,382515,001,2025-11-24_16h32.26.496,soloProject,,2025.1.1,59.797918905611944,2025-11-24 16h32.27.759841 +0530,
Faces/CFD-IF-609-408-N.jpg,m,lipstick,n,C,I,14,14,0,m,1,1.0184250000165775,None,n,1,0.4691181000089273,None,,,,,,,,,,,,,0,14,14,28,363.4953143999446,,,,,,,,,363.4899610999855,363.4953143999446,363.9431922999793,363.9431922999793,364.0103815999464,364.9773215999594,,,,,364.9785973999533,365.47553649998736,365.47553649998736,365.9595900999848,,,,,,,,,,,,,,,,,,,,,,,,,,,,,,,,m,1,1.0184250000165775,None,n,1,0.4691181000089273,None,382515,001,2025-11-24_16h32.26.496,soloProject,,2025.1.1,59.797918905611944,2025-11-24 16h32.27.759841 +0530,
Faces/CFD-IF-609-408-N.jpg,m,beer,m,I,I,15,15,0,m,1,0.5635969000286423,None,m,1,1.0993675999925472,None,,,,,,,,,,,,,0,15,15,54,366.01328859996283,,,,,,,,,366.00885759998346,366.01328859996283,366.46018009999534,366.46018009999534,366.5263783999835,367.0265382999787,,,,,367.02776430000085,367.5258736999822,367.5258736999822,368.62669089995325,,,,,,,,,,,,,,,,,,,,,,,,,,,,,,,,m,1,0.5635969000286423,None,m,1,1.0993675999925472,None,382515,001,2025-11-24_16h32.26.496,soloProject,,2025.1.1,59.797918905611944,2025-11-24 16h32.27.759841 +0530,
Faces/CFD-IM-731-223-N.jpg,n,football,m,C,I,16,16,0,n,1,0.6546601000009105,None,m,1,2.6094638999784365,None,,,,,,,,,,,,,0,16,16,71,368.67996909999056,,,,,,,,,368.67473329999484,368.67996909999056,369.1261794999591,369.1261794999591,369.19332839996787,369.79419259994756,,,,,369.7959913999657,370.30930689995876,370.30930689995876,372.92673059995286,,,,,,,,,,,,,,,,,,,,,,,,,,,,,,,,n,1,0.6546601000009105,None,m,1,2.6094638999784365,None,382515,001,2025-11-24_16h32.26.496,soloProject,,2025.1.1,59.797918905611944,2025-11-24 16h32.27.759841 +0530,
Faces/CFD-IF-602-134-N.jpg,m,doll,n,C,I,17,17,0,m,1,1.9197170999832451,None,n,1,0.5097569999634288,None,,,,,,,,,,,,,0,17,17,7,372.9845811999985,,,,,,,,,372.9791760999942,372.9845811999985,373.4428465999663,373.4428465999663,373.49281549995067,375.376926500001,,,,,375.3788578999811,375.87656589999096,375.87656589999096,376.392705599952,,,,,,,,,,,,,,,,,,,,,,,,,,,,,,,,m,1,1.9197170999832451,None,n,1,0.5097569999634288,None,382515,001,2025-11-24_16h32.26.496,soloProject,,2025.1.1,59.797918905611944,2025-11-24 16h32.27.759841 +0530,
Faces/CFD-IF-609-408-N.jpg,m,football,m,I,I,18,18,0,m,1,0.5262008000281639,None,m,1,0.6652638999512419,None,,,,,,,,,,,,,0,18,18,59,376.44514679996064,,,,,,,,,376.43996920000063,376.44514679996064,376.8928923999774,376.8928923999774,376.96001009998145,377.42636689997744,,,,,377.42770109995035,377.9427885999903,377.9427885999903,378.60953839996364,,,,,,,,,,,,,,,,,,,,,,,,,,,,,,,,m,1,0.5262008000281639,None,m,1,0.6652638999512419,None,382515,001,2025-11-24_16h32.26.496,soloProject,,2025.1.1,59.797918905611944,2025-11-24 16h32.27.759841 +0530,
Faces/CFD-IF-609-408-N.jpg,m,jewelry,n,C,I,19,19,0,m,1,0.45614250004291534,None,n,1,0.8185465999995358,None,,,,,,,,,,,,,0,19,19,29,378.6674307999783,,,,,,,,,378.6620717999758,378.6674307999783,379.10932289995253,379.10932289995253,379.1765891999821,379.57689379999647,,,,,379.57863759994507,380.0921243999619,380.0921243999619,380.9264179999591,,,,,,,,,,,,,,,,,,,,,,,,,,,,,,,,m,1,0.45614250004291534,None,n,1,0.8185465999995358,None,382515,001,2025-11-24_16h32.26.496,soloProject,,2025.1.1,59.797918905611944,2025-11-24 16h32.27.759841 +0530,
Faces/CFD-IF-609-408-N.jpg,m,perfume,n,C,I,20,20,0,m,1,0.4132491999771446,None,n,1,0.620134600030724,None,,,,,,,,,,,,,0,20,20,24,380.9766535999952,,,,,,,,,380.97246959997574,380.9766535999952,381.426196699962,381.426196699962,381.47601569996914,381.843199899944,,,,,381.84479999996256,382.3421297999448,382.3421297999448,382.9761963999481,,,,,,,,,,,,,,,,,,,,,,,,,,,,,,,,m,1,0.4132491999771446,None,n,1,0.620134600030724,None,382515,001,2025-11-24_16h32.26.496,soloProject,,2025.1.1,59.797918905611944,2025-11-24 16h32.27.759841 +0530,
Faces/CFD-IM-739-012-N.jpg,n,lipstick,n,I,I,21,21,0,n,1,0.5998586000059731,None,n,1,0.5772833999944851,None,,,,,,,,,,,,,0,21,21,118,383.02592859999277,,,,,,,,,383.0214341999963,383.02592859999277,383.47603739995975,383.47603739995975,383.5261002999614,384.0771767999977,,,,,384.0784882999724,384.5921724999789,384.5921724999789,385.1756831999519,,,,,,,,,,,,,,,,,,,,,,,,,,,,,,,,n,1,0.5998586000059731,None,n,1,0.5772833999944851,None,382515,001,2025-11-24_16h32.26.496,soloProject,,2025.1.1,59.797918905611944,2025-11-24 16h32.27.759841 +0530,
Faces/CFD-IM-731-223-N.jpg,n,briefcase,m,C,I,22,22,0,n,1,0.4604535999824293,None,m,1,0.5132563000079244,None,,,,,,,,,,,,,0,22,22,69,385.22519009996904,,,,,,,,,385.22081109997816,385.22519009996904,385.67647039995063,385.67647039995063,385.72591499995906,386.1427063999581,,,,,386.1439159999718,386.6418953999528,386.6418953999528,387.1601155999815,,,,,,,,,,,,,,,,,,,,,,,,,,,,,,,,n,1,0.4604535999824293,None,m,1,0.5132563000079244,None,382515,001,2025-11-24_16h32.26.496,soloProject,,2025.1.1,59.797918905611944,2025-11-24 16h32.27.759841 +0530,
Faces/CFD-IM-739-012-N.jpg,n,doll,n,I,I,23,23,0,n,1,0.5989981999737211,None,n,1,1.196428700000979,None,,,,,,,,,,,,,0,23,23,115,387.2114166999818,,,,,,,,,387.2061978999991,387.2114166999818,387.6596736999927,387.6596736999927,387.72623399994336,388.26067489996785,,,,,388.26195659994846,388.77571419999003,388.77571419999003,389.9758111999836,,,,,,,,,,,,,,,,,,,,,,,,,,,,,,,,n,1,0.5989981999737211,None,n,1,1.196428700000979,None,382515,001,2025-11-24_16h32.26.496,soloProject,,2025.1.1,59.797918905611944,2025-11-24 16h32.27.759841 +0530,
Faces/CFD-IF-605-066-N.jpg,m,football,m,I,I,24,24,0,m,1,0.4685077999602072,None,m,1,0.4735683999606408,None,,,,,,,,,,,,,0,24,24,47,390.02596359996824,,,,,,,,,390.0208372999914,390.02596359996824,390.4764463999891,390.4764463999891,390.52600309997797,390.9595072999946,,,,,390.96085639996454,391.4593543999945,391.4593543999945,391.9433153999853,,,,,,,,,,,,,,,,,,,,,,,,,,,,,,,,m,1,0.4685077999602072,None,m,1,0.4735683999606408,None,382515,001,2025-11-24_16h32.26.496,soloProject,,2025.1.1,59.797918905611944,2025-11-24 16h32.27.759841 +0530,
Faces/CFD-IM-738-191-N.jpg,n,perfume,n,I,I,25,25,0,m,0,2.0534096999908797,None,n,1,1.22826730000088,None,,,,,,,,,,,,,0,25,25,108,391.99515779997455,,,,,,,,,391.9905655999901,391.99515779997455,392.4596119999769,392.4596119999769,392.5101386999595,394.5266282999655,,,,,394.5279574999586,395.0423078999738,395.0423078999738,396.2765550999902,,,,,,,,,,,,,,,,,,,,,,,,,,,,,,,,m,0,2.0534096999908797,None,n,1,1.22826730000088,None,382515,001,2025-11-24_16h32.26.496,soloProject,,2025.1.1,59.797918905611944,2025-11-24 16h32.27.759841 +0530,
Faces/CFD-IM-738-191-N.jpg,n,jewelry,n,I,I,26,26,0,n,1,0.7732632999541238,None,n,1,0.3822436999762431,None,,,,,,,,,,,,,0,26,26,113,396.3322661999846,,,,,,,,,396.3277837999631,396.3322661999846,396.79257949994644,396.79257949994644,396.84246709995205,397.57665039994754,,,,,397.57827030000044,398.0919862999581,398.0919862999581,398.4757386999554,,,,,,,,,,,,,,,,,,,,,,,,,,,,,,,,n,1,0.7732632999541238,None,n,1,0.3822436999762431,None,382515,001,2025-11-24_16h32.26.496,soloProject,,2025.1.1,59.797918905611944,2025-11-24 16h32.27.759841 +0530,
Faces/CFD-IF-601-519-N.jpg,m,perfume,n,C,I,27,27,0,m,1,0.5248631999711506,None,m,0,0.6658241000259295,None,,,,,,,,,,,,,0,27,27,0,398.5289059999632,,,,,,,,,398.52388619998237,398.5289059999632,398.9765632999479,398.9765632999479,399.0423244999838,399.5101001999574,,,,,399.51158329995815,400.0251691999729,400.0251691999729,400.6929678999586,,,,,,,,,,,,,,,,,,,,,,,,,,,,,,,,m,1,0.5248631999711506,None,m,0,0.6658241000259295,None,382515,001,2025-11-24_16h32.26.496,soloProject,,2025.1.1,59.797918905611944,2025-11-24 16h32.27.759841 +0530,
Faces/CFD-IM-738-191-N.jpg,n,flower,n,I,I,28,28,0,n,1,0.5859134999918751,None,n,1,2.337843300017994,None,,,,,,,,,,,,,0,28,28,110,400.748660799989,,,,,,,,,400.7439610000001,400.748660799989,401.2091029000003,401.2091029000003,401.2597903999849,401.8096003999817,,,,,401.81089699995937,402.30825049994746,402.30825049994746,404.6590773999924,,,,,,,,,,,,,,,,,,,,,,,,,,,,,,,,n,1,0.5859134999918751,None,n,1,2.337843300017994,None,382515,001,2025-11-24_16h32.26.496,soloProject,,2025.1.1,59.797918905611944,2025-11-24 16h32.27.759841 +0530,
Faces/CFD-IF-602-134-N.jpg,m,briefcase,m,I,I,29,29,0,m,1,3.518510600028094,None,m,1,0.6650890999590047,None,,,,,,,,,,,,,0,29,29,39,404.7125585999456,,,,,,,,,404.7082164999447,404.7125585999456,405.15886639995733,405.15886639995733,405.22669719997793,408.6780892999959,,,,,408.6794833999593,409.1922902999795,409.1922902999795,409.8596124999458,,,,,,,,,,,,,,,,,,,,,,,,,,,,,,,,m,1,3.518510600028094,None,m,1,0.6650890999590047,None,382515,001,2025-11-24_16h32.26.496,soloProject,,2025.1.1,59.797918905611944,2025-11-24 16h32.27.759841 +0530,
Faces/CFD-IM-728-041-N.jpg,n,hammer,m,C,I,30,30,0,n,1,0.7410835000337102,None,m,1,0.677894800028298,None,,,,,,,,,,,,,0,30,30,61,409.92185809998773,,,,,,,,,409.91739969997434,409.92185809998773,410.37546869996004,410.37546869996004,410.42572379997,411.126295199967,,,,,411.1274443999864,411.64321109995944,411.64321109995944,412.32531149999704,,,,,,,,,,,,,,,,,,,,,,,,,,,,,,,,n,1,0.7410835000337102,None,m,1,0.677894800028298,None,382515,001,2025-11-24_16h32.26.496,soloProject,,2025.1.1,59.797918905611944,2025-11-24 16h32.27.759841 +0530,
Faces/CFD-IF-602-134-N.jpg,m,perfume,n,C,I,31,31,0,m,1,0.6439484000438824,None,n,1,0.506913999968674,None,,,,,,,,,,,,,0,31,31,6,412.37930479994975,,,,,,,,,412.3746809999575,412.37930479994975,412.8259850999457,412.8259850999457,412.8922986999969,413.4759212999488,,,,,413.4778886999702,413.97565369994845,413.97565369994845,414.49193329998525,,,,,,,,,,,,,,,,,,,,,,,,,,,,,,,,m,1,0.6439484000438824,None,n,1,0.506913999968674,None,382515,001,2025-11-24_16h32.26.496,soloProject,,2025.1.1,59.797918905611944,2025-11-24 16h32.27.759841 +0530,
Faces/CFD-IF-602-134-N.jpg,m,dress,n,C,I,32,32,0,m,1,0.6090526999905705,None,n,1,0.4641018999973312,None,,,,,,,,,,,,,0,32,32,9,414.54666269995505,,,,,,,,,414.541872199974,414.54666269995505,414.9929664999945,414.9929664999945,415.0588219999918,415.6093200999894,,,,,415.61056219995953,416.1249140999862,416.1249140999862,416.5926575999474,,,,,,,,,,,,,,,,,,,,,,,,,,,,,,,,m,1,0.6090526999905705,None,n,1,0.4641018999973312,None,382515,001,2025-11-24_16h32.26.496,soloProject,,2025.1.1,59.797918905611944,2025-11-24 16h32.27.759841 +0530,
Faces/CFD-IM-736-361-N.jpg,n,lipstick,n,I,I,33,33,0,n,1,0.4346623999881558,None,n,1,0.4813878000131808,None,,,,,,,,,,,,,0,33,33,106,416.64463459997205,,,,,,,,,416.64011359994765,416.64463459997205,417.0921069999458,417.0921069999458,417.1589852999896,417.5427818999742,,,,,417.54440590000013,418.05825989996083,418.05825989996083,418.5423309999751,,,,,,,,,,,,,,,,,,,,,,,,,,,,,,,,n,1,0.4346623999881558,None,n,1,0.4813878000131808,None,382515,001,2025-11-24_16h32.26.496,soloProject,,2025.1.1,59.797918905611944,2025-11-24 16h32.27.759841 +0530,
Faces/CFD-IF-609-408-N.jpg,m,dress,n,C,I,34,34,0,m,1,0.5002760000061244,None,n,1,0.5431400999659672,None,,,,,,,,,,,,,0,34,34,27,418.5933282999904,,,,,,,,,418.58906979998574,418.5933282999904,419.04205839999486,419.04205839999486,419.0922527999501,419.54275359999156,,,,,419.54391529998975,420.04177329997765,420.04177329997765,420.59263919998193,,,,,,,,,,,,,,,,,,,,,,,,,,,,,,,,m,1,0.5002760000061244,None,n,1,0.5431400999659672,None,382515,001,2025-11-24_16h32.26.496,soloProject,,2025.1.1,59.797918905611944,2025-11-24 16h32.27.759841 +0530,
Faces/CFD-IF-608-390-N.jpg,m,beer,m,I,I,35,35,0,m,1,0.4637385999667458,None,n,0,0.5800941999768838,None,,,,,,,,,,,,,0,35,35,48,420.6473197999876,,,,,,,,,420.64257149997866,420.6473197999876,421.1092861999641,421.1092861999641,421.1585655999952,421.5764488999848,,,,,421.5777071999619,422.09160059998976,422.09160059998976,422.67584469995927,,,,,,,,,,,,,,,,,,,,,,,,,,,,,,,,m,1,0.4637385999667458,None,n,0,0.5800941999768838,None,382515,001,2025-11-24_16h32.26.496,soloProject,,2025.1.1,59.797918905611944,2025-11-24 16h32.27.759841 +0530,
Faces/CFD-IF-608-390-N.jpg,m,lipstick,n,C,I,36,36,0,m,1,2.5893586999736726,None,n,1,0.5974296000204049,None,,,,,,,,,,,,,0,36,36,22,422.73264629999176,,,,,,,,,422.7279378999956,422.73264629999176,423.19210929999826,423.19210929999826,423.2420511999517,425.79350259999046,,,,,425.79484379995847,426.3081422999967,426.3081422999967,426.9095310999546,,,,,,,,,,,,,,,,,,,,,,,,,,,,,,,,m,1,2.5893586999736726,None,n,1,0.5974296000204049,None,382515,001,2025-11-24_16h32.26.496,soloProject,,2025.1.1,59.797918905611944,2025-11-24 16h32.27.759841 +0530,
Faces/CFD-IM-731-223-N.jpg,n,cigar,m,C,I,37,37,0,n,1,0.615044999984093,None,m,1,0.6070019000326283,None,,,,,,,,,,,,,0,37,37,70,426.9609586999868,,,,,,,,,426.9559962999774,426.9609586999868,427.40857759997016,427.40857759997016,427.47641489998205,428.02547539997613,,,,,428.0266383999842,428.52464540000074,428.52464540000074,429.1419775999966,,,,,,,,,,,,,,,,,,,,,,,,,,,,,,,,n,1,0.615044999984093,None,m,1,0.6070019000326283,None,382515,001,2025-11-24_16h32.26.496,soloProject,,2025.1.1,59.797918905611944,2025-11-24 16h32.27.759841 +0530,
Faces/CFD-IF-602-134-N.jpg,m,hammer,m,I,I,38,38,0,m,1,4.196603799995501,None,m,1,0.5857749000424519,None,,,,,,,,,,,,,0,38,38,37,429.19205729995156,,,,,,,,,429.1868727999972,429.19205729995156,429.6422049999819,429.6422049999819,429.69245519995457,433.8423189999885,,,,,433.8435025999788,434.34118539997144,434.34118539997144,434.94168139999965,,,,,,,,,,,,,,,,,,,,,,,,,,,,,,,,m,1,4.196603799995501,None,m,1,0.5857749000424519,None,382515,001,2025-11-24_16h32.26.496,soloProject,,2025.1.1,59.797918905611944,2025-11-24 16h32.27.759841 +0530,
Faces/CFD-IF-608-390-N.jpg,m,dress,n,C,I,39,39,0,m,1,0.5235893999924883,None,n,1,0.5233915999997407,None,,,,,,,,,,,,,0,39,39,21,435.00141819997225,,,,,,,,,434.9961909999838,435.00141819997225,435.4418442999595,435.4418442999595,435.5083920999896,435.975452499988,,,,,435.9766067999881,436.4746763999574,436.4746763999574,437.0081748999655,,,,,,,,,,,,,,,,,,,,,,,,,,,,,,,,m,1,0.5235893999924883,None,n,1,0.5233915999997407,None,382515,001,2025-11-24_16h32.26.496,soloProject,,2025.1.1,59.797918905611944,2025-11-24 16h32.27.759841 +0530,
Faces/CFD-IM-731-223-N.jpg,n,beer,m,C,I,40,40,0,n,1,0.4770925000193529,None,m,1,0.5379187000216916,None,,,,,,,,,,,,,0,40,40,66,437.0607013999834,,,,,,,,,437.0560545999906,437.0607013999834,437.50915329996496,437.50915329996496,437.5752142999554,437.99221299996134,,,,,437.9933928999817,438.4913170999498,438.4913170999498,439.0421591999475,,,,,,,,,,,,,,,,,,,,,,,,,,,,,,,,n,1,0.4770925000193529,None,m,1,0.5379187000216916,None,382515,001,2025-11-24_16h32.26.496,soloProject,,2025.1.1,59.797918905611944,2025-11-24 16h32.27.759841 +0530,
Faces/CFD-IM-728-041-N.jpg,n,doll,n,I,I,41,41,0,n,1,1.4712066000211053,None,n,1,0.6723937999922782,None,,,,,,,,,,,,,0,41,41,91,439.09682329994394,,,,,,,,,439.092065099976,439.09682329994394,439.55811699997867,439.55811699997867,439.60881289996905,441.04209899995476,,,,,441.0446080999682,441.5421242999728,441.5421242999728,442.22651789995143,,,,,,,,,,,,,,,,,,,,,,,,,,,,,,,,n,1,1.4712066000211053,None,n,1,0.6723937999922782,None,382515,001,2025-11-24_16h32.26.496,soloProject,,2025.1.1,59.797918905611944,2025-11-24 16h32.27.759841 +0530,
Faces/CFD-IM-728-041-N.jpg,n,beer,m,C,I,42,42,0,n,1,0.5863191999960691,None,n,0,0.756351399992127,None,,,,,,,,,,,,,0,42,42,60,442.2832314999541,,,,,,,,,442.27819899999304,442.2832314999541,442.7418505999958,442.7418505999958,442.7917619999498,443.3423763999599,,,,,443.343422499951,443.8418377999915,443.8418377999915,444.60804599995026,,,,,,,,,,,,,,,,,,,,,,,,,,,,,,,,n,1,0.5863191999960691,None,n,0,0.756351399992127,None,382515,001,2025-11-24_16h32.26.496,soloProject,,2025.1.1,59.797918905611944,2025-11-24 16h32.27.759841 +0530,
Faces/CFD-IF-608-390-N.jpg,m,bowtie,m,I,I,43,43,0,n,0,1.0718442000215873,None,m,1,1.059754799993243,None,,,,,,,,,,,,,0,43,43,50,444.65857039997354,,,,,,,,,444.653952499968,444.65857039997354,445.1081863999716,445.1081863999716,445.15855919994647,446.19280269998126,,,,,446.193977399962,446.7078117999481,446.7078117999481,447.7747950999765,,,,,,,,,,,,,,,,,,,,,,,,,,,,,,,,n,0,1.0718442000215873,None,m,1,1.059754799993243,None,382515,001,2025-11-24_16h32.26.496,soloProject,,2025.1.1,59.797918905611944,2025-11-24 16h32.27.759841 +0530,
Faces/CFD-IF-605-066-N.jpg,m,beer,m,I,I,44,44,0,m,1,0.63583430001745,None,m,1,1.1684150999644771,None,,,,,,,,,,,,,0,44,44,42,447.8300046999939,,,,,,,,,447.82515649998095,447.8300046999939,448.2757786999573,448.2757786999573,448.3416830999777,448.9257744999486,,,,,448.9269690999645,449.44112019997556,449.44112019997556,450.6246152999811,,,,,,,,,,,,,,,,,,,,,,,,,,,,,,,,m,1,0.63583430001745,None,m,1,1.1684150999644771,None,382515,001,2025-11-24_16h32.26.496,soloProject,,2025.1.1,59.797918905611944,2025-11-24 16h32.27.759841 +0530,
Faces/CFD-IF-602-134-N.jpg,m,beer,m,I,I,45,45,0,m,1,0.5073903000447899,None,n,0,0.9372751000337303,None,,,,,,,,,,,,,0,45,45,36,450.67908529995475,,,,,,,,,450.6745465999702,450.67908529995475,451.1258992999792,451.1258992999792,451.19156649999786,451.6423420999781,,,,,451.64238939998904,452.1575718999957,452.1575718999957,453.1086548999883,,,,,,,,,,,,,,,,,,,,,,,,,,,,,,,,m,1,0.5073903000447899,None,n,0,0.9372751000337303,None,382515,001,2025-11-24_16h32.26.496,soloProject,,2025.1.1,59.797918905611944,2025-11-24 16h32.27.759841 +0530,
Faces/CFD-IM-736-361-N.jpg,n,flower,n,I,I,46,46,0,n,1,1.0732583000208251,None,n,1,1.5971212000004016,None,,,,,,,,,,,,,0,46,46,104,453.1631121999817,,,,,,,,,453.1586442999542,453.1631121999817,453.6086297999718,453.6086297999718,453.6757397999754,454.69188759999815,,,,,454.693194099993,455.19104749994585,455.19104749994585,456.7913211999694,,,,,,,,,,,,,,,,,,,,,,,,,,,,,,,,n,1,1.0732583000208251,None,n,1,1.5971212000004016,None,382515,001,2025-11-24_16h32.26.496,soloProject,,2025.1.1,59.797918905611944,2025-11-24 16h32.27.759841 +0530,
Faces/CFD-IM-731-223-N.jpg,n,bowtie,m,C,I,47,47,0,n,1,0.5699930000118911,None,n,0,0.5909839000087231,None,,,,,,,,,,,,,0,47,47,68,456.8404121999629,,,,,,,,,456.83596169995144,456.8404121999629,457.2916036999668,457.2916036999668,457.3421848999569,457.8753042999888,,,,,457.8767331999843,458.3742931999732,458.3742931999732,458.9750118999509,,,,,,,,,,,,,,,,,,,,,,,,,,,,,,,,n,1,0.5699930000118911,None,n,0,0.5909839000087231,None,382515,001,2025-11-24_16h32.26.496,soloProject,,2025.1.1,59.797918905611944,2025-11-24 16h32.27.759841 +0530,
Faces/CFD-IM-731-223-N.jpg,n,flower,n,I,I,48,48,0,n,1,0.6492357000242919,None,n,1,4.509418200002983,None,,,,,,,,,,,,,0,48,48,98,459.02634749998106,,,,,,,,,459.02175869996427,459.02634749998106,459.4751518999692,459.4751518999692,459.54124679998495,460.1250884999754,,,,,460.1264426999842,460.6242175999796,460.6242175999796,465.1425271999906,,,,,,,,,,,,,,,,,,,,,,,,,,,,,,,,n,1,0.6492357000242919,None,n,1,4.509418200002983,None,382515,001,2025-11-24_16h32.26.496,soloProject,,2025.1.1,59.797918905611944,2025-11-24 16h32.27.759841 +0530,
Faces/CFD-IF-601-519-N.jpg,m,briefcase,m,I,I,49,49,0,m,1,0.881383600004483,None,m,1,0.5515300999977626,None,,,,,,,,,,,,,0,49,49,33,465.197232699953,,,,,,,,,465.19272229995113,465.197232699953,465.65858309995383,465.65858309995383,465.7084275999805,466.5419139000005,,,,,466.54311969998525,467.04083339998033,467.04083339998033,467.6079100999632,,,,,,,,,,,,,,,,,,,,,,,,,,,,,,,,m,1,0.881383600004483,None,m,1,0.5515300999977626,None,382515,001,2025-11-24_16h32.26.496,soloProject,,2025.1.1,59.797918905611944,2025-11-24 16h32.27.759841 +0530,
Faces/CFD-IM-736-361-N.jpg,n,football,m,C,I,50,50,0,n,1,0.7244683000026271,None,m,1,0.4882767000235617,None,,,,,,,,,,,,,0,50,50,77,467.66058559995145,,,,,,,,,467.6560302999569,467.66058559995145,468.10814719996415,468.10814719996415,468.17567269998835,468.84182439994765,,,,,468.84425069997087,469.35826929996256,469.35826929996256,469.8584872999927,,,,,,,,,,,,,,,,,,,,,,,,,,,,,,,,n,1,0.7244683000026271,None,m,1,0.4882767000235617,None,382515,001,2025-11-24_16h32.26.496,soloProject,,2025.1.1,59.797918905611944,2025-11-24 16h32.27.759841 +0530,
Faces/CFD-IM-736-361-N.jpg,n,cigar,m,C,I,51,51,0,n,1,0.5917804000200704,None,m,1,0.6322604999877512,None,,,,,,,,,,,,,0,51,51,76,469.9110599999549,,,,,,,,,469.90663669997593,469.9110599999549,470.3578903999878,470.3578903999878,470.4250569999567,470.9580616999883,,,,,470.95940649998374,471.4575522999512,471.4575522999512,472.0918614999973,,,,,,,,,,,,,,,,,,,,,,,,,,,,,,,,n,1,0.5917804000200704,None,m,1,0.6322604999877512,None,382515,001,2025-11-24_16h32.26.496,soloProject,,2025.1.1,59.797918905611944,2025-11-24 16h32.27.759841 +0530,
Faces/CFD-IM-736-361-N.jpg,n,hammer,m,C,I,52,52,0,n,1,0.4642975000315346,None,m,1,0.5514178000157699,None,,,,,,,,,,,,,0,52,52,73,472.1426244999748,,,,,,,,,472.1378968999488,472.1426244999748,472.5912839999655,472.5912839999655,472.6438240999705,473.05809869995574,,,,,473.05967019998934,473.5573143999791,473.5573143999791,474.12409149995074,,,,,,,,,,,,,,,,,,,,,,,,,,,,,,,,n,1,0.4642975000315346,None,m,1,0.5514178000157699,None,382515,001,2025-11-24_16h32.26.496,soloProject,,2025.1.1,59.797918905611944,2025-11-24 16h32.27.759841 +0530,
Faces/CFD-IF-602-134-N.jpg,m,flower,n,C,I,53,53,0,m,1,0.4559759999974631,None,n,1,0.43327350000618026,None,,,,,,,,,,,,,0,53,53,8,474.1776569999638,,,,,,,,,474.173064099974,474.1776569999638,474.62551889999304,474.62551889999304,474.69175569998333,475.0926392999827,,,,,475.0939882999519,475.60732059995644,475.60732059995644,476.04138519999105,,,,,,,,,,,,,,,,,,,,,,,,,,,,,,,,m,1,0.4559759999974631,None,n,1,0.43327350000618026,None,382515,001,2025-11-24_16h32.26.496,soloProject,,2025.1.1,59.797918905611944,2025-11-24 16h32.27.759841 +0530,
Faces/CFD-IM-728-041-N.jpg,n,lipstick,n,I,I,54,54,0,n,1,0.7832593999919482,None,n,1,0.511549599992577,None,,,,,,,,,,,,,0,54,54,94,476.09519589995034,,,,,,,,,476.08990359999007,476.09519589995034,476.54229929996654,476.54229929996654,476.6085602999665,477.32636009994894,,,,,477.3276426999946,477.8406959999702,477.8406959999702,478.35789859999204,,,,,,,,,,,,,,,,,,,,,,,,,,,,,,,,n,1,0.7832593999919482,None,n,1,0.511549599992577,None,382515,001,2025-11-24_16h32.26.496,soloProject,,2025.1.1,59.797918905611944,2025-11-24 16h32.27.759841 +0530,
Faces/CFD-IF-601-519-N.jpg,m,hammer,m,I,I,55,55,0,m,1,0.5112056999932975,None,m,1,0.6874433000339195,None,,,,,,,,,,,,,0,55,55,31,478.41013279999606,,,,,,,,,478.4047004999593,478.41013279999606,478.8587989999796,478.8587989999796,478.92501449998235,479.37620469997637,,,,,479.37772319995565,479.8919072999852,479.8919072999852,480.59110719995806,,,,,,,,,,,,,,,,,,,,,,,,,,,,,,,,m,1,0.5112056999932975,None,m,1,0.6874433000339195,None,382515,001,2025-11-24_16h32.26.496,soloProject,,2025.1.1,59.797918905611944,2025-11-24 16h32.27.759841 +0530,
Faces/CFD-IM-728-041-N.jpg,n,briefcase,m,C,I,56,56,0,n,1,1.1457935000071302,None,m,1,0.5918519999831915,None,,,,,,,,,,,,,0,56,56,63,480.6433474999503,,,,,,,,,480.6387678999454,480.6433474999503,481.0918368999846,481.0918368999846,481.15771919995314,482.2422529999749,,,,,482.2435581999598,482.75944279995747,482.75944279995747,483.35746909998124,,,,,,,,,,,,,,,,,,,,,,,,,,,,,,,,n,1,1.1457935000071302,None,m,1,0.5918519999831915,None,382515,001,2025-11-24_16h32.26.496,soloProject,,2025.1.1,59.797918905611944,2025-11-24 16h32.27.759841 +0530,
Faces/CFD-IM-736-361-N.jpg,n,bowtie,m,C,I,57,57,0,n,1,0.7137337999884039,None,m,1,0.6007624000194483,None,,,,,,,,,,,,,0,57,57,74,483.4124854999827,,,,,,,,,483.40716059994884,483.4124854999827,483.85770809999667,483.85770809999667,483.92441429995233,484.57453220000025,,,,,484.57568019995233,485.07376020000083,485.07376020000083,485.6907648999477,,,,,,,,,,,,,,,,,,,,,,,,,,,,,,,,n,1,0.7137337999884039,None,m,1,0.6007624000194483,None,382515,001,2025-11-24_16h32.26.496,soloProject,,2025.1.1,59.797918905611944,2025-11-24 16h32.27.759841 +0530,
Faces/CFD-IF-601-519-N.jpg,m,flower,n,C,I,58,58,0,m,1,1.4538374999538064,None,n,1,0.6873866000096314,None,,,,,,,,,,,,,0,58,58,2,485.74253199994564,,,,,,,,,485.7376863999525,485.74253199994564,486.1910956999636,486.1910956999636,486.2577081999625,487.65784619998885,,,,,487.6591815999709,488.15706739999587,488.15706739999587,488.8573962999508,,,,,,,,,,,,,,,,,,,,,,,,,,,,,,,,m,1,1.4538374999538064,None,n,1,0.6873866000096314,None,382515,001,2025-11-24_16h32.26.496,soloProject,,2025.1.1,59.797918905611944,2025-11-24 16h32.27.759841 +0530,
Faces/CFD-IM-738-191-N.jpg,n,briefcase,m,C,I,59,59,0,n,1,1.488631299987901,None,m,1,0.6304277000017464,None,,,,,,,,,,,,,0,59,59,81,488.91171669994947,,,,,,,,,488.9060603999533,488.91171669994947,489.35761859995546,489.35761859995546,489.42444789997535,490.8593042999855,,,,,490.8609666999546,491.373746199999,491.373746199999,492.007687299978,,,,,,,,,,,,,,,,,,,,,,,,,,,,,,,,n,1,1.488631299987901,None,m,1,0.6304277000017464,None,382515,001,2025-11-24_16h32.26.496,soloProject,,2025.1.1,59.797918905611944,2025-11-24 16h32.27.759841 +0530,
Faces/CFD-IF-601-519-N.jpg,m,cigar,m,I,I,60,60,0,m,1,7.1058794999844395,None,m,1,0.8400277000037022,None,,,,,,,,,,,,,0,60,60,34,492.0540634999634,,,,,,,,,492.04975219996413,492.0540634999634,492.50770599994576,492.50770599994576,492.55819389998214,499.6251310999505,,,,,499.6263766999473,500.12397679995047,500.12397679995047,500.97373269998934,,,,,,,,,,,,,,,,,,,,,,,,,,,,,,,,m,1,7.1058794999844395,None,m,1,0.8400277000037022,None,382515,001,2025-11-24_16h32.26.496,soloProject,,2025.1.1,59.797918905611944,2025-11-24 16h32.27.759841 +0530,
Faces/CFD-IF-602-134-N.jpg,m,football,m,I,I,61,61,0,m,1,0.44653409998863935,None,m,1,0.4441487999865785,None,,,,,,,,,,,,,0,61,61,41,501.02950009994674,,,,,,,,,501.0250674999552,501.02950009994674,501.4749844999751,501.4749844999751,501.5407806999865,501.92496249999385,,,,,501.92749719996937,502.44070729997475,502.44070729997475,502.8908031999599,,,,,,,,,,,,,,,,,,,,,,,,,,,,,,,,m,1,0.44653409998863935,None,m,1,0.4441487999865785,None,382515,001,2025-11-24_16h32.26.496,soloProject,,2025.1.1,59.797918905611944,2025-11-24 16h32.27.759841 +0530,
Faces/CFD-IM-739-012-N.jpg,n,beer,m,C,I,62,62,0,n,1,0.5559152000350878,None,m,1,0.7033715000143275,None,,,,,,,,,,,,,0,62,62,84,502.9414604999474,,,,,,,,,502.93696219997946,502.9414604999474,503.3912790999748,503.3912790999748,503.4407710999949,503.95830969995586,,,,,503.9593820999726,504.47362369997427,504.47362369997427,505.1904481999809,,,,,,,,,,,,,,,,,,,,,,,,,,,,,,,,n,1,0.5559152000350878,None,m,1,0.7033715000143275,None,382515,001,2025-11-24_16h32.26.496,soloProject,,2025.1.1,59.797918905611944,2025-11-24 16h32.27.759841 +0530,
Faces/CFD-IM-739-012-N.jpg,n,cigar,m,C,I,63,63,0,n,1,0.33334840001771227,None,m,1,0.5430678999982774,None,,,,,,,,,,,,,0,63,63,88,505.24139149999246,,,,,,,,,505.23629799997434,505.24139149999246,505.6910049999715,505.6910049999715,505.74111599999014,506.02481839997927,,,,,506.02598709997255,506.52361669996753,506.52361669996753,507.07428249996156,,,,,,,,,,,,,,,,,,,,,,,,,,,,,,,,n,1,0.33334840001771227,None,m,1,0.5430678999982774,None,382515,001,2025-11-24_16h32.26.496,soloProject,,2025.1.1,59.797918905611944,2025-11-24 16h32.27.759841 +0530,
Faces/CFD-IF-608-390-N.jpg,m,cigar,m,I,I,64,64,0,m,1,0.485833199985791,None,n,0,0.6751658999710344,None,,,,,,,,,,,,,0,64,64,52,507.12896849995013,,,,,,,,,507.1245924999821,507.12896849995013,507.5747425999725,507.5747425999725,507.64098319999175,508.07456689997343,,,,,508.07461579999654,508.5741392999771,508.5741392999771,509.25752909999574,,,,,,,,,,,,,,,,,,,,,,,,,,,,,,,,m,1,0.485833199985791,None,n,0,0.6751658999710344,None,382515,001,2025-11-24_16h32.26.496,soloProject,,2025.1.1,59.797918905611944,2025-11-24 16h32.27.759841 +0530,
Faces/CFD-IM-731-223-N.jpg,n,dress,n,I,I,65,65,0,n,1,0.751319200033322,None,n,1,1.218204299977515,None,,,,,,,,,,,,,0,65,65,99,509.3153953999863,,,,,,,,,509.3095570000005,509.3153953999863,509.7574370999937,509.7574370999937,509.82417179999175,510.525942999986,,,,,510.5272441999987,511.0400903999689,511.0400903999689,512.2736630999716,,,,,,,,,,,,,,,,,,,,,,,,,,,,,,,,n,1,0.751319200033322,None,n,1,1.218204299977515,None,382515,001,2025-11-24_16h32.26.496,soloProject,,2025.1.1,59.797918905611944,2025-11-24 16h32.27.759841 +0530,
Faces/CFD-IM-738-191-N.jpg,n,bowtie,m,C,I,66,66,0,n,1,1.7714232999715023,None,n,0,1.0558165000402369,None,,,,,,,,,,,,,0,66,66,80,512.3311347999843,,,,,,,,,512.3261252999655,512.3311347999843,512.7742989999824,512.7742989999824,512.8407317999518,514.5589311999502,,,,,514.5601690999465,515.0734396999469,515.0734396999469,516.1416525999666,,,,,,,,,,,,,,,,,,,,,,,,,,,,,,,,n,1,1.7714232999715023,None,n,0,1.0558165000402369,None,382515,001,2025-11-24_16h32.26.496,soloProject,,2025.1.1,59.797918905611944,2025-11-24 16h32.27.759841 +0530,
Faces/CFD-IF-605-066-N.jpg,m,dress,n,C,I,67,67,0,m,1,1.4714113000081852,None,n,1,0.575507799978368,None,,,,,,,,,,,,,0,67,67,15,516.1926995999529,,,,,,,,,516.1881239999784,516.1926995999529,516.6572204999975,516.6572204999975,516.7078442999627,518.1411161999567,,,,,518.1422506999807,518.656903999974,518.656903999974,519.2408471999806,,,,,,,,,,,,,,,,,,,,,,,,,,,,,,,,m,1,1.4714113000081852,None,n,1,0.575507799978368,None,382515,001,2025-11-24_16h32.26.496,soloProject,,2025.1.1,59.797918905611944,2025-11-24 16h32.27.759841 +0530,
Faces/CFD-IM-738-191-N.jpg,n,football,m,C,I,68,68,0,n,1,0.846843599982094,None,m,1,0.5666435000021011,None,,,,,,,,,,,,,0,68,68,83,519.2891248999513,,,,,,,,,519.2846431999933,519.2891248999513,519.7412371999817,519.7412371999817,519.791134799947,520.5906801999663,,,,,520.5919573999709,521.0899504999979,521.0899504999979,521.6570318999584,,,,,,,,,,,,,,,,,,,,,,,,,,,,,,,,n,1,0.846843599982094,None,m,1,0.5666435000021011,None,382515,001,2025-11-24_16h32.26.496,soloProject,,2025.1.1,59.797918905611944,2025-11-24 16h32.27.759841 +0530,
Faces/CFD-IF-608-390-N.jpg,m,briefcase,m,I,I,69,69,0,m,1,0.9604158000438474,None,n,0,0.7481057000113651,None,,,,,,,,,,,,,0,69,69,51,521.7090398999862,,,,,,,,,521.7047489999677,521.7090398999862,522.1576034999453,522.1576034999453,522.2237677999656,523.1251331999665,,,,,523.1264554999652,523.6406810999615,523.6406810999615,524.3900521999458,,,,,,,,,,,,,,,,,,,,,,,,,,,,,,,,m,1,0.9604158000438474,None,n,0,0.7481057000113651,None,382515,001,2025-11-24_16h32.26.496,soloProject,,2025.1.1,59.797918905611944,2025-11-24 16h32.27.759841 +0530,
Faces/CFD-IF-608-390-N.jpg,m,doll,n,C,I,70,70,0,m,1,0.652237200003583,None,n,1,2.54920479998691,None,,,,,,,,,,,,,0,70,70,19,524.4440696999663,,,,,,,,,524.439440999995,524.4440696999663,524.8905346999527,524.8905346999527,524.9574704999686,525.5584347999538,,,,,525.5598788999487,526.073258999968,526.073258999968,528.62396669999,,,,,,,,,,,,,,,,,,,,,,,,,,,,,,,,m,1,0.652237200003583,None,n,1,2.54920479998691,None,382515,001,2025-11-24_16h32.26.496,soloProject,,2025.1.1,59.797918905611944,2025-11-24 16h32.27.759841 +0530,
Faces/CFD-IF-609-408-N.jpg,m,briefcase,m,I,I,71,71,0,m,1,0.7319777999655344,None,m,1,13.47397600003751,None,,,,,,,,,,,,,0,71,71,57,528.67303299997,,,,,,,,,528.6677358999732,528.67303299997,529.1240950999781,529.1240950999781,529.1739922999986,529.8578691000002,,,,,529.8591526999953,530.356432099943,530.356432099943,543.8402091999887,,,,,,,,,,,,,,,,,,,,,,,,,,,,,,,,m,1,0.7319777999655344,None,m,1,13.47397600003751,None,382515,001,2025-11-24_16h32.26.496,soloProject,,2025.1.1,59.797918905611944,2025-11-24 16h32.27.759841 +0530,
Faces/CFD-IF-601-519-N.jpg,m,dress,n,C,I,72,72,0,m,1,2.216201900038868,None,n,1,0.617157899949234,None,,,,,,,,,,,,,0,72,72,3,543.8914221999585,,,,,,,,,543.8865274999989,543.8914221999585,544.3405389999971,544.3405389999971,544.3906241999939,546.5574513999745,,,,,546.5587780999485,547.0730196999502,547.0730196999502,547.6909312999924,,,,,,,,,,,,,,,,,,,,,,,,,,,,,,,,m,1,2.216201900038868,None,n,1,0.617157899949234,None,382515,001,2025-11-24_16h32.26.496,soloProject,,2025.1.1,59.797918905611944,2025-11-24 16h32.27.759841 +0530,
Faces/CFD-IF-602-134-N.jpg,m,cigar,m,I,I,73,73,0,m,1,0.9459327000076883,None,n,0,5.4147610000218265,None,,,,,,,,,,,,,0,73,73,40,547.7396427999483,,,,,,,,,547.7348153999774,547.7396427999483,548.2070190999657,548.2070190999657,548.2401319999481,549.1574300999637,,,,,549.158761299972,549.6737586999661,549.6737586999661,555.0900292999577,,,,,,,,,,,,,,,,,,,,,,,,,,,,,,,,m,1,0.9459327000076883,None,n,0,5.4147610000218265,None,382515,001,2025-11-24_16h32.26.496,soloProject,,2025.1.1,59.797918905611944,2025-11-24 16h32.27.759841 +0530,
Faces/CFD-IF-609-408-N.jpg,m,cigar,m,I,I,74,74,0,n,0,0.753612799977418,None,m,1,0.8358021000167355,None,,,,,,,,,,,,,0,74,74,58,555.1367464999785,,,,,,,,,555.1324006999494,555.1367464999785,555.5900379999657,555.5900379999657,555.6402987999609,556.356948599976,,,,,556.3578111999668,556.8732861999888,556.8732861999888,557.7232809999841,,,,,,,,,,,,,,,,,,,,,,,,,,,,,,,,n,0,0.753612799977418,None,m,1,0.8358021000167355,None,382515,001,2025-11-24_16h32.26.496,soloProject,,2025.1.1,59.797918905611944,2025-11-24 16h32.27.759841 +0530,
Faces/CFD-IM-738-191-N.jpg,n,beer,m,C,I,75,75,0,n,1,0.5033967000199482,None,m,1,0.6776002999977209,None,,,,,,,,,,,,,0,75,75,78,557.7749309999635,,,,,,,,,557.770675799984,557.7749309999635,558.2236549999798,558.2236549999798,558.2900225999765,558.7401806999696,,,,,558.7412926999968,559.2393287999439,559.2393287999439,559.922974999994,,,,,,,,,,,,,,,,,,,,,,,,,,,,,,,,n,1,0.5033967000199482,None,m,1,0.6776002999977209,None,382515,001,2025-11-24_16h32.26.496,soloProject,,2025.1.1,59.797918905611944,2025-11-24 16h32.27.759841 +0530,
Faces/CFD-IF-609-408-N.jpg,m,hammer,m,I,I,76,76,0,m,1,0.5465061000431888,None,m,1,0.5148859999608248,None,,,,,,,,,,,,,0,76,76,55,559.9752291999757,,,,,,,,,559.9706071999972,559.9752291999757,560.4230916999513,560.4230916999513,560.490027599968,560.9739137999713,,,,,560.9753745999769,561.4893546999665,561.4893546999665,562.006043899979,,,,,,,,,,,,,,,,,,,,,,,,,,,,,,,,m,1,0.5465061000431888,None,m,1,0.5148859999608248,None,382515,001,2025-11-24_16h32.26.496,soloProject,,2025.1.1,59.797918905611944,2025-11-24 16h32.27.759841 +0530,
Faces/CFD-IM-731-223-N.jpg,n,lipstick,n,I,I,77,77,0,n,1,0.5347328999778256,None,n,1,0.5163350999937393,None,,,,,,,,,,,,,0,77,77,100,562.0589126999839,,,,,,,,,562.0539037999697,562.0589126999839,562.5064754999476,562.5064754999476,562.5740541999694,563.0571355999564,,,,,563.0589385999483,563.5731471999898,563.5731471999898,564.0903166999924,,,,,,,,,,,,,,,,,,,,,,,,,,,,,,,,n,1,0.5347328999778256,None,n,1,0.5163350999937393,None,382515,001,2025-11-24_16h32.26.496,soloProject,,2025.1.1,59.797918905611944,2025-11-24 16h32.27.759841 +0530,
Faces/CFD-IF-608-390-N.jpg,m,hammer,m,I,I,78,78,0,m,1,0.5113538000150584,None,m,1,0.5627940000267699,None,,,,,,,,,,,,,0,78,78,49,564.1420004999964,,,,,,,,,564.1377783999778,564.1420004999964,564.6067320999573,564.6067320999573,564.6566745999735,565.1238937999588,,,,,565.1251226999448,565.6231001999695,565.6231001999695,566.1894394999836,,,,,,,,,,,,,,,,,,,,,,,,,,,,,,,,m,1,0.5113538000150584,None,m,1,0.5627940000267699,None,382515,001,2025-11-24_16h32.26.496,soloProject,,2025.1.1,59.797918905611944,2025-11-24 16h32.27.759841 +0530,
Faces/CFD-IM-738-191-N.jpg,n,hammer,m,C,I,79,79,0,m,0,0.47821859997930005,None,m,1,0.45226270001148805,None,,,,,,,,,,,,,0,79,79,79,566.2448948999518,,,,,,,,,566.2403631999623,566.2448948999518,566.6904311999679,566.6904311999679,566.756925099995,567.1741248999606,,,,,567.1741736999829,567.6893022999866,567.6893022999866,568.1566363999736,,,,,,,,,,,,,,,,,,,,,,,,,,,,,,,,m,0,0.47821859997930005,None,m,1,0.45226270001148805,None,382515,001,2025-11-24_16h32.26.496,soloProject,,2025.1.1,59.797918905611944,2025-11-24 16h32.27.759841 +0530,
Faces/CFD-IF-605-066-N.jpg,m,perfume,n,C,I,80,80,0,m,1,0.7994436000008136,None,n,1,0.8751902999938466,None,,,,,,,,,,,,,0,80,80,12,568.2086434999947,,,,,,,,,568.203887199983,568.2086434999947,568.6572986999527,568.6572986999527,568.7239221999771,569.4574347999878,,,,,569.4587780999718,569.9725596999633,569.9725596999633,570.8568845999544,,,,,,,,,,,,,,,,,,,,,,,,,,,,,,,,m,1,0.7994436000008136,None,n,1,0.8751902999938466,None,382515,001,2025-11-24_16h32.26.496,soloProject,,2025.1.1,59.797918905611944,2025-11-24 16h32.27.759841 +0530,
Faces/CFD-IF-601-519-N.jpg,m,bowtie,m,I,I,81,81,0,m,1,0.9503798999940045,None,m,1,0.5826929999748245,None,,,,,,,,,,,,,0,81,81,32,570.909040599945,,,,,,,,,570.9045724999742,570.909040599945,571.3738540999475,571.3738540999475,571.4240354999783,572.3404885999626,,,,,572.3422003999585,572.8566100999597,572.8566100999597,573.439688799961,,,,,,,,,,,,,,,,,,,,,,,,,,,,,,,,m,1,0.9503798999940045,None,m,1,0.5826929999748245,None,382515,001,2025-11-24_16h32.26.496,soloProject,,2025.1.1,59.797918905611944,2025-11-24 16h32.27.759841 +0530,
Faces/CFD-IF-605-066-N.jpg,m,flower,n,C,I,82,82,0,m,1,3.1382912000408396,None,n,1,0.7119162000017241,None,,,,,,,,,,,,,0,82,82,14,573.4885910999728,,,,,,,,,573.4836301999749,573.4885910999728,573.9398925999994,573.9398925999994,573.9898198999581,577.0903249999974,,,,,577.091999999946,577.5899956999929,577.5899956999929,578.3065310999518,,,,,,,,,,,,,,,,,,,,,,,,,,,,,,,,m,1,3.1382912000408396,None,n,1,0.7119162000017241,None,382515,001,2025-11-24_16h32.26.496,soloProject,,2025.1.1,59.797918905611944,2025-11-24 16h32.27.759841 +0530,
Faces/CFD-IF-608-390-N.jpg,m,football,m,I,I,83,83,0,m,1,1.386638900032267,None,n,0,2.3519047999870963,None,,,,,,,,,,,,,0,83,83,53,578.3590881999698,,,,,,,,,578.3544949999778,578.3590881999698,578.8063979999861,578.8063979999861,578.8733237999841,580.2075567999855,,,,,580.2088931999751,580.7224318999797,580.7224318999797,583.0907502999762,,,,,,,,,,,,,,,,,,,,,,,,,,,,,,,,m,1,1.386638900032267,None,n,0,2.3519047999870963,None,382515,001,2025-11-24_16h32.26.496,soloProject,,2025.1.1,59.797918905611944,2025-11-24 16h32.27.759841 +0530,
Faces/CFD-IM-739-012-N.jpg,n,jewelry,n,I,I,84,84,0,n,1,1.1924881000304595,None,n,1,0.509036700008437,None,,,,,,,,,,,,,0,84,84,119,583.1407065999811,,,,,,,,,583.1358394999988,583.1407065999811,583.6061608999735,583.6061608999735,583.6403491999954,584.8105163999717,,,,,584.812601899961,585.3225343999802,585.3225343999802,585.8400165999774,,,,,,,,,,,,,,,,,,,,,,,,,,,,,,,,n,1,1.1924881000304595,None,n,1,0.509036700008437,None,382515,001,2025-11-24_16h32.26.496,soloProject,,2025.1.1,59.797918905611944,2025-11-24 16h32.27.759841 +0530,
Faces/CFD-IM-728-041-N.jpg,n,perfume,n,I,I,85,85,0,n,1,0.7221165000228211,None,m,0,0.7582202000194229,None,,,,,,,,,,,,,0,85,85,90,585.8903886999469,,,,,,,,,585.8859691999969,585.8903886999469,586.3393780999468,586.3393780999468,586.389593699947,587.0731457999791,,,,,587.0759233999997,587.5722582999733,587.5722582999733,588.3404702999978,,,,,,,,,,,,,,,,,,,,,,,,,,,,,,,,n,1,0.7221165000228211,None,m,0,0.7582202000194229,None,382515,001,2025-11-24_16h32.26.496,soloProject,,2025.1.1,59.797918905611944,2025-11-24 16h32.27.759841 +0530,
Faces/CFD-IM-739-012-N.jpg,n,briefcase,m,C,I,86,86,0,m,0,0.5681117000058293,None,m,1,1.7967861000215635,None,,,,,,,,,,,,,0,86,86,87,588.3933813999756,,,,,,,,,588.3888938999735,588.3933813999756,588.856198799971,588.856198799971,588.9070541999536,589.4410732999677,,,,,589.4423223999911,589.9556477000006,589.9556477000006,591.7558120999602,,,,,,,,,,,,,,,,,,,,,,,,,,,,,,,,m,0,0.5681117000058293,None,m,1,1.7967861000215635,None,382515,001,2025-11-24_16h32.26.496,soloProject,,2025.1.1,59.797918905611944,2025-11-24 16h32.27.759841 +0530,
Faces/CFD-IF-602-134-N.jpg,m,bowtie,m,I,I,87,87,0,m,1,1.8241413999930955,None,m,1,0.9822793999919668,None,,,,,,,,,,,,,0,87,87,38,591.8106562999892,,,,,,,,,591.8062803999637,591.8106562999892,592.2566077999654,592.2566077999654,592.3226731999894,594.0901528999675,,,,,594.0913690999732,594.6055327999638,594.6055327999638,595.5893230999936,,,,,,,,,,,,,,,,,,,,,,,,,,,,,,,,m,1,1.8241413999930955,None,m,1,0.9822793999919668,None,382515,001,2025-11-24_16h32.26.496,soloProject,,2025.1.1,59.797918905611944,2025-11-24 16h32.27.759841 +0530,
Faces/CFD-IM-738-191-N.jpg,n,dress,n,I,I,88,88,0,n,1,0.7583005000487901,None,n,1,0.555497599998489,None,,,,,,,,,,,,,0,88,88,111,595.6478980999673,,,,,,,,,595.6432183999568,595.6478980999673,596.0893935999484,596.0893935999484,596.1563689999748,596.8563896999694,,,,,596.8576476999442,597.3554255999625,597.3554255999625,597.9224313999875,,,,,,,,,,,,,,,,,,,,,,,,,,,,,,,,n,1,0.7583005000487901,None,n,1,0.555497599998489,None,382515,001,2025-11-24_16h32.26.496,soloProject,,2025.1.1,59.797918905611944,2025-11-24 16h32.27.759841 +0530,
Faces/CFD-IF-608-390-N.jpg,m,perfume,n,C,I,89,89,0,m,1,1.095470900007058,None,n,1,4.891400099964812,None,,,,,,,,,,,,,0,89,89,18,597.9746031999821,,,,,,,,,597.9697097999742,597.9746031999821,598.4227761999937,598.4227761999937,598.4728233999922,599.5233552999562,,,,,599.5251738999505,600.0393523999956,600.0393523999956,604.9393883000012,,,,,,,,,,,,,,,,,,,,,,,,,,,,,,,,m,1,1.095470900007058,None,n,1,4.891400099964812,None,382515,001,2025-11-24_16h32.26.496,soloProject,,2025.1.1,59.797918905611944,2025-11-24 16h32.27.759841 +0530,
Faces/CFD-IF-608-390-N.jpg,m,flower,n,C,I,90,90,0,m,1,0.5648187999613583,None,n,1,0.5526062999852002,None,,,,,,,,,,,,,0,90,90,20,604.9970623999834,,,,,,,,,604.9921049999539,604.9970623999834,605.4397972999723,605.4397972999723,605.5070129999658,606.0063494999777,,,,,606.0076713999733,606.5051302999491,606.5051302999491,607.0722334999591,,,,,,,,,,,,,,,,,,,,,,,,,,,,,,,,m,1,0.5648187999613583,None,n,1,0.5526062999852002,None,382515,001,2025-11-24_16h32.26.496,soloProject,,2025.1.1,59.797918905611944,2025-11-24 16h32.27.759841 +0530,
Faces/CFD-IM-739-012-N.jpg,n,dress,n,I,I,91,91,0,m,0,1.7677619000314735,None,n,1,1.2585750999860466,None,,,,,,,,,,,,,0,91,91,117,607.1192847999628,,,,,,,,,607.1149429999641,607.1192847999628,607.5724084999529,607.5724084999529,607.6225310999434,609.3408646999742,,,,,609.3421786999679,609.8558555999771,609.8558555999771,611.1222282999661,,,,,,,,,,,,,,,,,,,,,,,,,,,,,,,,m,0,1.7677619000314735,None,n,1,1.2585750999860466,None,382515,001,2025-11-24_16h32.26.496,soloProject,,2025.1.1,59.797918905611944,2025-11-24 16h32.27.759841 +0530,
Faces/CFD-IF-609-408-N.jpg,m,bowtie,m,I,I,92,92,0,m,1,1.7719869000138715,None,m,1,10.088398299994878,None,,,,,,,,,,,,,0,92,92,56,611.1694329999737,,,,,,,,,611.1648719999939,611.1694329999737,611.6229862999753,611.6229862999753,611.6726225999882,613.4063541999785,,,,,613.4078897999716,613.922722599993,613.922722599993,624.0219778999453,,,,,,,,,,,,,,,,,,,,,,,,,,,,,,,,m,1,1.7719869000138715,None,m,1,10.088398299994878,None,382515,001,2025-11-24_16h32.26.496,soloProject,,2025.1.1,59.797918905611944,2025-11-24 16h32.27.759841 +0530,
Faces/CFD-IM-739-012-N.jpg,n,bowtie,m,C,I,93,93,0,n,1,1.1716886999784037,None,m,1,0.512569300015457,None,,,,,,,,,,,,,0,93,93,86,624.0736834999989,,,,,,,,,624.0683049999643,624.0736834999989,624.5227534999722,624.5227534999722,624.5893629999482,625.7057691999944,,,,,625.7058160999441,626.2052976999548,626.2052976999548,626.7219201999833,,,,,,,,,,,,,,,,,,,,,,,,,,,,,,,,n,1,1.1716886999784037,None,m,1,0.512569300015457,None,382515,001,2025-11-24_16h32.26.496,soloProject,,2025.1.1,59.797918905611944,2025-11-24 16h32.27.759841 +0530,
Faces/CFD-IF-605-066-N.jpg,m,jewelry,n,C,I,94,94,0,m,1,0.5444816999952309,None,n,1,0.5304655999643728,None,,,,,,,,,,,,,0,94,94,17,626.7716121999547,,,,,,,,,626.7670383999939,626.7716121999547,627.2222313999664,627.2222313999664,627.2725332999835,627.774057499948,,,,,627.7755936999456,628.2883873999817,628.2883873999817,628.8219242999912,,,,,,,,,,,,,,,,,,,,,,,,,,,,,,,,m,1,0.5444816999952309,None,n,1,0.5304655999643728,None,382515,001,2025-11-24_16h32.26.496,soloProject,,2025.1.1,59.797918905611944,2025-11-24 16h32.27.759841 +0530,
Faces/CFD-IF-601-519-N.jpg,m,doll,n,C,I,95,95,0,m,1,0.9141461999970488,None,n,1,2.540791100007482,None,,,,,,,,,,,,,0,95,95,1,628.8712514999788,,,,,,,,,628.8667399999686,628.8712514999788,629.3223856999539,629.3223856999539,629.3723162999959,630.2389757999917,,,,,630.2402879999718,630.7384319999837,630.7384319999837,633.2887492999434,,,,,,,,,,,,,,,,,,,,,,,,,,,,,,,,m,1,0.9141461999970488,None,n,1,2.540791100007482,None,382515,001,2025-11-24_16h32.26.496,soloProject,,2025.1.1,59.797918905611944,2025-11-24 16h32.27.759841 +0530,
Faces/CFD-IM-728-041-N.jpg,n,cigar,m,C,I,96,96,0,m,0,0.6654470000066794,None,m,1,0.6158789999899454,None,,,,,,,,,,,,,0,96,96,64,633.3370658999775,,,,,,,,,633.3322035999736,633.3370658999775,633.7888886999572,633.7888886999572,633.8393450999865,634.456465700001,,,,,634.4577144999639,634.9717020999524,634.9717020999524,635.5889625999844,,,,,,,,,,,,,,,,,,,,,,,,,,,,,,,,m,0,0.6654470000066794,None,m,1,0.6158789999899454,None,382515,001,2025-11-24_16h32.26.496,soloProject,,2025.1.1,59.797918905611944,2025-11-24 16h32.27.759841 +0530,
Faces/CFD-IM-731-223-N.jpg,n,perfume,n,I,I,97,97,0,n,1,0.6072944999905303,None,n,1,1.0232433999772184,None,,,,,,,,,,,,,0,97,97,96,635.6367572999443,,,,,,,,,635.6321676999796,635.6367572999443,636.0892098999466,636.0892098999466,636.1390994999674,636.7060157999513,,,,,636.7074343999848,637.2051867999835,637.2051867999835,638.2385919999797,,,,,,,,,,,,,,,,,,,,,,,,,,,,,,,,n,1,0.6072944999905303,None,n,1,1.0232433999772184,None,382515,001,2025-11-24_16h32.26.496,soloProject,,2025.1.1,59.797918905611944,2025-11-24 16h32.27.759841 +0530,
Faces/CFD-IM-736-361-N.jpg,n,jewelry,n,I,I,98,98,0,n,1,0.45730820001335815,None,n,1,0.45965800003614277,None,,,,,,,,,,,,,0,98,98,107,638.2839120999561,,,,,,,,,638.279449899972,638.2839120999561,638.7388489999576,638.7388489999576,638.7888317999896,639.2059353999794,,,,,639.2074301999528,639.7053352999501,639.7053352999501,640.1722846999764,,,,,,,,,,,,,,,,,,,,,,,,,,,,,,,,n,1,0.45730820001335815,None,n,1,0.45965800003614277,None,382515,001,2025-11-24_16h32.26.496,soloProject,,2025.1.1,59.797918905611944,2025-11-24 16h32.27.759841 +0530,
Faces/CFD-IM-736-361-N.jpg,n,beer,m,C,I,99,99,0,n,1,0.4945558999897912,None,m,1,0.7585835999925621,None,,,,,,,,,,,,,0,99,99,72,640.2183701999602,,,,,,,,,640.2140400999924,640.2183701999602,640.6720265999902,640.6720265999902,640.722153199953,641.172539799998,,,,,641.1735890999553,641.6883158999844,641.6883158999844,642.455961599946,,,,,,,,,,,,,,,,,,,,,,,,,,,,,,,,n,1,0.4945558999897912,None,m,1,0.7585835999925621,None,382515,001,2025-11-24_16h32.26.496,soloProject,,2025.1.1,59.797918905611944,2025-11-24 16h32.27.759841 +0530,
Faces/CFD-IF-601-519-N.jpg,m,jewelry,n,C,I,100,100,0,m,1,0.42378489999100566,None,n,1,0.5282493999693543,None,,,,,,,,,,,,,0,100,100,5,642.5116247999831,,,,,,,,,642.5069034999469,642.5116247999831,642.9553496999433,642.9553496999433,643.0228812999558,643.3900393999647,,,,,643.3931005999912,643.9052528999746,643.9052528999746,644.4389117999817,,,,,,,,,,,,,,,,,,,,,,,,,,,,,,,,m,1,0.42378489999100566,None,n,1,0.5282493999693543,None,382515,001,2025-11-24_16h32.26.496,soloProject,,2025.1.1,59.797918905611944,2025-11-24 16h32.27.759841 +0530,
Faces/CFD-IF-609-408-N.jpg,m,doll,n,C,I,101,101,0,m,1,0.5422830000170507,None,n,1,0.7391078999498859,None,,,,,,,,,,,,,0,101,101,25,644.4866509999847,,,,,,,,,644.4819820999983,644.4866509999847,644.9389118999825,644.9389118999825,644.9887051999685,645.4889878999675,,,,,645.4901551999501,645.9882796999882,645.9882796999882,646.7388792999554,,,,,,,,,,,,,,,,,,,,,,,,,,,,,,,,m,1,0.5422830000170507,None,n,1,0.7391078999498859,None,382515,001,2025-11-24_16h32.26.496,soloProject,,2025.1.1,59.797918905611944,2025-11-24 16h32.27.759841 +0530,
Faces/CFD-IM-739-012-N.jpg,n,perfume,n,I,I,102,102,0,n,1,0.7124436000012793,None,n,1,1.9918099000351503,None,,,,,,,,,,,,,0,102,102,114,646.7879994999967,,,,,,,,,646.7836929999758,646.7879994999967,647.2384107999969,647.2384107999969,647.2891039999668,647.9556648999569,,,,,647.9570760999923,648.4550933999708,648.4550933999708,650.4556913999841,,,,,,,,,,,,,,,,,,,,,,,,,,,,,,,,n,1,0.7124436000012793,None,n,1,1.9918099000351503,None,382515,001,2025-11-24_16h32.26.496,soloProject,,2025.1.1,59.797918905611944,2025-11-24 16h32.27.759841 +0530,
Faces/CFD-IM-739-012-N.jpg,n,hammer,m,C,I,103,103,0,n,1,0.6292811000021175,None,m,1,0.5737229000078514,None,,,,,,,,,,,,,0,103,103,85,650.5013600999955,,,,,,,,,650.4970049999538,650.5013600999955,650.9552301999647,650.9552301999647,651.0053071999573,651.5893689999939,,,,,651.5910295999493,652.1049492999446,652.1049492999446,652.6888599999947,,,,,,,,,,,,,,,,,,,,,,,,,,,,,,,,n,1,0.6292811000021175,None,m,1,0.5737229000078514,None,382515,001,2025-11-24_16h32.26.496,soloProject,,2025.1.1,59.797918905611944,2025-11-24 16h32.27.759841 +0530,
Faces/CFD-IM-731-223-N.jpg,n,doll,n,I,I,104,104,0,n,1,0.6147249999921769,None,m,0,1.2016169999842532,None,,,,,,,,,,,,,0,104,104,97,652.7352074999944,,,,,,,,,652.7306865999708,652.7352074999944,653.1888445999939,653.1888445999939,653.2389322999516,653.805288899981,,,,,653.8064440999879,654.3045906999614,654.3045906999614,655.5216600999702,,,,,,,,,,,,,,,,,,,,,,,,,,,,,,,,n,1,0.6147249999921769,None,m,0,1.2016169999842532,None,382515,001,2025-11-24_16h32.26.496,soloProject,,2025.1.1,59.797918905611944,2025-11-24 16h32.27.759841 +0530,
Faces/CFD-IM-736-361-N.jpg,n,briefcase,m,C,I,105,105,0,n,1,0.6937240000115708,None,m,1,0.709460099984426,None,,,,,,,,,,,,,0,105,105,75,655.5681501999497,,,,,,,,,655.5635909999837,655.5681501999497,656.0219143999857,656.0219143999857,656.0717911999673,656.7222054999438,,,,,656.7237412999966,657.2213302999735,657.2213302999735,657.938628999982,,,,,,,,,,,,,,,,,,,,,,,,,,,,,,,,n,1,0.6937240000115708,None,m,1,0.709460099984426,None,382515,001,2025-11-24_16h32.26.496,soloProject,,2025.1.1,59.797918905611944,2025-11-24 16h32.27.759841 +0530,
Faces/CFD-IF-602-134-N.jpg,m,jewelry,n,C,I,106,106,0,m,1,0.49968829995486885,None,n,1,0.6079793000244536,None,,,,,,,,,,,,,0,106,106,11,657.9840873999638,,,,,,,,,657.9796501999954,657.9840873999638,658.438577199995,658.438577199995,658.488731999998,658.9391895000008,,,,,658.9406139999628,659.4546025999589,659.4546025999589,660.0713458999526,,,,,,,,,,,,,,,,,,,,,,,,,,,,,,,,m,1,0.49968829995486885,None,n,1,0.6079793000244536,None,382515,001,2025-11-24_16h32.26.496,soloProject,,2025.1.1,59.797918905611944,2025-11-24 16h32.27.759841 +0530,
Faces/CFD-IM-728-041-N.jpg,n,flower,n,I,I,107,107,0,n,1,0.6797090999898501,None,n,1,0.5440256999572739,None,,,,,,,,,,,,,0,107,107,92,660.1194002999691,,,,,,,,,660.1147380999755,660.1194002999691,660.5721279999707,660.5721279999707,660.6220304999733,661.255735499959,,,,,661.2572316000005,661.7712505999953,661.7712505999953,662.3216986999614,,,,,,,,,,,,,,,,,,,,,,,,,,,,,,,,n,1,0.6797090999898501,None,n,1,0.5440256999572739,None,382515,001,2025-11-24_16h32.26.496,soloProject,,2025.1.1,59.797918905611944,2025-11-24 16h32.27.759841 +0530,
Faces/CFD-IF-601-519-N.jpg,m,beer,m,I,I,108,108,0,m,1,0.6573147000162862,None,m,1,2.364354800025467,None,,,,,,,,,,,,,0,108,108,30,662.3721480999957,,,,,,,,,662.3673827999737,662.3721480999957,662.8222165999468,662.8222165999468,662.8721013999893,663.4887230999884,,,,,663.4898308999836,663.9879471999593,663.9879471999593,666.3549280999578,,,,,,,,,,,,,,,,,,,,,,,,,,,,,,,,m,1,0.6573147000162862,None,m,1,2.364354800025467,None,382515,001,2025-11-24_16h32.26.496,soloProject,,2025.1.1,59.797918905611944,2025-11-24 16h32.27.759841 +0530,
Faces/CFD-IF-605-066-N.jpg,m,briefcase,m,I,I,109,109,0,m,1,0.7119493000209332,None,m,1,3.407031900016591,None,,,,,,,,,,,,,0,109,109,45,666.4020012999536,,,,,,,,,666.3978135999641,666.4020012999536,666.8554149999982,666.8554149999982,666.9053294999758,667.5722038999666,,,,,667.5733698999975,668.0878134999657,668.0878134999657,671.5051640999736,,,,,,,,,,,,,,,,,,,,,,,,,,,,,,,,m,1,0.7119493000209332,None,m,1,3.407031900016591,None,382515,001,2025-11-24_16h32.26.496,soloProject,,2025.1.1,59.797918905611944,2025-11-24 16h32.27.759841 +0530,
Faces/CFD-IM-736-361-N.jpg,n,doll,n,I,I,110,110,0,n,1,10.72669089998817,None,n,1,1.6288676999974996,None,,,,,,,,,,,,,0,110,110,103,671.5536948999506,,,,,,,,,671.5495280999457,671.5536948999506,672.0049940999597,672.0049940999597,672.0548123999615,682.7387348999619,,,,,682.739911099954,683.2545034999494,683.2545034999494,684.8880843999796,,,,,,,,,,,,,,,,,,,,,,,,,,,,,,,,n,1,10.72669089998817,None,n,1,1.6288676999974996,None,382515,001,2025-11-24_16h32.26.496,soloProject,,2025.1.1,59.797918905611944,2025-11-24 16h32.27.759841 +0530,
Faces/CFD-IF-605-066-N.jpg,m,hammer,m,I,I,111,111,0,m,1,0.7093226000433788,None,m,1,10.161423699988518,None,,,,,,,,,,,,,0,111,111,43,684.9430786999874,,,,,,,,,684.9388317999546,684.9430786999874,685.3887426999863,685.3887426999863,685.455913599988,686.1054283999838,,,,,686.108777299989,686.6207615999738,686.6207615999738,696.7877673999756,,,,,,,,,,,,,,,,,,,,,,,,,,,,,,,,m,1,0.7093226000433788,None,m,1,10.161423699988518,None,382515,001,2025-11-24_16h32.26.496,soloProject,,2025.1.1,59.797918905611944,2025-11-24 16h32.27.759841 +0530,
Faces/CFD-IF-609-408-N.jpg,m,flower,n,C,I,112,112,0,m,1,0.5476390999974683,None,n,1,0.5154243999859318,None,,,,,,,,,,,,,0,112,112,26,696.8335449000006,,,,,,,,,696.8287902000011,696.8335449000006,697.2883098999737,697.2883098999737,697.3376680999645,697.8378996999818,,,,,697.8394945999607,698.3382162999478,698.3382162999478,698.8550573999528,,,,,,,,,,,,,,,,,,,,,,,,,,,,,,,,m,1,0.5476390999974683,None,n,1,0.5154243999859318,None,382515,001,2025-11-24_16h32.26.496,soloProject,,2025.1.1,59.797918905611944,2025-11-24 16h32.27.759841 +0530,
Faces/CFD-IM-738-191-N.jpg,n,doll,n,I,I,113,113,0,n,1,0.5065646999864839,None,n,1,0.7841132000321522,None,,,,,,,,,,,,,0,113,113,109,698.9062487999909,,,,,,,,,698.9014982999652,698.9062487999909,699.3552744999761,699.3552744999761,699.4210184999974,699.8721444999683,,,,,699.8733034999459,700.3877146999585,700.3877146999585,701.1876643999713,,,,,,,,,,,,,,,,,,,,,,,,,,,,,,,,n,1,0.5065646999864839,None,n,1,0.7841132000321522,None,382515,001,2025-11-24_16h32.26.496,soloProject,,2025.1.1,59.797918905611944,2025-11-24 16h32.27.759841 +0530,
Faces/CFD-IM-739-012-N.jpg,n,flower,n,I,I,114,114,0,n,1,0.4015546999871731,None,m,0,1.0383617000188679,None,,,,,,,,,,,,,0,114,114,116,701.234302399971,,,,,,,,,701.2298255999922,701.234302399971,701.6878395999665,701.6878395999665,701.7378651999752,702.1048776999814,,,,,702.1062785999966,702.6039836999844,702.6039836999844,703.6546938999672,,,,,,,,,,,,,,,,,,,,,,,,,,,,,,,,n,1,0.4015546999871731,None,m,0,1.0383617000188679,None,382515,001,2025-11-24_16h32.26.496,soloProject,,2025.1.1,59.797918905611944,2025-11-24 16h32.27.759841 +0530,
Faces/CFD-IM-739-012-N.jpg,n,football,m,C,I,115,115,0,m,0,1.064772300014738,None,m,1,0.6269202999537811,None,,,,,,,,,,,,,0,115,115,89,703.6989209999447,,,,,,,,,703.6942872999934,703.6989209999447,704.154293999949,704.154293999949,704.204466599971,705.2211654999992,,,,,705.2224774999777,705.7206983999931,705.7206983999931,706.3542224999983,,,,,,,,,,,,,,,,,,,,,,,,,,,,,,,,m,0,1.064772300014738,None,m,1,0.6269202999537811,None,382515,001,2025-11-24_16h32.26.496,soloProject,,2025.1.1,59.797918905611944,2025-11-24 16h32.27.759841 +0530,
Faces/CFD-IM-728-041-N.jpg,n,bowtie,m,C,I,116,116,0,m,0,0.6827792000258341,None,m,1,0.5121915999916382,None,,,,,,,,,,,,,0,116,116,62,706.4005190999596,,,,,,,,,706.3964111999958,706.4005190999596,706.8544368000003,706.8544368000003,706.904834099987,707.5384327999782,,,,,707.5395605999511,708.0538946999586,708.0538946999586,708.5715047999984,,,,,,,,,,,,,,,,,,,,,,,,,,,,,,,,m,0,0.6827792000258341,None,m,1,0.5121915999916382,None,382515,001,2025-11-24_16h32.26.496,soloProject,,2025.1.1,59.797918905611944,2025-11-24 16h32.27.759841 +0530,
Faces/CFD-IM-731-223-N.jpg,n,jewelry,n,I,I,117,117,0,n,1,0.6786998000461608,None,n,1,0.5374673000187613,None,,,,,,,,,,,,,0,117,117,101,708.6181760999607,,,,,,,,,708.6137927999953,708.6181760999607,709.0713982999441,709.0713982999441,709.1213857999537,709.755264699983,,,,,709.756610899989,710.2704691999825,710.2704691999825,710.8210057999822,,,,,,,,,,,,,,,,,,,,,,,,,,,,,,,,n,1,0.6786998000461608,None,n,1,0.5374673000187613,None,382515,001,2025-11-24_16h32.26.496,soloProject,,2025.1.1,59.797918905611944,2025-11-24 16h32.27.759841 +0530,
Faces/CFD-IF-601-519-N.jpg,m,lipstick,n,C,I,118,118,0,m,1,0.4996044000145048,None,n,1,0.5595021000481211,None,,,,,,,,,,,,,0,118,118,4,710.8689986999962,,,,,,,,,710.8644286999479,710.8689986999962,711.3213571999804,711.3213571999804,711.3707852999796,711.8214573999867,,,,,711.8231787999975,712.3208710999461,712.3208710999461,712.8878258999903,,,,,,,,,,,,,,,,,,,,,,,,,,,,,,,,m,1,0.4996044000145048,None,n,1,0.5595021000481211,None,382515,001,2025-11-24_16h32.26.496,soloProject,,2025.1.1,59.797918905611944,2025-11-24 16h32.27.759841 +0530,
Faces/CFD-IF-605-066-N.jpg,m,lipstick,n,C,I,119,119,0,m,1,0.5446422000532039,None,n,1,0.46253390004858375,None,,,,,,,,,,,,,0,119,119,16,712.9345891999546,,,,,,,,,712.9301439999836,712.9345891999546,713.3880411999999,713.3880411999999,713.4379000999616,713.9384481999441,,,,,713.938495499955,714.4539209999493,714.4539209999493,714.921601799957,,,,,,,,,,,,,,,,,,,,,,,,,,,,,,,,m,1,0.5446422000532039,None,n,1,0.46253390004858375,None,382515,001,2025-11-24_16h32.26.496,soloProject,,2025.1.1,59.797918905611944,2025-11-24 16h32.27.759841 +0530,
