Image,corr_res1,target,corr_res2,ss_compat,sr_compat,thisN,thisTrialN,thisRepN,key_resp.keys,key_resp.corr,key_resp.rt,key_resp.duration,key_resp_2.keys,key_resp_2.corr,key_resp_2.rt,key_resp_2.duration,sr_inc,trials_2.thisRepN,trials_2.thisTrialN,trials_2.thisN,trials_2.thisIndex,trials.thisRepN,trials.thisTrialN,trials.thisN,trials.thisIndex,trials_3.thisRepN,trials_3.thisTrialN,trials_3.thisN,trials_3.thisIndex,trials_4.thisRepN,trials_4.thisTrialN,trials_4.thisN,trials_4.thisIndex,thisRow.t,notes,instructions.started,text_2.started,key_resp_3.started,instructions.stopped,key_resp_3.keys,key_resp_3.rt,key_resp_3.duration,trial.started,fixation.started,image_prime.started,key_resp.started,fixation.stopped,trial.stopped,trials_2.key_resp.keys,trials_2.key_resp.corr,trials_2.key_resp.rt,trials_2.key_resp.duration,trial2.started,text.started,key_resp_2.started,trial2.stopped,trials_2.key_resp_2.keys,trials_2.key_resp_2.corr,trials_2.key_resp_2.rt,trials_2.key_resp_2.duration,begin.started,text_4.started,text_4.stopped,begin.stopped,trials.key_resp.keys,trials.key_resp.corr,trials.key_resp.rt,trials.key_resp.duration,trials.key_resp_2.keys,trials.key_resp_2.corr,trials.key_resp_2.rt,trials.key_resp_2.duration,instructions2.started,text_3.started,key_resp_4.started,instructions2.stopped,key_resp_4.keys,key_resp_4.rt,key_resp_4.duration,trials_3.key_resp.keys,trials_3.key_resp.corr,trials_3.key_resp.rt,trials_3.key_resp.duration,trials_3.key_resp_2.keys,trials_3.key_resp_2.corr,trials_3.key_resp_2.rt,trials_3.key_resp_2.duration,trials_4.key_resp.keys,trials_4.key_resp.corr,trials_4.key_resp.rt,trials_4.key_resp.duration,trials_4.key_resp_2.keys,trials_4.key_resp_2.corr,trials_4.key_resp_2.rt,trials_4.key_resp_2.duration,participant,session,date,expName,expVersion,psychopyVersion,frameRate,expStart,
,,,,,,,,,,,,,,,,,,,,,,,,,,,,,,,,,,,,0.002838199958205223,0.006757199997082353,0.006757199997082353,4.503283099969849,space,4.483669800043572,None,,,,,,,,,,,,,,,,,,,,,,,,,,,,,,,,,,,,,,,,,,,,,,,,,,,,,,755668,001,2025-11-24_02h22.23.587,soloProject,,2025.1.1,60.31133921389025,2025-11-24 02h22.24.863926 +0530,
Faces/CFD-IM-731-223-N.jpg,m,lipstick,n,I,C,0,0,0,m,1,0.6464961000019684,None,n,1,0.8560943000484258,None,,0,0,0,10,,,,,,,,,,,,,4.582496299990453,,,,,,,,,4.5745157999917865,4.582496299990453,5.016414599958807,5.016414599958807,5.083081299962942,5.666898099996615,m,1,0.6464961000019684,None,5.668674899963662,6.182479999959469,6.182479999959469,7.049430699960794,n,1,0.8560943000484258,None,,,,,,,,,,,,,,,,,,,,,,,,,,,,,,,,,,,,755668,001,2025-11-24_02h22.23.587,soloProject,,2025.1.1,60.31133921389025,2025-11-24 02h22.24.863926 +0530,
Faces/CFD-IF-601-519-N.jpg,n,flower,n,C,C,1,1,0,n,1,0.6519232999999076,None,n,1,0.5950464999768883,None,,0,1,1,2,,,,,,,,,,,,,7.1072294999612495,,,,,,,,,7.102318099990953,7.1072294999612495,7.550238999945577,7.550238999945577,7.616293400002178,8.216473899956327,n,1,0.6519232999999076,None,8.217814299976453,8.716030499956105,8.716030499956105,9.316104399971664,n,1,0.5950464999768883,None,,,,,,,,,,,,,,,,,,,,,,,,,,,,,,,,,,,,755668,001,2025-11-24_02h22.23.587,soloProject,,2025.1.1,60.31133921389025,2025-11-24 02h22.24.863926 +0530,
Faces/CFD-IF-602-134-N.jpg,n,hammer,m,I,C,2,2,0,n,1,0.4423638000153005,None,m,1,0.5050194000359625,None,,0,2,2,4,,,,,,,,,,,,,9.371027099958155,,,,,,,,,9.366474499984179,9.371027099958155,9.816593899973668,9.816593899973668,9.883351999975275,10.266446399968117,n,1,0.4423638000153005,None,10.2677586999489,10.766093599959277,10.766093599959277,11.283213999995496,m,1,0.5050194000359625,None,,,,,,,,,,,,,,,,,,,,,,,,,,,,,,,,,,,,755668,001,2025-11-24_02h22.23.587,soloProject,,2025.1.1,60.31133921389025,2025-11-24 02h22.24.863926 +0530,
Faces/CFD-IM-728-041-N.jpg,m,cigar,m,C,C,3,3,0,m,1,0.5001739000435919,None,m,1,0.5534548000432551,None,,0,3,3,7,,,,,,,,,,,,,11.337484899966512,,,,,,,,,11.332135699980427,11.337484899966512,11.783682099950965,11.783682099950965,11.850532699958421,12.284359999990556,m,1,0.5001739000435919,None,12.285847099963576,12.798903499962762,12.798903499962762,13.365951399959158,m,1,0.5534548000432551,None,,,,,,,,,,,,,,,,,,,,,,,,,,,,,,,,,,,,755668,001,2025-11-24_02h22.23.587,soloProject,,2025.1.1,60.31133921389025,2025-11-24 02h22.24.863926 +0530,
Faces/CFD-IM-728-041-N.jpg,m,football,m,C,C,4,4,0,m,1,1.617971799976658,None,m,1,1.5847037000348791,None,,0,4,4,8,,,,,,,,,,,,,13.421329199976753,,,,,,,,,13.416692600003444,13.421329199976753,13.866193199995905,13.866193199995905,13.932864099973813,15.50113239994971,m,1,1.617971799976658,None,15.502804699994158,16.015634499955922,16.015634499955922,17.616254499997012,m,1,1.5847037000348791,None,,,,,,,,,,,,,,,,,,,,,,,,,,,,,,,,,,,,755668,001,2025-11-24_02h22.23.587,soloProject,,2025.1.1,60.31133921389025,2025-11-24 02h22.24.863926 +0530,
Faces/CFD-IM-731-223-N.jpg,m,dress,n,I,C,5,5,0,m,1,0.7086161999613978,None,n,1,1.6382784000015818,None,,0,5,5,9,,,,,,,,,,,,,17.67313439998543,,,,,,,,,17.66857339994749,17.67313439998543,18.116156399948522,18.116156399948522,18.183010799984913,18.833102299948223,m,1,0.7086161999613978,None,18.83440900000278,19.33277189999353,19.33277189999353,20.982610199949704,n,1,1.6382784000015818,None,,,,,,,,,,,,,,,,,,,,,,,,,,,,,,,,,,,,755668,001,2025-11-24_02h22.23.587,soloProject,,2025.1.1,60.31133921389025,2025-11-24 02h22.24.863926 +0530,
Faces/CFD-IF-602-134-N.jpg,n,bowtie,m,I,C,6,6,0,n,1,0.7838937999913469,None,m,1,0.5865113000036217,None,,0,6,6,5,,,,,,,,,,,,,21.03883539995877,,,,,,,,,21.03329739999026,21.03883539995877,21.48262089997297,21.48262089997297,21.549309999973048,22.283613199950196,n,1,0.7838937999913469,None,22.28499809995992,22.798576499975752,22.798576499975752,23.399481799977366,m,1,0.5865113000036217,None,,,,,,,,,,,,,,,,,,,,,,,,,,,,,,,,,,,,755668,001,2025-11-24_02h22.23.587,soloProject,,2025.1.1,60.31133921389025,2025-11-24 02h22.24.863926 +0530,
Faces/CFD-IF-601-519-N.jpg,n,doll,n,C,C,7,7,0,n,1,0.8412358000059612,None,n,1,0.796959400002379,None,,0,7,7,1,,,,,,,,,,,,,23.45304120000219,,,,,,,,,23.448480999970343,23.45304120000219,23.89966389996698,23.89966389996698,23.965870999963954,24.74960609996924,n,1,0.8412358000059612,None,24.751552799949422,25.24860799999442,25.24860799999442,26.048779499949887,n,1,0.796959400002379,None,,,,,,,,,,,,,,,,,,,,,,,,,,,,,,,,,,,,755668,001,2025-11-24_02h22.23.587,soloProject,,2025.1.1,60.31133921389025,2025-11-24 02h22.24.863926 +0530,
Faces/CFD-IF-601-519-N.jpg,n,perfume,n,C,C,8,8,0,n,1,0.7256837000022642,None,n,1,1.335918600030709,None,,0,8,8,0,,,,,,,,,,,,,26.10550669999793,,,,,,,,,26.10020099999383,26.10550669999793,26.550014499982353,26.550014499982353,26.61584079999011,27.283853199973237,n,1,0.7256837000022642,None,27.285186299995985,27.798813399975188,27.798813399975188,29.149234999960754,n,1,1.335918600030709,None,,,,,,,,,,,,,,,,,,,,,,,,,,,,,,,,,,,,755668,001,2025-11-24_02h22.23.587,soloProject,,2025.1.1,60.31133921389025,2025-11-24 02h22.24.863926 +0530,
Faces/CFD-IF-602-134-N.jpg,n,beer,m,I,C,9,9,0,n,1,0.4930058000027202,None,m,1,0.5672989999875426,None,,0,9,9,3,,,,,,,,,,,,,29.206337699957658,,,,,,,,,29.20206669997424,29.206337699957658,29.64951789996121,29.64951789996121,29.715765199973248,30.149481799977366,n,1,0.4930058000027202,None,30.15062669996405,30.648582499998156,30.648582499998156,31.216323999979068,m,1,0.5672989999875426,None,,,,,,,,,,,,,,,,,,,,,,,,,,,,,,,,,,,,755668,001,2025-11-24_02h22.23.587,soloProject,,2025.1.1,60.31133921389025,2025-11-24 02h22.24.863926 +0530,
Faces/CFD-IM-731-223-N.jpg,m,jewelry,n,I,C,10,10,0,m,1,0.5027968999929726,None,n,1,0.5398027999908663,None,,0,10,10,11,,,,,,,,,,,,,31.268974499951582,,,,,,,,,31.264364000002388,31.268974499951582,31.715736699989066,31.715736699989066,31.782279199978802,32.23308759997599,m,1,0.5027968999929726,None,32.23572359996615,32.73210919997655,32.73210919997655,33.282327499997336,n,1,0.5398027999908663,None,,,,,,,,,,,,,,,,,,,,,,,,,,,,,,,,,,,,755668,001,2025-11-24_02h22.23.587,soloProject,,2025.1.1,60.31133921389025,2025-11-24 02h22.24.863926 +0530,
Faces/CFD-IM-728-041-N.jpg,m,briefcase,m,C,C,11,11,0,m,1,1.4045912000001408,None,m,1,1.1543893999769352,None,,0,11,11,6,,,,,,,,,,,,,33.33665069995914,,,,,,,,,33.331877499993425,33.33665069995914,33.782843599969056,33.782843599969056,33.8489609999815,35.200365800003055,m,1,1.4045912000001408,None,35.20161699998425,35.71530669997446,35.71530669997446,36.88243949995376,m,1,1.1543893999769352,None,,,,,,,,,,,,,,,,,,,,,,,,,,,,,,,,,,,,755668,001,2025-11-24_02h22.23.587,soloProject,,2025.1.1,60.31133921389025,2025-11-24 02h22.24.863926 +0530,
,,,,,,,,,,,,,,,,,,,,,,,,,,,,,,,,,,,,,,,,,,,,,,,,,,,,,,,,,,,,,36.88251059997128,36.89880309998989,38.44627610000316,38.38234149996424,,,,,,,,,,,,,,,,,,,,,,,,,,,,,,,,755668,001,2025-11-24_02h22.23.587,soloProject,,2025.1.1,60.31133921389025,2025-11-24 02h22.24.863926 +0530,
Faces/CFD-IM-731-223-N.jpg,m,lipstick,n,I,,0,0,0,m,1,0.5278075000387616,None,n,1,0.5763828000053763,None,C,,,,,0,0,0,100,,,,,,,,,38.44627610000316,,,,,,,,,38.44233799999347,38.44627610000316,38.8826670999988,38.8826670999988,38.94903279998107,39.41626039997209,,,,,39.418120499991346,39.93167649995303,39.93167649995303,40.51554880000185,,,,,,,,,m,1,0.5278075000387616,None,n,1,0.5763828000053763,None,,,,,,,,,,,,,,,,,,,,,,,,755668,001,2025-11-24_02h22.23.587,soloProject,,2025.1.1,60.31133921389025,2025-11-24 02h22.24.863926 +0530,
Faces/CFD-IM-738-191-N.jpg,m,lipstick,n,I,,1,1,0,m,1,0.5503550000139512,None,n,1,0.5695011999923736,None,C,,,,,0,1,1,112,,,,,,,,,40.578241399955004,,,,,,,,,40.57328669994604,40.578241399955004,41.015547699993476,41.015547699993476,41.08259609999368,41.56610619998537,,,,,41.566151799983345,42.0651829999988,42.0651829999988,42.64850249997107,,,,,,,,,m,1,0.5503550000139512,None,n,1,0.5695011999923736,None,,,,,,,,,,,,,,,,,,,,,,,,755668,001,2025-11-24_02h22.23.587,soloProject,,2025.1.1,60.31133921389025,2025-11-24 02h22.24.863926 +0530,
Faces/CFD-IF-602-134-N.jpg,n,dress,n,C,,2,2,0,m,0,0.5034979999763891,None,n,1,0.8127145000034943,None,C,,,,,0,2,2,9,,,,,,,,,42.69863579998491,,,,,,,,,42.693776300002355,42.69863579998491,43.14911849994678,43.14911849994678,43.19966589997057,43.6655688000028,,,,,43.66682479996234,44.165169599989895,44.165169599989895,44.98225249996176,,,,,,,,,m,0,0.5034979999763891,None,n,1,0.8127145000034943,None,,,,,,,,,,,,,,,,,,,,,,,,755668,001,2025-11-24_02h22.23.587,soloProject,,2025.1.1,60.31133921389025,2025-11-24 02h22.24.863926 +0530,
Faces/CFD-IM-738-191-N.jpg,m,briefcase,m,C,,3,3,0,m,1,1.3203387000248767,None,m,1,2.0540526999975555,None,C,,,,,0,3,3,81,,,,,,,,,45.03241739998339,,,,,,,,,45.028079899959266,45.03241739998339,45.48232469998766,45.48232469998766,45.53212109999731,46.816483000002336,,,,,46.81776379997609,47.33271509996848,47.33271509996848,49.39918859995669,,,,,,,,,m,1,1.3203387000248767,None,m,1,2.0540526999975555,None,,,,,,,,,,,,,,,,,,,,,,,,755668,001,2025-11-24_02h22.23.587,soloProject,,2025.1.1,60.31133921389025,2025-11-24 02h22.24.863926 +0530,
Faces/CFD-IM-728-041-N.jpg,m,jewelry,n,I,,4,4,0,m,1,0.4357046000077389,None,n,1,0.6132652999949642,None,C,,,,,0,4,4,95,,,,,,,,,49.449318999948446,,,,,,,,,49.44463819998782,49.449318999948446,49.89884819998406,49.89884819998406,49.94869659998221,50.349413399992045,,,,,50.35106379998615,50.864957199955825,50.864957199955825,51.48256119998405,,,,,,,,,m,1,0.4357046000077389,None,n,1,0.6132652999949642,None,,,,,,,,,,,,,,,,,,,,,,,,755668,001,2025-11-24_02h22.23.587,soloProject,,2025.1.1,60.31133921389025,2025-11-24 02h22.24.863926 +0530,
Faces/CFD-IF-605-066-N.jpg,n,dress,n,C,,5,5,0,n,1,0.5873029000358656,None,n,1,0.6611135000130162,None,C,,,,,0,5,5,15,,,,,,,,,51.53465980000328,,,,,,,,,51.529266999976244,51.53465980000328,51.999402399989776,51.999402399989776,52.04891489999136,52.60009689995786,,,,,52.60131249995902,53.114830999984406,53.114830999984406,53.78197159996489,,,,,,,,,n,1,0.5873029000358656,None,n,1,0.6611135000130162,None,,,,,,,,,,,,,,,,,,,,,,,,755668,001,2025-11-24_02h22.23.587,soloProject,,2025.1.1,60.31133921389025,2025-11-24 02h22.24.863926 +0530,
Faces/CFD-IM-738-191-N.jpg,m,jewelry,n,I,,6,6,0,m,1,0.5933209999930114,None,n,1,0.6672231000266038,None,C,,,,,0,6,6,113,,,,,,,,,53.835073700000066,,,,,,,,,53.83039540000027,53.835073700000066,54.28191209997749,54.28191209997749,54.34964369999943,54.882792499964125,,,,,54.884243899956346,55.382128199969884,55.382128199969884,56.049707899976056,,,,,,,,,m,1,0.5933209999930114,None,n,1,0.6672231000266038,None,,,,,,,,,,,,,,,,,,,,,,,,755668,001,2025-11-24_02h22.23.587,soloProject,,2025.1.1,60.31133921389025,2025-11-24 02h22.24.863926 +0530,
Faces/CFD-IF-609-408-N.jpg,n,jewelry,n,C,,7,7,0,n,1,0.6331637999974191,None,n,1,1.0799950000364333,None,C,,,,,0,7,7,29,,,,,,,,,56.10733849997632,,,,,,,,,56.102826999966055,56.10733849997632,56.56543719995534,56.56543719995534,56.61543169996003,57.19943079998484,,,,,57.19949379999889,57.71494039997924,57.71494039997924,58.79903329996159,,,,,,,,,n,1,0.6331637999974191,None,n,1,1.0799950000364333,None,,,,,,,,,,,,,,,,,,,,,,,,755668,001,2025-11-24_02h22.23.587,soloProject,,2025.1.1,60.31133921389025,2025-11-24 02h22.24.863926 +0530,
Faces/CFD-IF-601-519-N.jpg,n,dress,n,C,,8,8,0,n,1,0.8114415000309236,None,n,1,0.6847261000075378,None,C,,,,,0,8,8,3,,,,,,,,,58.84800209995592,,,,,,,,,58.84348499996122,58.84800209995592,59.29877409996698,59.29877409996698,59.348692299972754,60.11570609995397,,,,,60.118119699996896,60.6147388999816,60.6147388999816,61.31526839995058,,,,,,,,,n,1,0.8114415000309236,None,n,1,0.6847261000075378,None,,,,,,,,,,,,,,,,,,,,,,,,755668,001,2025-11-24_02h22.23.587,soloProject,,2025.1.1,60.31133921389025,2025-11-24 02h22.24.863926 +0530,
Faces/CFD-IF-605-066-N.jpg,n,briefcase,m,I,,9,9,0,n,1,0.488588499953039,None,m,1,1.0820952999638394,None,C,,,,,0,9,9,45,,,,,,,,,61.3626126999734,,,,,,,,,61.358521099959034,61.3626126999734,61.81840279995231,61.81840279995231,61.865316699957475,62.31594629999017,,,,,62.3171919999877,62.8324120999896,62.8324120999896,63.91508619999513,,,,,,,,,n,1,0.488588499953039,None,m,1,1.0820952999638394,None,,,,,,,,,,,,,,,,,,,,,,,,755668,001,2025-11-24_02h22.23.587,soloProject,,2025.1.1,60.31133921389025,2025-11-24 02h22.24.863926 +0530,
Faces/CFD-IM-739-012-N.jpg,m,briefcase,m,C,,10,10,0,m,1,0.4914901999873109,None,m,1,0.5537670999765396,None,C,,,,,0,10,10,87,,,,,,,,,63.97275289997924,,,,,,,,,63.96807229996193,63.97275289997924,64.41542589996243,64.41542589996243,64.48214159999043,64.91694069997175,,,,,64.91699109994806,65.43129099998623,65.43129099998623,65.9986972999759,,,,,,,,,m,1,0.4914901999873109,None,m,1,0.5537670999765396,None,,,,,,,,,,,,,,,,,,,,,,,,755668,001,2025-11-24_02h22.23.587,soloProject,,2025.1.1,60.31133921389025,2025-11-24 02h22.24.863926 +0530,
Faces/CFD-IF-601-519-N.jpg,n,beer,m,I,,11,11,0,n,1,0.45496150001417845,None,m,1,0.5598721000133082,None,C,,,,,0,11,11,30,,,,,,,,,66.0508435999509,,,,,,,,,66.04577899997821,66.0508435999509,66.49839589995099,66.49839589995099,66.5662791999639,66.96566180000082,,,,,66.96694749995368,67.48157959996024,67.48157959996024,68.04902019997826,,,,,,,,,n,1,0.45496150001417845,None,m,1,0.5598721000133082,None,,,,,,,,,,,,,,,,,,,,,,,,755668,001,2025-11-24_02h22.23.587,soloProject,,2025.1.1,60.31133921389025,2025-11-24 02h22.24.863926 +0530,
Faces/CFD-IM-739-012-N.jpg,m,flower,n,I,,12,12,0,m,1,0.9450212000519969,None,n,1,0.8635606999741867,None,C,,,,,0,12,12,116,,,,,,,,,68.09933939995244,,,,,,,,,68.09426919999532,68.09933939995244,68.5485417000018,68.5485417000018,68.60159859998384,69.49974459997611,,,,,69.50125689996639,70.01478329999372,70.01478329999372,70.88158109999495,,,,,,,,,m,1,0.9450212000519969,None,n,1,0.8635606999741867,None,,,,,,,,,,,,,,,,,,,,,,,,755668,001,2025-11-24_02h22.23.587,soloProject,,2025.1.1,60.31133921389025,2025-11-24 02h22.24.863926 +0530,
Faces/CFD-IM-728-041-N.jpg,m,doll,n,I,,13,13,0,m,1,3.396525499993004,None,n,1,0.5692850000341423,None,C,,,,,0,13,13,91,,,,,,,,,70.93243099999381,,,,,,,,,70.92805989994667,70.93243099999381,71.38185549998889,71.38185549998889,71.4317122999928,74.78217459999723,,,,,74.78368469997076,75.28246959997341,75.28246959997341,75.86505189997843,,,,,,,,,m,1,3.396525499993004,None,n,1,0.5692850000341423,None,,,,,,,,,,,,,,,,,,,,,,,,755668,001,2025-11-24_02h22.23.587,soloProject,,2025.1.1,60.31133921389025,2025-11-24 02h22.24.863926 +0530,
Faces/CFD-IF-602-134-N.jpg,n,lipstick,n,C,,14,14,0,n,1,0.4420140999718569,None,n,1,0.49643549998290837,None,C,,,,,0,14,14,10,,,,,,,,,75.91969749995042,,,,,,,,,75.91502349998336,75.91969749995042,76.36652549996506,76.36652549996506,76.43182649998926,76.81535689998418,,,,,76.8167267999961,77.31472319999011,77.31472319999011,77.81485999998404,,,,,,,,,n,1,0.4420140999718569,None,n,1,0.49643549998290837,None,,,,,,,,,,,,,,,,,,,,,,,,755668,001,2025-11-24_02h22.23.587,soloProject,,2025.1.1,60.31133921389025,2025-11-24 02h22.24.863926 +0530,
Faces/CFD-IM-739-012-N.jpg,m,doll,n,I,,15,15,0,m,1,1.158434099983424,None,n,1,0.5103661000030115,None,C,,,,,0,15,15,115,,,,,,,,,77.86561859998619,,,,,,,,,77.86117679998279,77.86561859998619,78.31559989997186,78.31559989997186,78.36533649999183,79.48174209997524,,,,,79.48305509996135,79.98159819998546,79.98159819998546,80.49870409996947,,,,,,,,,m,1,1.158434099983424,None,n,1,0.5103661000030115,None,,,,,,,,,,,,,,,,,,,,,,,,755668,001,2025-11-24_02h22.23.587,soloProject,,2025.1.1,60.31133921389025,2025-11-24 02h22.24.863926 +0530,
Faces/CFD-IF-602-134-N.jpg,n,briefcase,m,I,,16,16,0,n,1,0.4818989000050351,None,m,1,0.7719784999499097,None,C,,,,,0,16,16,39,,,,,,,,,80.55357639997965,,,,,,,,,80.54898959997809,80.55357639997965,80.99861859995872,80.99861859995872,81.06505509995623,81.48236309998902,,,,,81.48362409998663,81.9979368999484,81.9979368999484,82.7819840000011,,,,,,,,,n,1,0.4818989000050351,None,m,1,0.7719784999499097,None,,,,,,,,,,,,,,,,,,,,,,,,755668,001,2025-11-24_02h22.23.587,soloProject,,2025.1.1,60.31133921389025,2025-11-24 02h22.24.863926 +0530,
Faces/CFD-IM-738-191-N.jpg,m,cigar,m,C,,17,17,0,m,1,1.835562199994456,None,m,1,0.6490151999751106,None,C,,,,,0,17,17,82,,,,,,,,,82.83176849997835,,,,,,,,,82.82720449997578,82.83176849997835,83.28264749998925,83.28264749998925,83.33188029995654,85.13215219997801,,,,,85.13370389997726,85.64787179999985,85.64787179999985,86.29840969998622,,,,,,,,,m,1,1.835562199994456,None,m,1,0.6490151999751106,None,,,,,,,,,,,,,,,,,,,,,,,,755668,001,2025-11-24_02h22.23.587,soloProject,,2025.1.1,60.31133921389025,2025-11-24 02h22.24.863926 +0530,
Faces/CFD-IM-739-012-N.jpg,m,bowtie,m,C,,18,18,0,m,1,0.46077110001351684,None,m,1,0.5619579000049271,None,C,,,,,0,18,18,86,,,,,,,,,86.34948669996811,,,,,,,,,86.34431099996436,86.34948669996811,86.79845859995112,86.79845859995112,86.86543159995927,87.26534419995733,,,,,87.26691919995937,87.78096449997975,87.78096449997975,88.34793759998865,,,,,,,,,m,1,0.46077110001351684,None,m,1,0.5619579000049271,None,,,,,,,,,,,,,,,,,,,,,,,,755668,001,2025-11-24_02h22.23.587,soloProject,,2025.1.1,60.31133921389025,2025-11-24 02h22.24.863926 +0530,
Faces/CFD-IM-731-223-N.jpg,m,football,m,C,,19,19,0,m,1,0.5318996999994852,None,m,1,0.8755584000027739,None,C,,,,,0,19,19,71,,,,,,,,,88.40376659994945,,,,,,,,,88.39805299998261,88.40376659994945,88.84937999997055,88.84937999997055,88.91472079994855,89.38171369995689,,,,,89.38465199997881,89.88116180000361,89.88116180000361,90.76558919996023,,,,,,,,,m,1,0.5318996999994852,None,m,1,0.8755584000027739,None,,,,,,,,,,,,,,,,,,,,,,,,755668,001,2025-11-24_02h22.23.587,soloProject,,2025.1.1,60.31133921389025,2025-11-24 02h22.24.863926 +0530,
Faces/CFD-IM-736-361-N.jpg,m,cigar,m,C,,20,20,0,m,1,0.36165650002658367,None,m,1,0.491185899998527,None,C,,,,,0,20,20,76,,,,,,,,,90.82621289999224,,,,,,,,,90.82047039997997,90.82621289999224,91.28157019999344,91.28157019999344,91.33214479999151,91.64925099996617,,,,,91.65053829998942,92.16438649996417,92.16438649996417,92.66543289995752,,,,,,,,,m,1,0.36165650002658367,None,m,1,0.491185899998527,None,,,,,,,,,,,,,,,,,,,,,,,,755668,001,2025-11-24_02h22.23.587,soloProject,,2025.1.1,60.31133921389025,2025-11-24 02h22.24.863926 +0530,
Faces/CFD-IF-602-134-N.jpg,n,jewelry,n,C,,21,21,0,n,1,0.684245300013572,None,n,1,0.4629543999908492,None,C,,,,,0,21,21,11,,,,,,,,,92.72190169995883,,,,,,,,,92.71742049994646,92.72190169995883,93.16524789994583,93.16524789994583,93.23240449995501,93.86529519996839,,,,,93.86659849999705,94.36456119996728,94.36456119996728,94.83140879997518,,,,,,,,,n,1,0.684245300013572,None,n,1,0.4629543999908492,None,,,,,,,,,,,,,,,,,,,,,,,,755668,001,2025-11-24_02h22.23.587,soloProject,,2025.1.1,60.31133921389025,2025-11-24 02h22.24.863926 +0530,
Faces/CFD-IM-731-223-N.jpg,m,dress,n,I,,22,22,0,m,1,0.694544100027997,None,n,1,0.6049120000097901,None,C,,,,,0,22,22,99,,,,,,,,,94.88759679999202,,,,,,,,,94.88331119995564,94.88759679999202,95.33196599996882,95.33196599996882,95.39822729997104,96.0316887999652,,,,,96.03292009996949,96.53107889997773,96.53107889997773,97.14795689994935,,,,,,,,,m,1,0.694544100027997,None,n,1,0.6049120000097901,None,,,,,,,,,,,,,,,,,,,,,,,,755668,001,2025-11-24_02h22.23.587,soloProject,,2025.1.1,60.31133921389025,2025-11-24 02h22.24.863926 +0530,
Faces/CFD-IF-608-390-N.jpg,n,bowtie,m,I,,23,23,0,n,1,0.6306764999753796,None,m,1,0.934186500031501,None,C,,,,,0,23,23,50,,,,,,,,,97.21026099997107,,,,,,,,,97.2047013999545,97.21026099997107,97.64875009999378,97.64875009999378,97.71491519996198,98.28169049997814,,,,,98.28308009996545,98.78091869998025,98.78091869998025,99.715578000003,,,,,,,,,n,1,0.6306764999753796,None,m,1,0.934186500031501,None,,,,,,,,,,,,,,,,,,,,,,,,755668,001,2025-11-24_02h22.23.587,soloProject,,2025.1.1,60.31133921389025,2025-11-24 02h22.24.863926 +0530,
Faces/CFD-IF-608-390-N.jpg,n,hammer,m,I,,24,24,0,n,1,0.9753020000061952,None,m,1,1.2297264999942854,None,C,,,,,0,24,24,49,,,,,,,,,99.7685110999737,,,,,,,,,99.76402259996394,99.7685110999737,100.23123419994954,100.23123419994954,100.28155489999335,101.21534769999562,,,,,101.21750229998725,101.73138479999034,101.73138479999034,102.96479179995367,,,,,,,,,n,1,0.9753020000061952,None,m,1,1.2297264999942854,None,,,,,,,,,,,,,,,,,,,,,,,,755668,001,2025-11-24_02h22.23.587,soloProject,,2025.1.1,60.31133921389025,2025-11-24 02h22.24.863926 +0530,
Faces/CFD-IF-605-066-N.jpg,n,cigar,m,I,,25,25,0,n,1,0.5782829000381753,None,m,1,0.5571092000463977,None,C,,,,,0,25,25,46,,,,,,,,,103.0208646999672,,,,,,,,,103.01625849999255,103.0208646999672,103.46530939999502,103.46530939999502,103.5312698999769,104.04865099996096,,,,,104.05010429996764,104.56425319996197,104.56425319996197,105.13123339996673,,,,,,,,,n,1,0.5782829000381753,None,m,1,0.5571092000463977,None,,,,,,,,,,,,,,,,,,,,,,,,755668,001,2025-11-24_02h22.23.587,soloProject,,2025.1.1,60.31133921389025,2025-11-24 02h22.24.863926 +0530,
Faces/CFD-IF-609-408-N.jpg,n,perfume,n,C,,26,26,0,m,0,1.0624689999967813,None,n,1,0.8094195000012405,None,C,,,,,0,26,26,24,,,,,,,,,105.18798549997155,,,,,,,,,105.18330949998926,105.18798549997155,105.63126469997223,105.63126469997223,105.69791209994582,106.69867329997942,,,,,106.70013589999871,107.21459049999248,107.21459049999248,108.03122019994771,,,,,,,,,m,0,1.0624689999967813,None,n,1,0.8094195000012405,None,,,,,,,,,,,,,,,,,,,,,,,,755668,001,2025-11-24_02h22.23.587,soloProject,,2025.1.1,60.31133921389025,2025-11-24 02h22.24.863926 +0530,
Faces/CFD-IF-608-390-N.jpg,n,briefcase,m,I,,27,27,0,n,1,1.0187772000208497,None,m,1,0.7897354999440722,None,C,,,,,0,27,27,51,,,,,,,,,108.08817899995483,,,,,,,,,108.08270969998557,108.08817899995483,108.53238930000225,108.53238930000225,108.59838989999844,109.56534259999171,,,,,109.56660540000303,110.0807627000031,110.0807627000031,110.8810551999486,,,,,,,,,n,1,1.0187772000208497,None,m,1,0.7897354999440722,None,,,,,,,,,,,,,,,,,,,,,,,,755668,001,2025-11-24_02h22.23.587,soloProject,,2025.1.1,60.31133921389025,2025-11-24 02h22.24.863926 +0530,
Faces/CFD-IF-609-408-N.jpg,n,flower,n,C,,28,28,0,n,1,1.6058583999983966,None,n,1,1.7826168999890797,None,C,,,,,0,28,28,26,,,,,,,,,110.93877659999998,,,,,,,,,110.93378019996453,110.93877659999998,111.38110810000217,111.38110810000217,111.44777229998726,112.998954199953,,,,,113.00041569996392,113.49772949999897,113.49772949999897,115.28167469997425,,,,,,,,,n,1,1.6058583999983966,None,n,1,1.7826168999890797,None,,,,,,,,,,,,,,,,,,,,,,,,755668,001,2025-11-24_02h22.23.587,soloProject,,2025.1.1,60.31133921389025,2025-11-24 02h22.24.863926 +0530,
Faces/CFD-IF-605-066-N.jpg,n,hammer,m,I,,29,29,0,n,1,0.979865700006485,None,m,1,0.8447806999902241,None,C,,,,,0,29,29,43,,,,,,,,,115.3381315000006,,,,,,,,,115.33321819995763,115.3381315000006,115.78114719997393,115.78114719997393,115.8490618999931,116.7657651999616,,,,,116.7672176999622,117.28148169995984,117.28148169995984,118.13114029995631,,,,,,,,,n,1,0.979865700006485,None,m,1,0.8447806999902241,None,,,,,,,,,,,,,,,,,,,,,,,,755668,001,2025-11-24_02h22.23.587,soloProject,,2025.1.1,60.31133921389025,2025-11-24 02h22.24.863926 +0530,
Faces/CFD-IM-736-361-N.jpg,m,hammer,m,C,,30,30,0,m,1,1.1771626999834552,None,m,1,0.9065621999907307,None,C,,,,,0,30,30,73,,,,,,,,,118.1839900999912,,,,,,,,,118.17939829995157,118.1839900999912,118.63208429998485,118.63208429998485,118.69855869997991,119.81477429997176,,,,,119.81481819995679,120.31391629995778,120.31391629995778,121.23089629999595,,,,,,,,,m,1,1.1771626999834552,None,m,1,0.9065621999907307,None,,,,,,,,,,,,,,,,,,,,,,,,755668,001,2025-11-24_02h22.23.587,soloProject,,2025.1.1,60.31133921389025,2025-11-24 02h22.24.863926 +0530,
Faces/CFD-IF-602-134-N.jpg,n,beer,m,I,,31,31,0,n,1,0.5678018000326119,None,m,1,1.292262099974323,None,C,,,,,0,31,31,36,,,,,,,,,121.28394289995776,,,,,,,,,121.27928309998242,121.28394289995776,121.73126499995124,121.73126499995124,121.7977239000029,122.31511899997713,,,,,122.31639479997102,122.8306092999992,122.8306092999992,124.13054669997655,,,,,,,,,n,1,0.5678018000326119,None,m,1,1.292262099974323,None,,,,,,,,,,,,,,,,,,,,,,,,755668,001,2025-11-24_02h22.23.587,soloProject,,2025.1.1,60.31133921389025,2025-11-24 02h22.24.863926 +0530,
Faces/CFD-IM-738-191-N.jpg,m,hammer,m,C,,32,32,0,m,1,0.5638244000147097,None,m,1,0.4610209999955259,None,C,,,,,0,32,32,79,,,,,,,,,124.1872911999817,,,,,,,,,124.18223239999497,124.1872911999817,124.63171489996603,124.63171489996603,124.69784659997094,125.19769079994876,,,,,125.19901349995052,125.69711779995123,125.69711779995123,126.16477749997284,,,,,,,,,m,1,0.5638244000147097,None,m,1,0.4610209999955259,None,,,,,,,,,,,,,,,,,,,,,,,,755668,001,2025-11-24_02h22.23.587,soloProject,,2025.1.1,60.31133921389025,2025-11-24 02h22.24.863926 +0530,
Faces/CFD-IM-728-041-N.jpg,m,bowtie,m,C,,33,33,0,m,1,0.3752568000345491,None,m,1,0.4935055999667384,None,C,,,,,0,33,33,62,,,,,,,,,126.22025299997767,,,,,,,,,126.21455999999307,126.22025299997767,126.66461929999059,126.66461929999059,126.73104969999986,127.04848359996686,,,,,127.04964319994906,127.56418889999622,127.56418889999622,128.0643268999993,,,,,,,,,m,1,0.3752568000345491,None,m,1,0.4935055999667384,None,,,,,,,,,,,,,,,,,,,,,,,,755668,001,2025-11-24_02h22.23.587,soloProject,,2025.1.1,60.31133921389025,2025-11-24 02h22.24.863926 +0530,
Faces/CFD-IM-731-223-N.jpg,m,perfume,n,I,,34,34,0,m,1,0.42722610000055283,None,n,1,0.5710855000070296,None,C,,,,,0,34,34,96,,,,,,,,,128.11812389997067,,,,,,,,,128.11310499999672,128.11812389997067,128.56476959999418,128.56476959999418,128.63124699995387,128.99791509995703,,,,,129.00116249994608,129.4971865999978,129.4971865999978,130.08102099999087,,,,,,,,,m,1,0.42722610000055283,None,n,1,0.5710855000070296,None,,,,,,,,,,,,,,,,,,,,,,,,755668,001,2025-11-24_02h22.23.587,soloProject,,2025.1.1,60.31133921389025,2025-11-24 02h22.24.863926 +0530,
Faces/CFD-IM-738-191-N.jpg,m,bowtie,m,C,,35,35,0,m,1,0.5100901000550948,None,m,1,0.5413970000226982,None,C,,,,,0,35,35,80,,,,,,,,,130.1337808999815,,,,,,,,,130.12756489997264,130.1337808999815,130.58117550000316,130.58117550000316,130.6481089000008,131.0980740999803,,,,,131.10097499995027,131.61368489998858,131.61368489998858,132.1642360999831,,,,,,,,,m,1,0.5100901000550948,None,m,1,0.5413970000226982,None,,,,,,,,,,,,,,,,,,,,,,,,755668,001,2025-11-24_02h22.23.587,soloProject,,2025.1.1,60.31133921389025,2025-11-24 02h22.24.863926 +0530,
Faces/CFD-IM-736-361-N.jpg,m,doll,n,I,,36,36,0,m,1,0.4216949000256136,None,n,1,0.5271654999814928,None,C,,,,,0,36,36,103,,,,,,,,,132.216144099948,,,,,,,,,132.2110986999469,132.216144099948,132.66500639996957,132.66500639996957,132.7308065999532,133.09828549996018,,,,,133.0997016999754,133.5974766999716,133.5974766999716,134.1310686999932,,,,,,,,,m,1,0.4216949000256136,None,n,1,0.5271654999814928,None,,,,,,,,,,,,,,,,,,,,,,,,755668,001,2025-11-24_02h22.23.587,soloProject,,2025.1.1,60.31133921389025,2025-11-24 02h22.24.863926 +0530,
Faces/CFD-IM-739-012-N.jpg,m,lipstick,n,I,,37,37,0,m,1,1.33246380003402,None,n,1,0.5117770000360906,None,C,,,,,0,37,37,118,,,,,,,,,134.18533119995845,,,,,,,,,134.18111659999704,134.18533119995845,134.63098759995773,134.63098759995773,134.69773949997034,135.96473099995637,,,,,135.96632189996308,136.46375169995008,136.46375169995008,136.98111149994656,,,,,,,,,m,1,1.33246380003402,None,n,1,0.5117770000360906,None,,,,,,,,,,,,,,,,,,,,,,,,755668,001,2025-11-24_02h22.23.587,soloProject,,2025.1.1,60.31133921389025,2025-11-24 02h22.24.863926 +0530,
Faces/CFD-IM-738-191-N.jpg,m,perfume,n,I,,38,38,0,m,1,0.5129141999641433,None,n,1,0.7700202999985777,None,C,,,,,0,38,38,108,,,,,,,,,137.03407459997106,,,,,,,,,137.02944699994987,137.03407459997106,137.4806852999609,137.4806852999609,137.54832389997318,137.99810279998928,,,,,137.99980529997265,138.5136557999649,138.5136557999649,139.2973931999877,,,,,,,,,m,1,0.5129141999641433,None,n,1,0.7700202999985777,None,,,,,,,,,,,,,,,,,,,,,,,,755668,001,2025-11-24_02h22.23.587,soloProject,,2025.1.1,60.31133921389025,2025-11-24 02h22.24.863926 +0530,
Faces/CFD-IM-731-223-N.jpg,m,cigar,m,C,,39,39,0,m,1,1.6363851999631152,None,m,1,0.5455873000319116,None,C,,,,,0,39,39,70,,,,,,,,,139.35176469996804,,,,,,,,,139.3462228999706,139.35176469996804,139.79828989994712,139.79828989994712,139.86473689996637,141.44756349996896,,,,,141.4487827999983,141.94703619997017,141.94703619997017,142.49732419999782,,,,,,,,,m,1,1.6363851999631152,None,m,1,0.5455873000319116,None,,,,,,,,,,,,,,,,,,,,,,,,755668,001,2025-11-24_02h22.23.587,soloProject,,2025.1.1,60.31133921389025,2025-11-24 02h22.24.863926 +0530,
Faces/CFD-IF-609-408-N.jpg,n,briefcase,m,I,,40,40,0,n,1,0.6239671999937855,None,m,1,0.5586222999845631,None,C,,,,,0,40,40,57,,,,,,,,,142.54942179995123,,,,,,,,,142.54469359997893,142.54942179995123,142.99783849995583,142.99783849995583,143.064674299967,143.63105049997102,,,,,143.63301849999698,144.13113709999016,144.13113709999016,144.69734979997156,,,,,,,,,n,1,0.6239671999937855,None,m,1,0.5586222999845631,None,,,,,,,,,,,,,,,,,,,,,,,,755668,001,2025-11-24_02h22.23.587,soloProject,,2025.1.1,60.31133921389025,2025-11-24 02h22.24.863926 +0530,
Faces/CFD-IF-605-066-N.jpg,n,jewelry,n,C,,41,41,0,n,1,0.8371490999707021,None,n,1,0.5966197999659926,None,C,,,,,0,41,41,17,,,,,,,,,144.75126809999347,,,,,,,,,144.74697049998213,144.75126809999347,145.19786239997484,145.19786239997484,145.2639055000036,146.04759979998926,,,,,146.0490311999456,146.54689339996548,146.54689339996548,147.14795610000147,,,,,,,,,n,1,0.8371490999707021,None,n,1,0.5966197999659926,None,,,,,,,,,,,,,,,,,,,,,,,,755668,001,2025-11-24_02h22.23.587,soloProject,,2025.1.1,60.31133921389025,2025-11-24 02h22.24.863926 +0530,
Faces/CFD-IM-739-012-N.jpg,m,football,m,C,,42,42,0,m,1,0.7809698000201024,None,m,1,0.45982739998726174,None,C,,,,,0,42,42,89,,,,,,,,,147.20239629998105,,,,,,,,,147.19813099998282,147.20239629998105,147.6473091999651,147.6473091999651,147.71381489996566,148.43173379998188,,,,,148.43349939998006,148.94678509997902,148.94678509997902,149.41397519997554,,,,,,,,,m,1,0.7809698000201024,None,m,1,0.45982739998726174,None,,,,,,,,,,,,,,,,,,,,,,,,755668,001,2025-11-24_02h22.23.587,soloProject,,2025.1.1,60.31133921389025,2025-11-24 02h22.24.863926 +0530,
Faces/CFD-IM-736-361-N.jpg,m,briefcase,m,C,,43,43,0,m,1,0.5006569000543095,None,m,1,0.4551548999734223,None,C,,,,,0,43,43,75,,,,,,,,,149.46752659999765,,,,,,,,,149.4632688999991,149.46752659999765,149.91405209997902,149.91405209997902,149.98088909999933,150.41550730000017,,,,,150.4168419999769,150.93056729994714,150.93056729994714,151.39736939995782,,,,,,,,,m,1,0.5006569000543095,None,m,1,0.4551548999734223,None,,,,,,,,,,,,,,,,,,,,,,,,755668,001,2025-11-24_02h22.23.587,soloProject,,2025.1.1,60.31133921389025,2025-11-24 02h22.24.863926 +0530,
Faces/CFD-IM-736-361-N.jpg,m,lipstick,n,I,,44,44,0,m,1,0.5062983999960124,None,n,1,1.5160658999811858,None,C,,,,,0,44,44,106,,,,,,,,,151.44866699998965,,,,,,,,,151.44420269998955,151.44866699998965,151.89765289996285,151.89765289996285,151.9637138999533,152.41468789998908,,,,,152.41610169998603,152.91350969998166,152.91350969998166,154.43108289997326,,,,,,,,,m,1,0.5062983999960124,None,n,1,1.5160658999811858,None,,,,,,,,,,,,,,,,,,,,,,,,755668,001,2025-11-24_02h22.23.587,soloProject,,2025.1.1,60.31133921389025,2025-11-24 02h22.24.863926 +0530,
Faces/CFD-IM-736-361-N.jpg,m,football,m,C,,45,45,0,m,1,0.40660520002711564,None,m,1,0.5514618000015616,None,C,,,,,0,45,45,77,,,,,,,,,154.4862742999685,,,,,,,,,154.4801313999924,154.4862742999685,154.9305747000035,154.9305747000035,154.99776779999956,155.34735619998537,,,,,155.34885149996262,155.8478585999692,155.8478585999692,156.4136818999541,,,,,,,,,m,1,0.40660520002711564,None,m,1,0.5514618000015616,None,,,,,,,,,,,,,,,,,,,,,,,,755668,001,2025-11-24_02h22.23.587,soloProject,,2025.1.1,60.31133921389025,2025-11-24 02h22.24.863926 +0530,
Faces/CFD-IF-608-390-N.jpg,n,cigar,m,I,,46,46,0,n,1,0.4123714999877848,None,m,1,0.8850040000397712,None,C,,,,,0,46,46,52,,,,,,,,,156.4697781999712,,,,,,,,,156.46558329998516,156.4697781999712,156.9141289999825,156.9141289999825,156.9804829999921,157.33106070000213,,,,,157.33253049995983,157.84747419995256,157.84747419995256,158.74706199998036,,,,,,,,,n,1,0.4123714999877848,None,m,1,0.8850040000397712,None,,,,,,,,,,,,,,,,,,,,,,,,755668,001,2025-11-24_02h22.23.587,soloProject,,2025.1.1,60.31133921389025,2025-11-24 02h22.24.863926 +0530,
Faces/CFD-IF-605-066-N.jpg,n,flower,n,C,,47,47,0,n,1,1.3593206999939866,None,n,1,0.6130187999806367,None,C,,,,,0,47,47,14,,,,,,,,,158.79861050000181,,,,,,,,,158.7940082999994,158.79861050000181,159.24748199997703,159.24748199997703,159.29694029997336,160.61474269995233,,,,,160.6166847999557,161.12983109999914,161.12983109999914,161.74685850000242,,,,,,,,,n,1,1.3593206999939866,None,n,1,0.6130187999806367,None,,,,,,,,,,,,,,,,,,,,,,,,755668,001,2025-11-24_02h22.23.587,soloProject,,2025.1.1,60.31133921389025,2025-11-24 02h22.24.863926 +0530,
Faces/CFD-IM-736-361-N.jpg,m,bowtie,m,C,,48,48,0,m,1,0.5366562000126578,None,m,1,0.5427190000191331,None,C,,,,,0,48,48,74,,,,,,,,,161.80226389999734,,,,,,,,,161.79758489999222,161.80226389999734,162.247058799956,162.247058799956,162.31480789999478,162.79768619994866,,,,,162.79900030000135,163.31355159997474,163.31355159997474,163.8640480999602,,,,,,,,,m,1,0.5366562000126578,None,m,1,0.5427190000191331,None,,,,,,,,,,,,,,,,,,,,,,,,755668,001,2025-11-24_02h22.23.587,soloProject,,2025.1.1,60.31133921389025,2025-11-24 02h22.24.863926 +0530,
Faces/CFD-IF-602-134-N.jpg,n,bowtie,m,I,,49,49,0,n,1,1.5291792000061832,None,m,1,0.5537282000295818,None,C,,,,,0,49,49,38,,,,,,,,,163.9227145999903,,,,,,,,,163.9170913999551,163.9227145999903,164.36378459999105,164.36378459999105,164.4306421999936,165.89735980000114,,,,,165.89740529999835,166.39674459997332,166.39674459997332,166.9633614999475,,,,,,,,,n,1,1.5291792000061832,None,m,1,0.5537282000295818,None,,,,,,,,,,,,,,,,,,,,,,,,755668,001,2025-11-24_02h22.23.587,soloProject,,2025.1.1,60.31133921389025,2025-11-24 02h22.24.863926 +0530,
Faces/CFD-IM-736-361-N.jpg,m,flower,n,I,,50,50,0,m,1,0.4189745999756269,None,n,1,0.8397449000040069,None,C,,,,,0,50,50,104,,,,,,,,,167.0139341999893,,,,,,,,,167.00918850000016,167.0139341999893,167.46376359998249,167.46376359998249,167.5138891999959,167.89828539994778,,,,,167.89990489999764,168.41312739998102,168.41312739998102,169.26380629994674,,,,,,,,,m,1,0.4189745999756269,None,n,1,0.8397449000040069,None,,,,,,,,,,,,,,,,,,,,,,,,755668,001,2025-11-24_02h22.23.587,soloProject,,2025.1.1,60.31133921389025,2025-11-24 02h22.24.863926 +0530,
Faces/CFD-IM-739-012-N.jpg,m,perfume,n,I,,51,51,0,m,1,2.7947710000444204,None,n,1,0.5485975999617949,None,C,,,,,0,51,51,114,,,,,,,,,169.31445689999964,,,,,,,,,169.31008389999624,169.31445689999964,169.764537799987,169.764537799987,169.81363259995123,172.56427939998684,,,,,172.56728419999126,173.06331800000044,173.06331800000044,173.61334119999083,,,,,,,,,m,1,2.7947710000444204,None,n,1,0.5485975999617949,None,,,,,,,,,,,,,,,,,,,,,,,,755668,001,2025-11-24_02h22.23.587,soloProject,,2025.1.1,60.31133921389025,2025-11-24 02h22.24.863926 +0530,
Faces/CFD-IF-608-390-N.jpg,n,dress,n,C,,52,52,0,n,1,0.8130979999550618,None,n,1,4.216431799985003,None,C,,,,,0,52,52,21,,,,,,,,,173.66485749999993,,,,,,,,,173.65999879996525,173.66485749999993,174.11354629998095,174.11354629998095,174.18115409999155,174.93093189998763,,,,,174.93286819994682,175.4465861999779,175.4465861999779,179.66463489999296,,,,,,,,,n,1,0.8130979999550618,None,n,1,4.216431799985003,None,,,,,,,,,,,,,,,,,,,,,,,,755668,001,2025-11-24_02h22.23.587,soloProject,,2025.1.1,60.31133921389025,2025-11-24 02h22.24.863926 +0530,
Faces/CFD-IM-728-041-N.jpg,m,perfume,n,I,,53,53,0,m,1,1.699352799972985,None,n,1,1.6521478000213392,None,C,,,,,0,53,53,90,,,,,,,,,179.71999349998077,,,,,,,,,179.71574580000015,179.71999349998077,180.18021409999346,180.18021409999346,180.2302931000013,181.88091829995392,,,,,181.88231179997092,182.3795817999635,182.3795817999635,184.04757219995372,,,,,,,,,m,1,1.699352799972985,None,n,1,1.6521478000213392,None,,,,,,,,,,,,,,,,,,,,,,,,755668,001,2025-11-24_02h22.23.587,soloProject,,2025.1.1,60.31133921389025,2025-11-24 02h22.24.863926 +0530,
Faces/CFD-IF-609-408-N.jpg,n,lipstick,n,C,,54,54,0,n,1,1.3644251000368968,None,n,1,0.6409727000282146,None,C,,,,,0,54,54,28,,,,,,,,,184.10038669995265,,,,,,,,,184.09551909996662,184.10038669995265,184.54740959999617,184.54740959999617,184.613638299983,185.91390589997172,,,,,185.9154334999621,186.41324009996606,186.41324009996606,187.06336420000298,,,,,,,,,n,1,1.3644251000368968,None,n,1,0.6409727000282146,None,,,,,,,,,,,,,,,,,,,,,,,,755668,001,2025-11-24_02h22.23.587,soloProject,,2025.1.1,60.31133921389025,2025-11-24 02h22.24.863926 +0530,
Faces/CFD-IM-728-041-N.jpg,m,flower,n,I,,55,55,0,m,1,1.088419200037606,None,n,1,1.0158980999840423,None,C,,,,,0,55,55,92,,,,,,,,,187.10993529995903,,,,,,,,,187.10535959998379,187.10993529995903,187.56333219999215,187.56333219999215,187.61413259996334,188.6633972999989,,,,,188.66493159998208,189.16295379999792,189.16295379999792,190.18068479996873,,,,,,,,,m,1,1.088419200037606,None,n,1,1.0158980999840423,None,,,,,,,,,,,,,,,,,,,,,,,,755668,001,2025-11-24_02h22.23.587,soloProject,,2025.1.1,60.31133921389025,2025-11-24 02h22.24.863926 +0530,
Faces/CFD-IF-601-519-N.jpg,n,hammer,m,I,,56,56,0,n,1,0.7080358000239357,None,m,1,0.5329838000470772,None,C,,,,,0,56,56,31,,,,,,,,,190.22762779996265,,,,,,,,,190.22309499996481,190.22762779996265,190.68034809996607,190.68034809996607,190.72998299996834,191.39742179994937,,,,,191.39868419995764,191.91287299996475,191.91287299996475,192.44630119996145,,,,,,,,,n,1,0.7080358000239357,None,m,1,0.5329838000470772,None,,,,,,,,,,,,,,,,,,,,,,,,755668,001,2025-11-24_02h22.23.587,soloProject,,2025.1.1,60.31133921389025,2025-11-24 02h22.24.863926 +0530,
Faces/CFD-IM-728-041-N.jpg,m,hammer,m,C,,57,57,0,m,1,0.5065915000159293,None,m,1,0.5683912000386044,None,C,,,,,0,57,57,61,,,,,,,,,192.4943462999654,,,,,,,,,192.49002059997292,192.4943462999654,192.94675029994687,192.94675029994687,192.99763839994557,193.46347129996866,,,,,193.4635161999613,193.96260559995426,193.96260559995426,194.5460524999653,,,,,,,,,m,1,0.5065915000159293,None,m,1,0.5683912000386044,None,,,,,,,,,,,,,,,,,,,,,,,,755668,001,2025-11-24_02h22.23.587,soloProject,,2025.1.1,60.31133921389025,2025-11-24 02h22.24.863926 +0530,
Faces/CFD-IM-731-223-N.jpg,m,briefcase,m,C,,58,58,0,m,1,0.42714800004614517,None,m,1,0.46641679998720065,None,C,,,,,0,58,58,69,,,,,,,,,194.5950956000015,,,,,,,,,194.59066049999092,194.5950956000015,195.0468089999631,195.0468089999631,195.09771069994895,195.4801019000006,,,,,195.48154519998934,195.97938559995964,195.97938559995964,196.44618119997904,,,,,,,,,m,1,0.42714800004614517,None,m,1,0.46641679998720065,None,,,,,,,,,,,,,,,,,,,,,,,,755668,001,2025-11-24_02h22.23.587,soloProject,,2025.1.1,60.31133921389025,2025-11-24 02h22.24.863926 +0530,
Faces/CFD-IF-608-390-N.jpg,n,flower,n,C,,59,59,0,n,1,0.5167350999545306,None,n,1,0.7980165000190027,None,C,,,,,0,59,59,20,,,,,,,,,196.50186219997704,,,,,,,,,196.497387899959,196.50186219997704,196.94677099998808,196.94677099998808,197.01344799995422,197.48103669995908,,,,,197.4827912999899,197.9961441999767,197.9961441999767,198.79635560000315,,,,,,,,,n,1,0.5167350999545306,None,n,1,0.7980165000190027,None,,,,,,,,,,,,,,,,,,,,,,,,755668,001,2025-11-24_02h22.23.587,soloProject,,2025.1.1,60.31133921389025,2025-11-24 02h22.24.863926 +0530,
Faces/CFD-IF-605-066-N.jpg,n,doll,n,C,,60,60,0,n,1,0.37927969999145716,None,n,1,0.4384942000033334,None,C,,,,,0,60,60,13,,,,,,,,,198.84321989997989,,,,,,,,,198.83873699995456,198.84321989997989,199.29651569999987,199.29651569999987,199.34735889994772,199.68015159998322,,,,,199.6813916999963,200.17957169999136,200.17957169999136,200.62980519997654,,,,,,,,,n,1,0.37927969999145716,None,n,1,0.4384942000033334,None,,,,,,,,,,,,,,,,,,,,,,,,755668,001,2025-11-24_02h22.23.587,soloProject,,2025.1.1,60.31133921389025,2025-11-24 02h22.24.863926 +0530,
Faces/CFD-IM-736-361-N.jpg,m,jewelry,n,I,,61,61,0,m,1,0.501265799975954,None,n,1,0.8395494000287727,None,C,,,,,0,61,61,107,,,,,,,,,200.67718040000182,,,,,,,,,200.67284819995984,200.67718040000182,201.12994209997123,201.12994209997123,201.17983659997117,201.63212779996684,,,,,201.6336157999467,202.1462072999566,202.1462072999566,202.99597170000197,,,,,,,,,m,1,0.501265799975954,None,n,1,0.8395494000287727,None,,,,,,,,,,,,,,,,,,,,,,,,755668,001,2025-11-24_02h22.23.587,soloProject,,2025.1.1,60.31133921389025,2025-11-24 02h22.24.863926 +0530,
Faces/CFD-IM-736-361-N.jpg,m,beer,m,C,,62,62,0,m,1,0.5580273000523448,None,m,1,0.7143958999658935,None,C,,,,,0,62,62,72,,,,,,,,,203.04918449994875,,,,,,,,,203.0445060999482,203.04918449994875,203.49654189997818,203.49654189997818,203.5631558999885,204.06358929997077,,,,,204.06479269999545,204.57953029999044,204.57953029999044,205.29660419997526,,,,,,,,,m,1,0.5580273000523448,None,m,1,0.7143958999658935,None,,,,,,,,,,,,,,,,,,,,,,,,755668,001,2025-11-24_02h22.23.587,soloProject,,2025.1.1,60.31133921389025,2025-11-24 02h22.24.863926 +0530,
Faces/CFD-IM-731-223-N.jpg,m,flower,n,I,,63,63,0,m,1,0.983968399988953,None,n,1,0.6784385000355542,None,C,,,,,0,63,63,98,,,,,,,,,205.3479868999566,,,,,,,,,205.34271959995385,205.3479868999566,205.79701399995247,205.79701399995247,205.86370849999366,206.7816227999865,,,,,206.78325320000295,207.29593699995894,207.29593699995894,207.97925539995776,,,,,,,,,m,1,0.983968399988953,None,n,1,0.6784385000355542,None,,,,,,,,,,,,,,,,,,,,,,,,755668,001,2025-11-24_02h22.23.587,soloProject,,2025.1.1,60.31133921389025,2025-11-24 02h22.24.863926 +0530,
Faces/CFD-IF-605-066-N.jpg,n,beer,m,I,,64,64,0,n,1,0.5024209999828599,None,m,1,0.6133932999800891,None,C,,,,,0,64,64,42,,,,,,,,,208.03170939994743,,,,,,,,,208.02692389994627,208.03170939994743,208.47971679997863,208.47971679997863,208.54637399996864,208.9975883999723,,,,,208.99872099998174,209.51260159997037,209.51260159997037,210.12945269997,,,,,,,,,n,1,0.5024209999828599,None,m,1,0.6133932999800891,None,,,,,,,,,,,,,,,,,,,,,,,,755668,001,2025-11-24_02h22.23.587,soloProject,,2025.1.1,60.31133921389025,2025-11-24 02h22.24.863926 +0530,
Faces/CFD-IF-601-519-N.jpg,n,briefcase,m,I,,65,65,0,n,1,0.6048704999848269,None,m,1,0.636138400004711,None,C,,,,,0,65,65,33,,,,,,,,,210.1828894999926,,,,,,,,,210.17859989998396,210.1828894999926,210.62988199997926,210.62988199997926,210.69636229996104,211.24736519996077,,,,,211.2485839999863,211.7627106999862,211.7627106999862,212.41284149995772,,,,,,,,,n,1,0.6048704999848269,None,m,1,0.636138400004711,None,,,,,,,,,,,,,,,,,,,,,,,,755668,001,2025-11-24_02h22.23.587,soloProject,,2025.1.1,60.31133921389025,2025-11-24 02h22.24.863926 +0530,
Faces/CFD-IF-602-134-N.jpg,n,cigar,m,I,,66,66,0,n,1,0.6537326000398025,None,m,1,2.1110296999686398,None,C,,,,,0,66,66,40,,,,,,,,,212.46818089997396,,,,,,,,,212.4636382999597,212.46818089997396,212.9136484999908,212.9136484999908,212.97988099994836,213.58031170000322,,,,,213.58154669997748,214.0964396999916,214.0964396999916,216.21268349996535,,,,,,,,,n,1,0.6537326000398025,None,m,1,2.1110296999686398,None,,,,,,,,,,,,,,,,,,,,,,,,755668,001,2025-11-24_02h22.23.587,soloProject,,2025.1.1,60.31133921389025,2025-11-24 02h22.24.863926 +0530,
Faces/CFD-IF-602-134-N.jpg,n,hammer,m,I,,67,67,0,n,1,0.6342367999604903,None,m,1,0.695541900000535,None,C,,,,,0,67,67,37,,,,,,,,,216.26776629994856,,,,,,,,,216.2629458999727,216.26776629994856,216.71283879998373,216.71283879998373,216.7801335999975,217.34740289999172,,,,,217.34890799998539,217.84572659997502,217.84572659997502,218.54606329998933,,,,,,,,,n,1,0.6342367999604903,None,m,1,0.695541900000535,None,,,,,,,,,,,,,,,,,,,,,,,,755668,001,2025-11-24_02h22.23.587,soloProject,,2025.1.1,60.31133921389025,2025-11-24 02h22.24.863926 +0530,
Faces/CFD-IF-605-066-N.jpg,n,perfume,n,C,,68,68,0,n,1,1.0809425999759696,None,n,1,0.6069934000261128,None,C,,,,,0,68,68,12,,,,,,,,,218.59941519994754,,,,,,,,,218.59434679994592,218.59941519994754,219.04712819994893,219.04712819994893,219.11315049999394,220.13005479995627,,,,,220.1314036999829,220.62959409999894,220.62959409999894,221.24592489999486,,,,,,,,,n,1,1.0809425999759696,None,n,1,0.6069934000261128,None,,,,,,,,,,,,,,,,,,,,,,,,755668,001,2025-11-24_02h22.23.587,soloProject,,2025.1.1,60.31133921389025,2025-11-24 02h22.24.863926 +0530,
Faces/CFD-IM-739-012-N.jpg,m,jewelry,n,I,,69,69,0,m,1,0.7099584000534378,None,n,1,0.4906168000306934,None,C,,,,,0,69,69,119,,,,,,,,,221.29880849999608,,,,,,,,,221.29362630000105,221.29880849999608,221.74597819999326,221.74597819999326,221.81312829995295,222.46324719995027,,,,,222.46468579996144,222.96267389995046,222.96267389995046,223.4629558000015,,,,,,,,,m,1,0.7099584000534378,None,n,1,0.4906168000306934,None,,,,,,,,,,,,,,,,,,,,,,,,755668,001,2025-11-24_02h22.23.587,soloProject,,2025.1.1,60.31133921389025,2025-11-24 02h22.24.863926 +0530,
Faces/CFD-IM-738-191-N.jpg,m,football,m,C,,70,70,0,m,1,0.5282156000030227,None,m,1,1.0660727000213228,None,C,,,,,0,70,70,83,,,,,,,,,223.51737309998134,,,,,,,,,223.51123329997063,223.51737309998134,223.96326609997777,223.96326609997777,224.02936809998937,224.49703999998746,,,,,224.49868039996363,225.01222889998462,225.01222889998462,226.07986849994631,,,,,,,,,m,1,0.5282156000030227,None,m,1,1.0660727000213228,None,,,,,,,,,,,,,,,,,,,,,,,,755668,001,2025-11-24_02h22.23.587,soloProject,,2025.1.1,60.31133921389025,2025-11-24 02h22.24.863926 +0530,
Faces/CFD-IF-601-519-N.jpg,n,jewelry,n,C,,71,71,0,m,0,0.8928223000257276,None,n,1,0.6558614000095986,None,C,,,,,0,71,71,5,,,,,,,,,226.1308753999765,,,,,,,,,226.12558569997782,226.1308753999765,226.5961105999886,226.5961105999886,226.6475841999636,227.496357099968,,,,,227.4985215999768,228.0128772999742,228.0128772999742,228.67932819999987,,,,,,,,,m,0,0.8928223000257276,None,n,1,0.6558614000095986,None,,,,,,,,,,,,,,,,,,,,,,,,755668,001,2025-11-24_02h22.23.587,soloProject,,2025.1.1,60.31133921389025,2025-11-24 02h22.24.863926 +0530,
Faces/CFD-IF-601-519-N.jpg,n,bowtie,m,I,,72,72,0,n,1,0.5873504999908619,None,m,1,0.6058467000257224,None,C,,,,,0,72,72,32,,,,,,,,,228.73009699996328,,,,,,,,,228.7254962999723,228.73009699996328,229.17959339998197,229.17959339998197,229.22927670000354,229.7798802999896,,,,,229.78118369996082,230.27947919996222,230.27947919996222,230.89577989996178,,,,,,,,,n,1,0.5873504999908619,None,m,1,0.6058467000257224,None,,,,,,,,,,,,,,,,,,,,,,,,755668,001,2025-11-24_02h22.23.587,soloProject,,2025.1.1,60.31133921389025,2025-11-24 02h22.24.863926 +0530,
Faces/CFD-IM-736-361-N.jpg,m,dress,n,I,,73,73,0,m,1,0.5219099000096321,None,n,1,0.505332900036592,None,C,,,,,0,73,73,105,,,,,,,,,230.95154049998382,,,,,,,,,230.9464811999933,230.95154049998382,231.3961086999625,231.3961086999625,231.46289119997527,231.93016129999887,,,,,231.93149359995732,232.4455507999519,232.4455507999519,232.96356419997755,,,,,,,,,m,1,0.5219099000096321,None,n,1,0.505332900036592,None,,,,,,,,,,,,,,,,,,,,,,,,755668,001,2025-11-24_02h22.23.587,soloProject,,2025.1.1,60.31133921389025,2025-11-24 02h22.24.863926 +0530,
Faces/CFD-IF-608-390-N.jpg,n,beer,m,I,,74,74,0,n,1,0.7771910000010394,None,m,1,0.5466536000021733,None,C,,,,,0,74,74,48,,,,,,,,,233.01682639995124,,,,,,,,,233.01145079999696,233.01682639995124,233.47951729997294,233.47951729997294,233.52994300000137,234.26286550000077,,,,,234.26415209996048,234.76224669994554,234.76224669994554,235.31266699999105,,,,,,,,,n,1,0.7771910000010394,None,m,1,0.5466536000021733,None,,,,,,,,,,,,,,,,,,,,,,,,755668,001,2025-11-24_02h22.23.587,soloProject,,2025.1.1,60.31133921389025,2025-11-24 02h22.24.863926 +0530,
Faces/CFD-IF-601-519-N.jpg,n,lipstick,n,C,,75,75,0,n,1,0.7658783000078984,None,n,1,1.2432178999879397,None,C,,,,,0,75,75,4,,,,,,,,,235.36653719999595,,,,,,,,,235.3621790999896,235.36653719999595,235.81291249999776,235.81291249999776,235.87928860000102,236.57973029999994,,,,,236.5814754999592,237.07912229996873,237.07912229996873,238.3297515999875,,,,,,,,,n,1,0.7658783000078984,None,n,1,1.2432178999879397,None,,,,,,,,,,,,,,,,,,,,,,,,755668,001,2025-11-24_02h22.23.587,soloProject,,2025.1.1,60.31133921389025,2025-11-24 02h22.24.863926 +0530,
Faces/CFD-IF-608-390-N.jpg,n,lipstick,n,C,,76,76,0,n,1,0.6875544000067748,None,n,1,0.4682194000342861,None,C,,,,,0,76,76,22,,,,,,,,,238.38474949996453,,,,,,,,,238.37992569996277,238.38474949996453,238.84605639998335,238.84605639998335,238.89651939994656,239.54627649998292,,,,,239.54632239998318,240.04546419996768,240.04546419996768,240.52951009996468,,,,,,,,,n,1,0.6875544000067748,None,n,1,0.4682194000342861,None,,,,,,,,,,,,,,,,,,,,,,,,755668,001,2025-11-24_02h22.23.587,soloProject,,2025.1.1,60.31133921389025,2025-11-24 02h22.24.863926 +0530,
Faces/CFD-IM-738-191-N.jpg,m,beer,m,C,,77,77,0,n,0,0.34684429998742417,None,m,1,0.598899699980393,None,C,,,,,0,77,77,78,,,,,,,,,240.58525579998968,,,,,,,,,240.57923839997966,240.58525579998968,241.02978399995482,241.02978399995482,241.09593239997048,241.37992539996048,,,,,241.38117029995192,241.89565289998427,241.89565289998427,242.49601899995469,,,,,,,,,n,0,0.34684429998742417,None,m,1,0.598899699980393,None,,,,,,,,,,,,,,,,,,,,,,,,755668,001,2025-11-24_02h22.23.587,soloProject,,2025.1.1,60.31133921389025,2025-11-24 02h22.24.863926 +0530,
Faces/CFD-IF-609-408-N.jpg,n,beer,m,I,,78,78,0,n,1,0.9250507000251673,None,m,1,2.880528300011065,None,C,,,,,0,78,78,54,,,,,,,,,242.5521198999486,,,,,,,,,242.54687739996007,242.5521198999486,242.99586279998766,242.99586279998766,243.06249139999272,243.93015229998855,,,,,243.9302028999664,244.44531809998443,244.44531809998443,247.3300646999851,,,,,,,,,n,1,0.9250507000251673,None,m,1,2.880528300011065,None,,,,,,,,,,,,,,,,,,,,,,,,755668,001,2025-11-24_02h22.23.587,soloProject,,2025.1.1,60.31133921389025,2025-11-24 02h22.24.863926 +0530,
Faces/CFD-IM-731-223-N.jpg,m,bowtie,m,C,,79,79,0,m,1,0.5734439000370912,None,m,1,0.47753640002338216,None,C,,,,,0,79,79,68,,,,,,,,,247.38597509998363,,,,,,,,,247.38048569997773,247.38597509998363,247.84588099998655,247.84588099998655,247.89600929996232,248.42945159994997,,,,,248.43085579999024,248.92903129995102,248.92903129995102,249.41305639996426,,,,,,,,,m,1,0.5734439000370912,None,m,1,0.47753640002338216,None,,,,,,,,,,,,,,,,,,,,,,,,755668,001,2025-11-24_02h22.23.587,soloProject,,2025.1.1,60.31133921389025,2025-11-24 02h22.24.863926 +0530,
Faces/CFD-IM-739-012-N.jpg,m,hammer,m,C,,80,80,0,m,1,0.3938366000074893,None,m,1,0.4359891999629326,None,C,,,,,0,80,80,85,,,,,,,,,249.46072849998018,,,,,,,,,249.45561869995436,249.46072849998018,249.929685399984,249.929685399984,249.9626460999716,250.3294260999537,,,,,250.33101359999273,250.84506549994694,250.84506549994694,251.29567510000197,,,,,,,,,m,1,0.3938366000074893,None,m,1,0.4359891999629326,None,,,,,,,,,,,,,,,,,,,,,,,,755668,001,2025-11-24_02h22.23.587,soloProject,,2025.1.1,60.31133921389025,2025-11-24 02h22.24.863926 +0530,
Faces/CFD-IF-602-134-N.jpg,n,football,m,I,,81,81,0,n,1,0.552763200015761,None,m,1,0.6464177999878302,None,C,,,,,0,81,81,41,,,,,,,,,251.3441548999981,,,,,,,,,251.33891279995441,251.3441548999981,251.79640169994673,251.79640169994673,251.84605399996508,252.36280429997714,,,,,252.36412019998534,252.86179179995088,252.86179179995088,253.51214079995407,,,,,,,,,n,1,0.552763200015761,None,m,1,0.6464177999878302,None,,,,,,,,,,,,,,,,,,,,,,,,755668,001,2025-11-24_02h22.23.587,soloProject,,2025.1.1,60.31133921389025,2025-11-24 02h22.24.863926 +0530,
Faces/CFD-IF-609-408-N.jpg,n,doll,n,C,,82,82,0,n,1,0.45347680000122637,None,n,1,0.5936784999794327,None,C,,,,,0,82,82,25,,,,,,,,,253.56391309999162,,,,,,,,,253.55918219999876,253.56391309999162,254.01259729999583,254.01259729999583,254.07900839997455,254.47966479999013,,,,,254.48166409996338,254.99527309997939,254.99527309997939,255.59545899997465,,,,,,,,,n,1,0.45347680000122637,None,n,1,0.5936784999794327,None,,,,,,,,,,,,,,,,,,,,,,,,755668,001,2025-11-24_02h22.23.587,soloProject,,2025.1.1,60.31133921389025,2025-11-24 02h22.24.863926 +0530,
Faces/CFD-IF-602-134-N.jpg,n,flower,n,C,,83,83,0,n,1,0.4456699999864213,None,n,1,0.4379986999556422,None,C,,,,,0,83,83,8,,,,,,,,,255.6491870000027,,,,,,,,,255.64424239995424,255.6491870000027,256.09572449995903,256.09572449995903,256.163356199977,256.54669709998416,,,,,256.5481122999918,257.04533100000117,257.04533100000117,257.4969922999735,,,,,,,,,n,1,0.4456699999864213,None,n,1,0.4379986999556422,None,,,,,,,,,,,,,,,,,,,,,,,,755668,001,2025-11-24_02h22.23.587,soloProject,,2025.1.1,60.31133921389025,2025-11-24 02h22.24.863926 +0530,
Faces/CFD-IM-731-223-N.jpg,m,doll,n,I,,84,84,0,m,1,0.5753214000142179,None,n,1,0.6286901999847032,None,C,,,,,0,84,84,97,,,,,,,,,257.5464258999564,,,,,,,,,257.5409757999587,257.5464258999564,258.0124335999717,258.0124335999717,258.0456948999781,258.59651249996386,,,,,258.59790090000024,259.11177219997626,259.11177219997626,259.74551429995336,,,,,,,,,m,1,0.5753214000142179,None,n,1,0.6286901999847032,None,,,,,,,,,,,,,,,,,,,,,,,,755668,001,2025-11-24_02h22.23.587,soloProject,,2025.1.1,60.31133921389025,2025-11-24 02h22.24.863926 +0530,
Faces/CFD-IF-609-408-N.jpg,n,bowtie,m,I,,85,85,0,n,1,0.4219880000455305,None,m,1,0.754247699980624,None,C,,,,,0,85,85,56,,,,,,,,,259.7969460999593,,,,,,,,,259.7917448999942,259.7969460999593,260.2458196999505,260.2458196999505,260.31325089995516,260.6792142999475,,,,,260.681715899962,261.1783676999621,261.1783676999621,261.94558040000265,,,,,,,,,n,1,0.4219880000455305,None,m,1,0.754247699980624,None,,,,,,,,,,,,,,,,,,,,,,,,755668,001,2025-11-24_02h22.23.587,soloProject,,2025.1.1,60.31133921389025,2025-11-24 02h22.24.863926 +0530,
Faces/CFD-IF-605-066-N.jpg,n,football,m,I,,86,86,0,n,1,0.4239485000143759,None,m,1,1.797965399979148,None,C,,,,,0,86,86,47,,,,,,,,,261.99522579996847,,,,,,,,,261.99057289998746,261.99522579996847,262.44609469996067,262.44609469996067,262.4955060999491,262.8791540999664,,,,,262.8804811000009,263.395075599954,263.395075599954,265.1956578999525,,,,,,,,,n,1,0.4239485000143759,None,m,1,1.797965399979148,None,,,,,,,,,,,,,,,,,,,,,,,,755668,001,2025-11-24_02h22.23.587,soloProject,,2025.1.1,60.31133921389025,2025-11-24 02h22.24.863926 +0530,
Faces/CFD-IM-738-191-N.jpg,m,doll,n,I,,87,87,0,m,1,0.5753386999713257,None,n,1,0.6451517000095919,None,C,,,,,0,87,87,109,,,,,,,,,265.24499889998697,,,,,,,,,265.2406648999895,265.24499889998697,265.6955473999842,265.6955473999842,265.74582269997336,266.28009209997253,,,,,266.28252639999846,266.79488189995755,266.79488189995755,267.44583859998966,,,,,,,,,m,1,0.5753386999713257,None,n,1,0.6451517000095919,None,,,,,,,,,,,,,,,,,,,,,,,,755668,001,2025-11-24_02h22.23.587,soloProject,,2025.1.1,60.31133921389025,2025-11-24 02h22.24.863926 +0530,
Faces/CFD-IM-728-041-N.jpg,m,briefcase,m,C,,88,88,0,m,1,0.6381967000197619,None,m,1,0.5800454000127502,None,C,,,,,0,88,88,63,,,,,,,,,267.4972414999502,,,,,,,,,267.492541399959,267.4972414999502,267.94580960000167,267.94580960000167,268.0124765999499,268.59632259997306,,,,,268.59887159999926,269.11157379997894,269.11157379997894,269.694916599954,,,,,,,,,m,1,0.6381967000197619,None,m,1,0.5800454000127502,None,,,,,,,,,,,,,,,,,,,,,,,,755668,001,2025-11-24_02h22.23.587,soloProject,,2025.1.1,60.31133921389025,2025-11-24 02h22.24.863926 +0530,
Faces/CFD-IF-609-408-N.jpg,n,hammer,m,I,,89,89,0,n,1,0.4942874999833293,None,m,1,2.0727428999962285,None,C,,,,,0,89,89,55,,,,,,,,,269.7444114999962,,,,,,,,,269.73996079998324,269.7444114999962,270.1954749999568,270.1954749999568,270.24514299997827,270.69637959997635,,,,,270.6980570000014,271.2115483999951,271.2115483999951,273.2954315999523,,,,,,,,,n,1,0.4942874999833293,None,m,1,2.0727428999962285,None,,,,,,,,,,,,,,,,,,,,,,,,755668,001,2025-11-24_02h22.23.587,soloProject,,2025.1.1,60.31133921389025,2025-11-24 02h22.24.863926 +0530,
Faces/CFD-IF-605-066-N.jpg,n,lipstick,n,C,,90,90,0,n,1,2.0936369000119157,None,n,1,0.6835557000013068,None,C,,,,,0,90,90,16,,,,,,,,,273.344674699998,,,,,,,,,273.339894499979,273.344674699998,273.79577189998236,273.79577189998236,273.8461698999745,275.89596629998414,,,,,275.89747799996985,276.3949257999775,276.3949257999775,277.0950485999929,,,,,,,,,n,1,2.0936369000119157,None,n,1,0.6835557000013068,None,,,,,,,,,,,,,,,,,,,,,,,,755668,001,2025-11-24_02h22.23.587,soloProject,,2025.1.1,60.31133921389025,2025-11-24 02h22.24.863926 +0530,
Faces/CFD-IM-728-041-N.jpg,m,dress,n,I,,91,91,0,m,1,0.4969008000334725,None,n,1,0.6103484000195749,None,C,,,,,0,91,91,93,,,,,,,,,277.14194619999034,,,,,,,,,277.1376795999822,277.14194619999034,277.59538919996703,277.59538919996703,277.64640299999155,278.0955400999519,,,,,278.0967953999643,278.5944409999647,278.5944409999647,279.2116831999738,,,,,,,,,m,1,0.4969008000334725,None,n,1,0.6103484000195749,None,,,,,,,,,,,,,,,,,,,,,,,,755668,001,2025-11-24_02h22.23.587,soloProject,,2025.1.1,60.31133921389025,2025-11-24 02h22.24.863926 +0530,
Faces/CFD-IM-739-012-N.jpg,m,dress,n,I,,92,92,0,m,1,1.0136482000234537,None,n,1,0.5616340000415221,None,C,,,,,0,92,92,117,,,,,,,,,279.2611352999811,,,,,,,,,279.25637589994585,279.2611352999811,279.71261469996534,279.71261469996534,279.76241099997424,280.72868389997166,,,,,280.7287269999506,281.22814530000323,281.22814530000323,281.79510829999344,,,,,,,,,m,1,1.0136482000234537,None,n,1,0.5616340000415221,None,,,,,,,,,,,,,,,,,,,,,,,,755668,001,2025-11-24_02h22.23.587,soloProject,,2025.1.1,60.31133921389025,2025-11-24 02h22.24.863926 +0530,
Faces/CFD-IF-601-519-N.jpg,n,football,m,I,,93,93,0,n,1,0.9911036000121385,None,m,1,0.8515411000116728,None,C,,,,,0,93,93,35,,,,,,,,,281.84780999994837,,,,,,,,,281.8425808000029,281.84780999994837,282.29497549997177,282.29497549997177,282.36283219995676,283.29552970000077,,,,,283.2972462999751,283.7947140999604,283.7947140999604,284.66180389997317,,,,,,,,,n,1,0.9911036000121385,None,m,1,0.8515411000116728,None,,,,,,,,,,,,,,,,,,,,,,,,755668,001,2025-11-24_02h22.23.587,soloProject,,2025.1.1,60.31133921389025,2025-11-24 02h22.24.863926 +0530,
Faces/CFD-IM-739-012-N.jpg,m,beer,m,C,,94,94,0,m,1,0.9506749999709427,None,m,1,1.1908545999904163,None,C,,,,,0,94,94,84,,,,,,,,,284.7100047999993,,,,,,,,,284.7054253999959,284.7100047999993,285.1618920000037,285.1618920000037,285.2125314999721,286.1292024999857,,,,,286.13057539996225,286.6446991999983,286.6446991999983,287.84584739996353,,,,,,,,,m,1,0.9506749999709427,None,m,1,1.1908545999904163,None,,,,,,,,,,,,,,,,,,,,,,,,755668,001,2025-11-24_02h22.23.587,soloProject,,2025.1.1,60.31133921389025,2025-11-24 02h22.24.863926 +0530,
Faces/CFD-IF-601-519-N.jpg,n,cigar,m,I,,95,95,0,n,1,0.5938339999993332,None,m,1,0.5581776000326499,None,C,,,,,0,95,95,34,,,,,,,,,287.90117109997664,,,,,,,,,287.89677659998415,287.90117109997664,288.3452552999952,288.3452552999952,288.4118216999923,288.9460350999725,,,,,288.94730579998577,289.46155959996395,289.46155959996395,290.02893689996563,,,,,,,,,n,1,0.5938339999993332,None,m,1,0.5581776000326499,None,,,,,,,,,,,,,,,,,,,,,,,,755668,001,2025-11-24_02h22.23.587,soloProject,,2025.1.1,60.31133921389025,2025-11-24 02h22.24.863926 +0530,
Faces/CFD-IF-608-390-N.jpg,n,football,m,I,,96,96,0,n,1,0.6735556999919936,None,m,1,3.4536929999594577,None,C,,,,,0,96,96,53,,,,,,,,,290.07825500000035,,,,,,,,,290.073484499997,290.07825500000035,290.52848019998055,290.52848019998055,290.57981589995325,291.21222529996885,,,,,291.2135934999678,291.7278413999593,291.7278413999593,295.1948718999629,,,,,,,,,n,1,0.6735556999919936,None,m,1,3.4536929999594577,None,,,,,,,,,,,,,,,,,,,,,,,,755668,001,2025-11-24_02h22.23.587,soloProject,,2025.1.1,60.31133921389025,2025-11-24 02h22.24.863926 +0530,
Faces/CFD-IM-738-191-N.jpg,m,flower,n,I,,97,97,0,m,1,0.6045897000003606,None,n,1,0.8304725000052713,None,C,,,,,0,97,97,110,,,,,,,,,295.246698599949,,,,,,,,,295.2417861999711,295.246698599949,295.6957150999806,295.6957150999806,295.7451676999917,296.31183359998977,,,,,296.3134005999891,296.811179399956,296.811179399956,297.64484389999416,,,,,,,,,m,1,0.6045897000003606,None,n,1,0.8304725000052713,None,,,,,,,,,,,,,,,,,,,,,,,,755668,001,2025-11-24_02h22.23.587,soloProject,,2025.1.1,60.31133921389025,2025-11-24 02h22.24.863926 +0530,
Faces/CFD-IF-608-390-N.jpg,n,perfume,n,C,,98,98,0,n,1,0.3939280000049621,None,n,1,0.4583081000018865,None,C,,,,,0,98,98,18,,,,,,,,,297.6948301999946,,,,,,,,,297.6890877999831,297.6948301999946,298.14495129999705,298.14495129999705,298.19588319998,298.545793999976,,,,,298.5474449999747,299.0613199999789,299.0613199999789,299.52887159999227,,,,,,,,,n,1,0.3939280000049621,None,n,1,0.4583081000018865,None,,,,,,,,,,,,,,,,,,,,,,,,755668,001,2025-11-24_02h22.23.587,soloProject,,2025.1.1,60.31133921389025,2025-11-24 02h22.24.863926 +0530,
Faces/CFD-IF-609-408-N.jpg,n,cigar,m,I,,99,99,0,n,1,0.4522410000208765,None,m,1,0.5090572999906726,None,C,,,,,0,99,99,58,,,,,,,,,299.57794119999744,,,,,,,,,299.5737912999466,299.57794119999744,300.04487619997235,300.04487619997235,300.0784198999754,300.51190209999913,,,,,300.5140562999877,301.0110053999815,301.0110053999815,301.528440199967,,,,,,,,,n,1,0.4522410000208765,None,m,1,0.5090572999906726,None,,,,,,,,,,,,,,,,,,,,,,,,755668,001,2025-11-24_02h22.23.587,soloProject,,2025.1.1,60.31133921389025,2025-11-24 02h22.24.863926 +0530,
Faces/CFD-IF-601-519-N.jpg,n,perfume,n,C,,100,100,0,n,1,0.6152254999615252,None,n,1,0.9329623999656178,None,C,,,,,0,100,100,0,,,,,,,,,301.574936399993,,,,,,,,,301.5706340999459,301.574936399993,302.02819839998847,302.02819839998847,302.079187299998,302.64658329996746,,,,,302.64830589998746,303.1616208999767,303.1616208999767,304.095047699986,,,,,,,,,n,1,0.6152254999615252,None,n,1,0.9329623999656178,None,,,,,,,,,,,,,,,,,,,,,,,,755668,001,2025-11-24_02h22.23.587,soloProject,,2025.1.1,60.31133921389025,2025-11-24 02h22.24.863926 +0530,
Faces/CFD-IM-728-041-N.jpg,m,beer,m,C,,101,101,0,m,1,0.9955953999888152,None,m,1,0.5434603000176139,None,C,,,,,0,101,101,60,,,,,,,,,304.1472879999783,,,,,,,,,304.1420802999637,304.1472879999783,304.59520539996447,304.59520539996447,304.6615554000018,305.59613709995756,,,,,305.5974680999643,306.1110325999907,306.1110325999907,306.6619986000005,,,,,,,,,m,1,0.9955953999888152,None,m,1,0.5434603000176139,None,,,,,,,,,,,,,,,,,,,,,,,,755668,001,2025-11-24_02h22.23.587,soloProject,,2025.1.1,60.31133921389025,2025-11-24 02h22.24.863926 +0530,
Faces/CFD-IF-602-134-N.jpg,n,doll,n,C,,102,102,0,n,1,0.9080848000012338,None,m,0,2.575995899969712,None,C,,,,,0,102,102,7,,,,,,,,,306.71089259994915,,,,,,,,,306.70653539994964,306.71089259994915,307.1616744999774,307.1616744999774,307.2115446999669,308.0787179999752,,,,,308.08008029998746,308.57774039998185,308.57774039998185,311.1615344999591,,,,,,,,,n,1,0.9080848000012338,None,m,0,2.575995899969712,None,,,,,,,,,,,,,,,,,,,,,,,,755668,001,2025-11-24_02h22.23.587,soloProject,,2025.1.1,60.31133921389025,2025-11-24 02h22.24.863926 +0530,
Faces/CFD-IF-605-066-N.jpg,n,bowtie,m,I,,103,103,0,n,1,4.17196549999062,None,m,1,1.615876699972432,None,C,,,,,0,103,103,44,,,,,,,,,311.2136569999857,,,,,,,,,311.2094412999577,311.2136569999857,311.6616601999849,311.6616601999849,311.72830689995317,315.84586809994653,,,,,315.8470970999915,316.34414649999235,316.34414649999235,317.9616341999499,,,,,,,,,n,1,4.17196549999062,None,m,1,1.615876699972432,None,,,,,,,,,,,,,,,,,,,,,,,,755668,001,2025-11-24_02h22.23.587,soloProject,,2025.1.1,60.31133921389025,2025-11-24 02h22.24.863926 +0530,
Faces/CFD-IM-731-223-N.jpg,m,beer,m,C,,104,104,0,m,1,1.3716940999729559,None,m,1,3.893532900023274,None,C,,,,,0,104,104,66,,,,,,,,,318.0112185999751,,,,,,,,,318.0068646,318.0112185999751,318.46319529996254,318.46319529996254,318.5111999999499,319.84503389999736,,,,,319.8461292999564,320.3442045999691,320.3442045999691,324.2446461999789,,,,,,,,,m,1,1.3716940999729559,None,m,1,3.893532900023274,None,,,,,,,,,,,,,,,,,,,,,,,,755668,001,2025-11-24_02h22.23.587,soloProject,,2025.1.1,60.31133921389025,2025-11-24 02h22.24.863926 +0530,
Faces/CFD-IM-731-223-N.jpg,m,jewelry,n,I,,105,105,0,m,1,0.4242404000251554,None,n,1,0.5661111999652348,None,C,,,,,0,105,105,101,,,,,,,,,324.29657659999793,,,,,,,,,324.291961699957,324.29657659999793,324.7451006999472,324.7451006999472,324.8114560999675,325.1781839999603,,,,,325.17968039994594,325.67749619996175,325.67749619996175,326.2450947999605,,,,,,,,,m,1,0.4242404000251554,None,n,1,0.5661111999652348,None,,,,,,,,,,,,,,,,,,,,,,,,755668,001,2025-11-24_02h22.23.587,soloProject,,2025.1.1,60.31133921389025,2025-11-24 02h22.24.863926 +0530,
Faces/CFD-IM-738-191-N.jpg,m,dress,n,I,,106,106,0,m,1,0.6666220999904908,None,n,1,0.6037391999852844,None,C,,,,,0,106,106,111,,,,,,,,,326.29792839998845,,,,,,,,,326.29351529997075,326.29792839998845,326.7447232999839,326.7447232999839,326.8113297999953,327.41222879994893,,,,,327.4135296999593,327.9273979999707,327.9273979999707,328.5457843999611,,,,,,,,,m,1,0.6666220999904908,None,n,1,0.6037391999852844,None,,,,,,,,,,,,,,,,,,,,,,,,755668,001,2025-11-24_02h22.23.587,soloProject,,2025.1.1,60.31133921389025,2025-11-24 02h22.24.863926 +0530,
Faces/CFD-IF-609-408-N.jpg,n,dress,n,C,,107,107,0,n,1,0.5229127000202425,None,n,1,0.4210042999475263,None,C,,,,,0,107,107,27,,,,,,,,,328.59712059999583,,,,,,,,,328.59249789995374,328.59712059999583,329.06121039995924,329.06121039995924,329.1121097999858,329.59495529998094,,,,,329.5950171999866,330.0941005999921,330.0941005999921,330.5278052999638,,,,,,,,,n,1,0.5229127000202425,None,n,1,0.4210042999475263,None,,,,,,,,,,,,,,,,,,,,,,,,755668,001,2025-11-24_02h22.23.587,soloProject,,2025.1.1,60.31133921389025,2025-11-24 02h22.24.863926 +0530,
Faces/CFD-IF-609-408-N.jpg,n,football,m,I,,108,108,0,n,1,0.4589325999841094,None,m,1,0.39060159999644384,None,C,,,,,0,108,108,59,,,,,,,,,330.5829338999465,,,,,,,,,330.5785406999639,330.5829338999465,331.0284091999638,331.0284091999638,331.09498709999025,331.49521699995967,,,,,331.49662759999046,331.99404219997814,331.99404219997814,332.3945681999903,,,,,,,,,n,1,0.4589325999841094,None,m,1,0.39060159999644384,None,,,,,,,,,,,,,,,,,,,,,,,,755668,001,2025-11-24_02h22.23.587,soloProject,,2025.1.1,60.31133921389025,2025-11-24 02h22.24.863926 +0530,
Faces/CFD-IM-739-012-N.jpg,m,cigar,m,C,,109,109,0,n,0,1.9288467000005767,None,m,1,1.0856632000068203,None,C,,,,,0,109,109,88,,,,,,,,,332.4464805999887,,,,,,,,,332.441628200002,332.4464805999887,332.89495159999933,332.89495159999933,332.96130399999674,334.8286884999834,,,,,334.83006739994744,335.34400389995426,335.34400389995426,336.4443906999659,,,,,,,,,n,0,1.9288467000005767,None,m,1,1.0856632000068203,None,,,,,,,,,,,,,,,,,,,,,,,,755668,001,2025-11-24_02h22.23.587,soloProject,,2025.1.1,60.31133921389025,2025-11-24 02h22.24.863926 +0530,
Faces/CFD-IM-728-041-N.jpg,m,cigar,m,C,,110,110,0,m,1,0.467694399994798,None,m,1,0.6885401000035927,None,C,,,,,0,110,110,64,,,,,,,,,336.4977764999494,,,,,,,,,336.4915450999979,336.4977764999494,336.94460009998875,336.94460009998875,337.0111993000028,337.4131093999604,,,,,337.41315599996597,337.92774509999435,337.92774509999435,338.6275781999575,,,,,,,,,m,1,0.467694399994798,None,m,1,0.6885401000035927,None,,,,,,,,,,,,,,,,,,,,,,,,755668,001,2025-11-24_02h22.23.587,soloProject,,2025.1.1,60.31133921389025,2025-11-24 02h22.24.863926 +0530,
Faces/CFD-IF-608-390-N.jpg,n,doll,n,C,,111,111,0,n,1,1.1822368999710307,None,n,1,1.3306788999470882,None,C,,,,,0,111,111,19,,,,,,,,,338.6827654999797,,,,,,,,,338.6780401999713,338.6827654999797,339.12899329996435,339.12899329996435,339.19437659997493,340.31328299996676,,,,,340.31465189997107,340.8273252999643,340.8273252999643,342.1607251999667,,,,,,,,,n,1,1.1822368999710307,None,n,1,1.3306788999470882,None,,,,,,,,,,,,,,,,,,,,,,,,755668,001,2025-11-24_02h22.23.587,soloProject,,2025.1.1,60.31133921389025,2025-11-24 02h22.24.863926 +0530,
Faces/CFD-IF-602-134-N.jpg,n,perfume,n,C,,112,112,0,n,1,0.5203865999937989,None,n,1,0.44462949997978285,None,C,,,,,0,112,112,6,,,,,,,,,342.21433079999406,,,,,,,,,342.20944859995507,342.21433079999406,342.6609461999615,342.6609461999615,342.72759959998075,343.19487229996594,,,,,343.1972749999841,343.6938674999983,343.6938674999983,344.1441245999886,,,,,,,,,n,1,0.5203865999937989,None,n,1,0.44462949997978285,None,,,,,,,,,,,,,,,,,,,,,,,,755668,001,2025-11-24_02h22.23.587,soloProject,,2025.1.1,60.31133921389025,2025-11-24 02h22.24.863926 +0530,
Faces/CFD-IM-728-041-N.jpg,m,football,m,C,,113,113,0,m,1,0.6437462999601848,None,m,1,0.539683100010734,None,C,,,,,0,113,113,65,,,,,,,,,344.20110319997184,,,,,,,,,344.196432799974,344.20110319997184,344.64852429996245,344.64852429996245,344.7109097999637,345.2949976999662,,,,,345.2964307999937,345.81037500000093,345.81037500000093,346.36166279995814,,,,,,,,,m,1,0.6437462999601848,None,m,1,0.539683100010734,None,,,,,,,,,,,,,,,,,,,,,,,,755668,001,2025-11-24_02h22.23.587,soloProject,,2025.1.1,60.31133921389025,2025-11-24 02h22.24.863926 +0530,
Faces/CFD-IM-736-361-N.jpg,m,perfume,n,I,,114,114,0,m,1,0.46016670000972226,None,n,1,0.6562711999868043,None,C,,,,,0,114,114,102,,,,,,,,,346.4154929999495,,,,,,,,,346.41054009995423,346.4154929999495,346.87755869998364,346.87755869998364,346.9275757999858,347.3460683999583,,,,,347.34754099999554,347.86032409995096,347.86032409995096,348.527394899982,,,,,,,,,m,1,0.46016670000972226,None,n,1,0.6562711999868043,None,,,,,,,,,,,,,,,,,,,,,,,,755668,001,2025-11-24_02h22.23.587,soloProject,,2025.1.1,60.31133921389025,2025-11-24 02h22.24.863926 +0530,
Faces/CFD-IF-601-519-N.jpg,n,flower,n,C,,115,115,0,n,1,0.7384607000276446,None,n,1,0.6880536000244319,None,C,,,,,0,115,115,2,,,,,,,,,348.5817102000001,,,,,,,,,348.57707759999903,348.5817102000001,349.0276826999616,349.0276826999616,349.09435789997224,349.77786079997895,,,,,349.7804026999511,350.27716149995103,350.27716149995103,350.9779639999615,,,,,,,,,n,1,0.7384607000276446,None,n,1,0.6880536000244319,None,,,,,,,,,,,,,,,,,,,,,,,,755668,001,2025-11-24_02h22.23.587,soloProject,,2025.1.1,60.31133921389025,2025-11-24 02h22.24.863926 +0530,
Faces/CFD-IF-601-519-N.jpg,n,doll,n,C,,116,116,0,n,1,0.6416477999882773,None,n,1,0.6257453000289388,None,C,,,,,0,116,116,1,,,,,,,,,351.0341579999658,,,,,,,,,351.0295192999765,351.0341579999658,351.477395599999,351.477395599999,351.54464929999085,352.12819099996705,,,,,352.12959869997576,352.6270457999781,352.6270457999781,353.261197099986,,,,,,,,,n,1,0.6416477999882773,None,n,1,0.6257453000289388,None,,,,,,,,,,,,,,,,,,,,,,,,755668,001,2025-11-24_02h22.23.587,soloProject,,2025.1.1,60.31133921389025,2025-11-24 02h22.24.863926 +0530,
Faces/CFD-IM-728-041-N.jpg,m,lipstick,n,I,,117,117,0,m,1,0.5110304999980144,None,n,1,2.2627579999971204,None,C,,,,,0,117,117,94,,,,,,,,,353.3125239999499,,,,,,,,,353.307628199982,353.3125239999499,353.7607681999798,353.7607681999798,353.8106809000019,354.278569099959,,,,,354.2804067999823,354.79378069995437,354.79378069995437,357.0609185999492,,,,,,,,,m,1,0.5110304999980144,None,n,1,2.2627579999971204,None,,,,,,,,,,,,,,,,,,,,,,,,755668,001,2025-11-24_02h22.23.587,soloProject,,2025.1.1,60.31133921389025,2025-11-24 02h22.24.863926 +0530,
Faces/CFD-IF-608-390-N.jpg,n,jewelry,n,C,,118,118,0,n,1,0.654438300000038,None,n,1,0.4137965000118129,None,C,,,,,0,118,118,23,,,,,,,,,357.1181005999679,,,,,,,,,357.1126473999466,357.1181005999679,357.5614327999647,357.5614327999647,357.62780029996065,358.22782339999685,,,,,358.2307623999659,358.74386729998514,358.74386729998514,359.1612053999561,,,,,,,,,n,1,0.654438300000038,None,n,1,0.4137965000118129,None,,,,,,,,,,,,,,,,,,,,,,,,755668,001,2025-11-24_02h22.23.587,soloProject,,2025.1.1,60.31133921389025,2025-11-24 02h22.24.863926 +0530,
Faces/CFD-IM-731-223-N.jpg,m,hammer,m,C,,119,119,0,m,1,0.42751439998392016,None,m,1,0.8803234999650158,None,C,,,,,0,119,119,67,,,,,,,,,359.2086241999641,,,,,,,,,359.2039686999633,359.2086241999641,359.6774046999635,359.6774046999635,359.7106830999837,360.11107309994986,,,,,360.1123430999578,360.6106062999461,360.6106062999461,361.4937690999941,,,,,,,,,m,1,0.42751439998392016,None,m,1,0.8803234999650158,None,,,,,,,,,,,,,,,,,,,,,,,,755668,001,2025-11-24_02h22.23.587,soloProject,,2025.1.1,60.31133921389025,2025-11-24 02h22.24.863926 +0530,
,,,,,,,,,,,,,,,,,,,,,,,,,,,,,,,,,,,,,,,,,,,,,,,,,,,,,,,,,,,,,,,,,,,,,,,,,361.49384219996864,361.5109816999757,361.5109816999757,392.71030429995153,space,31.189873399969656,None,,,,,,,,,,,,,,,,,755668,001,2025-11-24_02h22.23.587,soloProject,,2025.1.1,60.31133921389025,2025-11-24 02h22.24.863926 +0530,
Faces/CFD-IM-728-041-N.jpg,n,cigar,m,C,I,0,0,0,n,1,0.5891772999893874,None,m,1,0.721497000020463,None,,,,,,,,,,0,0,0,7,,,,,392.7701662000036,,,,,,,,,392.76549159997376,392.7701662000036,393.21054899995215,393.21054899995215,393.2769432999776,393.81084739998914,,,,,393.8120971999597,394.3272098999587,394.3272098999587,395.0602656999836,,,,,,,,,,,,,,,,,,,,,,,,n,1,0.5891772999893874,None,m,1,0.721497000020463,None,,,,,,,,,755668,001,2025-11-24_02h22.23.587,soloProject,,2025.1.1,60.31133921389025,2025-11-24 02h22.24.863926 +0530,
Faces/CFD-IM-731-223-N.jpg,n,jewelry,n,I,I,1,1,0,m,0,0.5305042999680154,None,n,1,1.2869783000205643,None,,,,,,,,,,0,1,1,11,,,,,395.10722689999966,,,,,,,,,395.1030128999846,395.10722689999966,395.5603183999774,395.5603183999774,395.6109638999915,396.09384399995906,,,,,396.09524629998486,396.59287409996614,396.59287409996614,397.893353499996,,,,,,,,,,,,,,,,,,,,,,,,m,0,0.5305042999680154,None,n,1,1.2869783000205643,None,,,,,,,,,755668,001,2025-11-24_02h22.23.587,soloProject,,2025.1.1,60.31133921389025,2025-11-24 02h22.24.863926 +0530,
Faces/CFD-IM-728-041-N.jpg,n,briefcase,m,C,I,2,2,0,n,1,0.7000758000067435,None,m,1,0.7857315000146627,None,,,,,,,,,,0,2,2,6,,,,,397.94253129995195,,,,,,,,,397.9380126000033,397.94253129995195,398.39370889996644,398.39370889996644,398.4437068999978,399.0942109999596,,,,,399.09555339999497,399.59298949997174,399.59298949997174,400.3933283999795,,,,,,,,,,,,,,,,,,,,,,,,n,1,0.7000758000067435,None,m,1,0.7857315000146627,None,,,,,,,,,755668,001,2025-11-24_02h22.23.587,soloProject,,2025.1.1,60.31133921389025,2025-11-24 02h22.24.863926 +0530,
Faces/CFD-IF-602-134-N.jpg,m,hammer,m,I,I,3,3,0,m,1,2.563144600018859,None,m,1,0.9425785000203177,None,,,,,,,,,,0,3,3,4,,,,,400.4447191999643,,,,,,,,,400.4397881999612,400.4447191999643,400.89367679995485,400.89367679995485,400.9439099999727,403.46085119998315,,,,,403.4621878999751,403.9599491999834,403.9599491999834,404.910173799959,,,,,,,,,,,,,,,,,,,,,,,,m,1,2.563144600018859,None,m,1,0.9425785000203177,None,,,,,,,,,755668,001,2025-11-24_02h22.23.587,soloProject,,2025.1.1,60.31133921389025,2025-11-24 02h22.24.863926 +0530,
Faces/CFD-IM-731-223-N.jpg,n,dress,n,I,I,4,4,0,m,0,1.2963021000032313,None,n,1,3.1481875000172295,None,,,,,,,,,,0,4,4,9,,,,,404.9610727999825,,,,,,,,,404.95676329999696,404.9610727999825,405.4099251999869,405.4099251999869,405.4768793999683,406.71103129995754,,,,,406.71257609996246,407.2260884999996,407.2260884999996,410.3765487999772,,,,,,,,,,,,,,,,,,,,,,,,m,0,1.2963021000032313,None,n,1,3.1481875000172295,None,,,,,,,,,755668,001,2025-11-24_02h22.23.587,soloProject,,2025.1.1,60.31133921389025,2025-11-24 02h22.24.863926 +0530,
Faces/CFD-IF-602-134-N.jpg,m,beer,m,I,I,5,5,0,m,1,15.870396599988453,None,m,1,1.1149573000147939,None,,,,,,,,,,0,5,5,3,,,,,410.4256913999561,,,,,,,,,410.42082369996933,410.4256913999561,410.8767838999629,410.8767838999629,410.9265876999707,426.76006869995035,,,,,426.76130259997444,427.25967909995234,427.25967909995234,428.3761522999848,,,,,,,,,,,,,,,,,,,,,,,,m,1,15.870396599988453,None,m,1,1.1149573000147939,None,,,,,,,,,755668,001,2025-11-24_02h22.23.587,soloProject,,2025.1.1,60.31133921389025,2025-11-24 02h22.24.863926 +0530,
Faces/CFD-IF-601-519-N.jpg,m,doll,n,C,I,6,6,0,m,1,0.9392906000139192,None,n,1,0.5923916000174358,None,,,,,,,,,,0,6,6,1,,,,,428.42332609998994,,,,,,,,,428.4186797000002,428.42332609998994,428.87640109995846,428.87640109995846,428.9266073000035,429.82684059999883,,,,,429.8283598999842,430.3261216999963,430.3261216999963,430.9261409000028,,,,,,,,,,,,,,,,,,,,,,,,m,1,0.9392906000139192,None,n,1,0.5923916000174358,None,,,,,,,,,755668,001,2025-11-24_02h22.23.587,soloProject,,2025.1.1,60.31133921389025,2025-11-24 02h22.24.863926 +0530,
Faces/CFD-IF-602-134-N.jpg,m,bowtie,m,I,I,7,7,0,m,1,0.6164939999580383,None,m,1,1.0152322000358254,None,,,,,,,,,,0,7,7,5,,,,,430.9777780000004,,,,,,,,,430.97307939996244,430.9777780000004,431.4264266999671,431.4264266999671,431.4763089999906,432.04384359996766,,,,,432.0450755999773,432.55920829996467,432.55920829996467,433.57605999999214,,,,,,,,,,,,,,,,,,,,,,,,m,1,0.6164939999580383,None,m,1,1.0152322000358254,None,,,,,,,,,755668,001,2025-11-24_02h22.23.587,soloProject,,2025.1.1,60.31133921389025,2025-11-24 02h22.24.863926 +0530,
Faces/CFD-IM-728-041-N.jpg,n,football,m,C,I,8,8,0,n,1,2.223461299960036,None,m,1,0.8002914999960922,None,,,,,,,,,,0,8,8,8,,,,,433.62217919999966,,,,,,,,,433.6180190999876,433.62217919999966,434.07647759997053,434.07647759997053,434.1265752999461,436.30984529998386,,,,,436.3113498999737,436.80940889997873,436.80940889997873,437.6268250999856,,,,,,,,,,,,,,,,,,,,,,,,n,1,2.223461299960036,None,m,1,0.8002914999960922,None,,,,,,,,,755668,001,2025-11-24_02h22.23.587,soloProject,,2025.1.1,60.31133921389025,2025-11-24 02h22.24.863926 +0530,
Faces/CFD-IF-601-519-N.jpg,m,perfume,n,C,I,9,9,0,m,1,1.5830215000314638,None,n,1,1.2909841000218876,None,,,,,,,,,,0,9,9,0,,,,,437.6715248999535,,,,,,,,,437.6673123999499,437.6715248999535,438.1426733999979,438.1426733999979,438.17659119999735,439.7268258999684,,,,,439.72826969996095,440.242541399959,440.242541399959,441.54286200000206,,,,,,,,,,,,,,,,,,,,,,,,m,1,1.5830215000314638,None,n,1,1.2909841000218876,None,,,,,,,,,755668,001,2025-11-24_02h22.23.587,soloProject,,2025.1.1,60.31133921389025,2025-11-24 02h22.24.863926 +0530,
Faces/CFD-IM-731-223-N.jpg,n,lipstick,n,I,I,10,10,0,n,1,0.981308699992951,None,m,0,1.030885500018485,None,,,,,,,,,,0,10,10,10,,,,,441.5910434999969,,,,,,,,,441.5860425999854,441.5910434999969,442.0433658999973,442.0433658999973,442.0929285999737,443.02674929995555,,,,,443.0283552999608,443.5258200999815,443.5258200999815,444.55941919999896,,,,,,,,,,,,,,,,,,,,,,,,n,1,0.981308699992951,None,m,0,1.030885500018485,None,,,,,,,,,755668,001,2025-11-24_02h22.23.587,soloProject,,2025.1.1,60.31133921389025,2025-11-24 02h22.24.863926 +0530,
Faces/CFD-IF-601-519-N.jpg,m,flower,n,C,I,11,11,0,m,1,7.233605499961413,None,m,0,3.892595399986021,None,,,,,,,,,,0,11,11,2,,,,,444.60552399995504,,,,,,,,,444.6008956999867,444.60552399995504,445.0603436999954,445.0603436999954,445.1094774999656,452.31017079995945,,,,,452.311958199949,452.82591559999855,452.82591559999855,456.72602519998327,,,,,,,,,,,,,,,,,,,,,,,,m,1,7.233605499961413,None,m,0,3.892595399986021,None,,,,,,,,,755668,001,2025-11-24_02h22.23.587,soloProject,,2025.1.1,60.31133921389025,2025-11-24 02h22.24.863926 +0530,
,,,,,,,,,,,,,,,,,,,,,,,,,,,,,,,,,,,,,,,,,,,,,,,,,,,,,,,,,,,,,456.72609999997076,456.7422428999562,458.2933961999952,458.22576319996733,,,,,,,,,,,,,,,,,,,,,,,,,,,,,,,,755668,001,2025-11-24_02h22.23.587,soloProject,,2025.1.1,60.31133921389025,2025-11-24 02h22.24.863926 +0530,
Faces/CFD-IM-731-223-N.jpg,n,hammer,m,C,I,0,0,0,n,1,1.5985054000047967,None,m,1,0.7521513999672607,None,,,,,,,,,,,,,,0,0,0,67,458.2933961999952,,,,,,,,,458.28866619995097,458.2933961999952,458.726364299946,458.726364299946,458.7930496999761,460.3268421999528,,,,,460.3281233999878,460.84202109999023,460.84202109999023,461.6094840999576,,,,,,,,,,,,,,,,,,,,,,,,,,,,,,,,n,1,1.5985054000047967,None,m,1,0.7521513999672607,None,755668,001,2025-11-24_02h22.23.587,soloProject,,2025.1.1,60.31133921389025,2025-11-24 02h22.24.863926 +0530,
Faces/CFD-IM-739-012-N.jpg,n,cigar,m,C,I,1,1,0,n,1,0.7081432999693789,None,m,1,0.6700765000423416,None,,,,,,,,,,,,,,0,1,1,88,461.66271720000077,,,,,,,,,461.65808859997196,461.66271720000077,462.109310299973,462.109310299973,462.17578059999505,462.8268587999628,,,,,462.8284656999749,463.3418773000012,463.3418773000012,464.0258500999771,,,,,,,,,,,,,,,,,,,,,,,,,,,,,,,,n,1,0.7081432999693789,None,m,1,0.6700765000423416,None,755668,001,2025-11-24_02h22.23.587,soloProject,,2025.1.1,60.31133921389025,2025-11-24 02h22.24.863926 +0530,
Faces/CFD-IF-609-408-N.jpg,m,beer,m,I,I,2,2,0,m,1,1.1634833000134677,None,m,1,1.0174643999780528,None,,,,,,,,,,,,,,0,2,2,54,464.0781100000022,,,,,,,,,464.07309699995676,464.0781100000022,464.5263522999594,464.5263522999594,464.59289969998645,465.6929262999911,,,,,465.69410589995096,466.20832629996585,466.20832629996585,467.24227329995483,,,,,,,,,,,,,,,,,,,,,,,,,,,,,,,,m,1,1.1634833000134677,None,m,1,1.0174643999780528,None,755668,001,2025-11-24_02h22.23.587,soloProject,,2025.1.1,60.31133921389025,2025-11-24 02h22.24.863926 +0530,
Faces/CFD-IM-738-191-N.jpg,n,flower,n,I,I,3,3,0,n,1,1.7509062999743037,None,n,1,1.656583399977535,None,,,,,,,,,,,,,,0,3,3,110,467.29663909994997,,,,,,,,,467.29231379996054,467.29663909994997,467.74256479996257,467.74256479996257,467.8091074999538,469.49436529999366,,,,,469.49666569998953,470.00827029999346,470.00827029999346,471.6756785999751,,,,,,,,,,,,,,,,,,,,,,,,,,,,,,,,n,1,1.7509062999743037,None,n,1,1.656583399977535,None,755668,001,2025-11-24_02h22.23.587,soloProject,,2025.1.1,60.31133921389025,2025-11-24 02h22.24.863926 +0530,
Faces/CFD-IM-736-361-N.jpg,n,briefcase,m,C,I,4,4,0,n,1,1.533787399996072,None,m,1,1.282988800026942,None,,,,,,,,,,,,,,0,4,4,75,471.7287481999956,,,,,,,,,471.72411349997856,471.7287481999956,472.175561299955,472.175561299955,472.24309139995603,473.70975109998835,,,,,473.7126864999882,474.22535389999393,474.22535389999393,475.5094956999528,,,,,,,,,,,,,,,,,,,,,,,,,,,,,,,,n,1,1.533787399996072,None,m,1,1.282988800026942,None,755668,001,2025-11-24_02h22.23.587,soloProject,,2025.1.1,60.31133921389025,2025-11-24 02h22.24.863926 +0530,
Faces/CFD-IM-739-012-N.jpg,n,doll,n,I,I,5,5,0,n,1,0.8121596000273712,None,n,1,1.1788498000241816,None,,,,,,,,,,,,,,0,5,5,115,475.55891029996565,,,,,,,,,475.55424239998683,475.55891029996565,476.0256180999568,476.0256180999568,476.05902099999366,476.84260649996577,,,,,476.84401739999885,477.341858699976,477.341858699976,478.5260342999827,,,,,,,,,,,,,,,,,,,,,,,,,,,,,,,,n,1,0.8121596000273712,None,n,1,1.1788498000241816,None,755668,001,2025-11-24_02h22.23.587,soloProject,,2025.1.1,60.31133921389025,2025-11-24 02h22.24.863926 +0530,
Faces/CFD-IF-608-390-N.jpg,m,dress,n,C,I,6,6,0,m,1,1.0372966999420896,None,n,1,0.7709967999835499,None,,,,,,,,,,,,,,0,6,6,21,478.5803801000002,,,,,,,,,478.57576939999126,478.5803801000002,479.0257382999989,479.0257382999989,479.09264899999835,480.076537499961,,,,,480.0780325999949,480.5917179999524,480.5917179999524,481.37546189996647,,,,,,,,,,,,,,,,,,,,,,,,,,,,,,,,m,1,1.0372966999420896,None,n,1,0.7709967999835499,None,755668,001,2025-11-24_02h22.23.587,soloProject,,2025.1.1,60.31133921389025,2025-11-24 02h22.24.863926 +0530,
Faces/CFD-IF-602-134-N.jpg,m,cigar,m,I,I,7,7,0,m,1,1.1957485000020824,None,m,1,0.8366604999755509,None,,,,,,,,,,,,,,0,7,7,40,481.42854870000156,,,,,,,,,481.42412029998377,481.42854870000156,481.87523399997735,481.87523399997735,481.9429186999914,483.0757681999821,,,,,483.07781129999785,483.57500509999227,483.57500509999227,484.4257715999847,,,,,,,,,,,,,,,,,,,,,,,,,,,,,,,,m,1,1.1957485000020824,None,m,1,0.8366604999755509,None,755668,001,2025-11-24_02h22.23.587,soloProject,,2025.1.1,60.31133921389025,2025-11-24 02h22.24.863926 +0530,
Faces/CFD-IM-738-191-N.jpg,n,perfume,n,I,I,8,8,0,n,1,0.7842043999698944,None,n,1,0.9389253999688663,None,,,,,,,,,,,,,,0,8,8,108,484.4817374999984,,,,,,,,,484.4770314999623,484.4817374999984,484.9256073999568,484.9256073999568,484.9922135999659,485.72585419996176,,,,,485.72765779995825,486.2271585999988,486.2271585999988,487.1752660999773,,,,,,,,,,,,,,,,,,,,,,,,,,,,,,,,n,1,0.7842043999698944,None,n,1,0.9389253999688663,None,755668,001,2025-11-24_02h22.23.587,soloProject,,2025.1.1,60.31133921389025,2025-11-24 02h22.24.863926 +0530,
Faces/CFD-IF-608-390-N.jpg,m,lipstick,n,C,I,9,9,0,m,1,1.1122964000096545,None,n,1,0.986880500044208,None,,,,,,,,,,,,,,0,9,9,22,487.2301517999731,,,,,,,,,487.2248372999602,487.2301517999731,487.67541089997394,487.67541089997394,487.74237519997405,488.7933981999522,,,,,488.7952086000005,489.2921420999919,489.2921420999919,490.2928382999962,,,,,,,,,,,,,,,,,,,,,,,,,,,,,,,,m,1,1.1122964000096545,None,n,1,0.986880500044208,None,755668,001,2025-11-24_02h22.23.587,soloProject,,2025.1.1,60.31133921389025,2025-11-24 02h22.24.863926 +0530,
Faces/CFD-IF-605-066-N.jpg,m,cigar,m,I,I,10,10,0,m,1,0.8503491000155918,None,m,1,0.9763452999759465,None,,,,,,,,,,,,,,0,10,10,46,490.34432469995227,,,,,,,,,490.3401482999907,490.34432469995227,490.80877239996335,490.80877239996335,490.858918599959,491.65972139994847,,,,,491.6610410999856,492.1748952999478,492.1748952999478,493.1585281000007,,,,,,,,,,,,,,,,,,,,,,,,,,,,,,,,m,1,0.8503491000155918,None,m,1,0.9763452999759465,None,755668,001,2025-11-24_02h22.23.587,soloProject,,2025.1.1,60.31133921389025,2025-11-24 02h22.24.863926 +0530,
Faces/CFD-IF-602-134-N.jpg,m,doll,n,C,I,11,11,0,m,1,0.9424317000084557,None,n,1,0.8432222999981605,None,,,,,,,,,,,,,,0,11,11,7,493.2154436999699,,,,,,,,,493.20918499998515,493.2154436999699,493.65877189999446,493.65877189999446,493.72547439998016,494.6088172000018,,,,,494.6101270999643,495.107962399954,495.107962399954,495.9584384999471,,,,,,,,,,,,,,,,,,,,,,,,,,,,,,,,m,1,0.9424317000084557,None,n,1,0.8432222999981605,None,755668,001,2025-11-24_02h22.23.587,soloProject,,2025.1.1,60.31133921389025,2025-11-24 02h22.24.863926 +0530,
Faces/CFD-IF-605-066-N.jpg,m,lipstick,n,C,I,12,12,0,m,1,2.837227000040002,None,n,1,1.8729948999825865,None,,,,,,,,,,,,,,0,12,12,16,496.00559169996995,,,,,,,,,496.0013699999545,496.00559169996995,496.459418799961,496.459418799961,496.50861179997446,499.3087183999596,,,,,499.31022079999093,499.80820549995406,499.80820549995406,501.6915083999629,,,,,,,,,,,,,,,,,,,,,,,,,,,,,,,,m,1,2.837227000040002,None,n,1,1.8729948999825865,None,755668,001,2025-11-24_02h22.23.587,soloProject,,2025.1.1,60.31133921389025,2025-11-24 02h22.24.863926 +0530,
Faces/CFD-IM-739-012-N.jpg,n,hammer,m,C,I,13,13,0,n,1,3.41044939996209,None,m,1,2.3113439999870025,None,,,,,,,,,,,,,,0,13,13,85,501.75408049998805,,,,,,,,,501.7493816999486,501.75408049998805,502.19186609995086,502.19186609995086,502.25827679998474,505.608676999982,,,,,505.6099205999635,506.10804349998944,506.10804349998944,508.4249203999643,,,,,,,,,,,,,,,,,,,,,,,,,,,,,,,,n,1,3.41044939996209,None,m,1,2.3113439999870025,None,755668,001,2025-11-24_02h22.23.587,soloProject,,2025.1.1,60.31133921389025,2025-11-24 02h22.24.863926 +0530,
Faces/CFD-IM-728-041-N.jpg,n,dress,n,I,I,14,14,0,n,1,1.0715388999669813,None,n,1,1.3777190999826416,None,,,,,,,,,,,,,,0,14,14,93,508.4832414999837,,,,,,,,,508.4787698999862,508.4832414999837,508.925082199974,508.925082199974,508.99191179999616,510.0092235999764,,,,,510.0103864999837,510.5076960999868,510.5076960999868,511.89134509995347,,,,,,,,,,,,,,,,,,,,,,,,,,,,,,,,n,1,1.0715388999669813,None,n,1,1.3777190999826416,None,755668,001,2025-11-24_02h22.23.587,soloProject,,2025.1.1,60.31133921389025,2025-11-24 02h22.24.863926 +0530,
Faces/CFD-IM-731-223-N.jpg,n,lipstick,n,I,I,15,15,0,n,1,0.7625893999938853,None,n,1,0.9715998999890871,None,,,,,,,,,,,,,,0,15,15,100,511.9441267999937,,,,,,,,,511.93951529997867,511.9441267999937,512.3925962999929,512.3925962999929,512.4581615999923,513.1589939999976,,,,,513.1605853999499,513.6745832999586,513.6745832999586,514.6584805999883,,,,,,,,,,,,,,,,,,,,,,,,,,,,,,,,n,1,0.7625893999938853,None,n,1,0.9715998999890871,None,755668,001,2025-11-24_02h22.23.587,soloProject,,2025.1.1,60.31133921389025,2025-11-24 02h22.24.863926 +0530,
Faces/CFD-IF-601-519-N.jpg,m,cigar,m,I,I,16,16,0,m,1,4.470673899981193,None,m,1,1.2692439000238664,None,,,,,,,,,,,,,,0,16,16,34,514.7147304999526,,,,,,,,,514.7092317999923,514.7147304999526,515.1581278999802,515.1581278999802,515.2249847999774,519.6424141000025,,,,,519.6437255999772,520.1584029999794,520.1584029999794,521.4410260999575,,,,,,,,,,,,,,,,,,,,,,,,,,,,,,,,m,1,4.470673899981193,None,m,1,1.2692439000238664,None,755668,001,2025-11-24_02h22.23.587,soloProject,,2025.1.1,60.31133921389025,2025-11-24 02h22.24.863926 +0530,
Faces/CFD-IF-609-408-N.jpg,m,football,m,I,I,17,17,0,m,1,0.8807010999880731,None,m,1,0.6599211999564432,None,,,,,,,,,,,,,,0,17,17,59,521.4888866999536,,,,,,,,,521.4843813999905,521.4888866999536,521.9415084999637,521.9415084999637,521.9922821999644,522.8256275999593,,,,,522.8271740999771,523.3408554999623,523.3408554999623,524.0084073999897,,,,,,,,,,,,,,,,,,,,,,,,,,,,,,,,m,1,0.8807010999880731,None,m,1,0.6599211999564432,None,755668,001,2025-11-24_02h22.23.587,soloProject,,2025.1.1,60.31133921389025,2025-11-24 02h22.24.863926 +0530,
Faces/CFD-IF-602-134-N.jpg,m,dress,n,C,I,18,18,0,m,1,0.5815657000057399,None,n,1,0.6068949999753386,None,,,,,,,,,,,,,,0,18,18,9,524.058936699992,,,,,,,,,524.0542797999806,524.058936699992,524.5084028999554,524.5084028999554,524.5584125999594,525.0916806999594,,,,,525.0928713999456,525.5908749999944,525.5908749999944,526.2079794000019,,,,,,,,,,,,,,,,,,,,,,,,,,,,,,,,m,1,0.5815657000057399,None,n,1,0.6068949999753386,None,755668,001,2025-11-24_02h22.23.587,soloProject,,2025.1.1,60.31133921389025,2025-11-24 02h22.24.863926 +0530,
Faces/CFD-IM-739-012-N.jpg,n,perfume,n,I,I,19,19,0,n,1,0.8998993000132032,None,n,1,1.4709800999844447,None,,,,,,,,,,,,,,0,19,19,114,526.2580212999601,,,,,,,,,526.2534202999668,526.2580212999601,526.7083225999959,526.7083225999959,526.7586394999526,527.6086491000024,,,,,527.6113603999838,528.1075776999933,528.1075776999933,529.5912759999628,,,,,,,,,,,,,,,,,,,,,,,,,,,,,,,,n,1,0.8998993000132032,None,n,1,1.4709800999844447,None,755668,001,2025-11-24_02h22.23.587,soloProject,,2025.1.1,60.31133921389025,2025-11-24 02h22.24.863926 +0530,
Faces/CFD-IF-602-134-N.jpg,m,perfume,n,C,I,20,20,0,m,1,1.0982489999732934,None,n,1,0.5770766999921761,None,,,,,,,,,,,,,,0,20,20,6,529.6448338999762,,,,,,,,,529.6400549999671,529.6448338999762,530.091573499958,530.091573499958,530.1582491999725,531.1918302999693,,,,,531.1918763999711,531.6914004999562,531.6914004999562,532.2744215999846,,,,,,,,,,,,,,,,,,,,,,,,,,,,,,,,m,1,1.0982489999732934,None,n,1,0.5770766999921761,None,755668,001,2025-11-24_02h22.23.587,soloProject,,2025.1.1,60.31133921389025,2025-11-24 02h22.24.863926 +0530,
Faces/CFD-IF-609-408-N.jpg,m,perfume,n,C,I,21,21,0,m,1,0.9141232999972999,None,n,1,0.5305168999475427,None,,,,,,,,,,,,,,0,21,21,24,532.3241741999518,,,,,,,,,532.3175181999686,532.3241741999518,532.7748126999941,532.7748126999941,532.8256935999962,533.6917853999767,,,,,533.691832099983,534.1907302999753,534.1907302999753,534.7246833999525,,,,,,,,,,,,,,,,,,,,,,,,,,,,,,,,m,1,0.9141232999972999,None,n,1,0.5305168999475427,None,755668,001,2025-11-24_02h22.23.587,soloProject,,2025.1.1,60.31133921389025,2025-11-24 02h22.24.863926 +0530,
Faces/CFD-IM-728-041-N.jpg,n,doll,n,I,I,22,22,0,n,1,0.8162774000084028,None,n,1,0.9159990000189282,None,,,,,,,,,,,,,,0,22,22,91,534.773608199961,,,,,,,,,534.7678866999922,534.773608199961,535.2246915999567,535.2246915999567,535.2750137999537,536.0414692999911,,,,,536.043371799984,536.541164299997,536.541164299997,537.4574772999622,,,,,,,,,,,,,,,,,,,,,,,,,,,,,,,,n,1,0.8162774000084028,None,n,1,0.9159990000189282,None,755668,001,2025-11-24_02h22.23.587,soloProject,,2025.1.1,60.31133921389025,2025-11-24 02h22.24.863926 +0530,
Faces/CFD-IF-601-519-N.jpg,m,beer,m,I,I,23,23,0,m,1,1.1320067000342533,None,m,1,0.8714440999901854,None,,,,,,,,,,,,,,0,23,23,30,537.5052094999701,,,,,,,,,537.5006392999785,537.5052094999701,537.958065099956,537.958065099956,538.0079960000003,539.0920831999974,,,,,539.0940224999795,539.608318899991,539.608318899991,540.4911834999803,,,,,,,,,,,,,,,,,,,,,,,,,,,,,,,,m,1,1.1320067000342533,None,m,1,0.8714440999901854,None,755668,001,2025-11-24_02h22.23.587,soloProject,,2025.1.1,60.31133921389025,2025-11-24 02h22.24.863926 +0530,
Faces/CFD-IM-728-041-N.jpg,n,flower,n,I,I,24,24,0,n,1,0.8378309999825433,None,n,1,0.927600099996198,None,,,,,,,,,,,,,,0,24,24,92,540.5417224999983,,,,,,,,,540.537086199969,540.5417224999983,540.9913043999695,540.9913043999695,541.0412062999676,541.8421058999957,,,,,541.8434908999479,542.3579414999695,542.3579414999695,543.2921043999959,,,,,,,,,,,,,,,,,,,,,,,,,,,,,,,,n,1,0.8378309999825433,None,n,1,0.927600099996198,None,755668,001,2025-11-24_02h22.23.587,soloProject,,2025.1.1,60.31133921389025,2025-11-24 02h22.24.863926 +0530,
Faces/CFD-IF-605-066-N.jpg,m,briefcase,m,I,I,25,25,0,m,1,1.0863333999877796,None,m,1,0.825146900024265,None,,,,,,,,,,,,,,0,25,25,45,543.3400809000013,,,,,,,,,543.3358337999671,543.3400809000013,543.7914832999813,543.7914832999813,543.8414741999586,544.8918358999654,,,,,544.8934757999959,545.4072880999884,545.4072880999884,546.2407018999802,,,,,,,,,,,,,,,,,,,,,,,,,,,,,,,,m,1,1.0863333999877796,None,m,1,0.825146900024265,None,755668,001,2025-11-24_02h22.23.587,soloProject,,2025.1.1,60.31133921389025,2025-11-24 02h22.24.863926 +0530,
Faces/CFD-IM-736-361-N.jpg,n,flower,n,I,I,26,26,0,n,1,1.1634916000184603,None,n,1,0.777404300053604,None,,,,,,,,,,,,,,0,26,26,104,546.2912249999936,,,,,,,,,546.2865706000011,546.2912249999936,546.7413049999741,546.7413049999741,546.7916314999457,547.9083096999675,,,,,547.9097575999913,548.4074061999563,548.4074061999563,549.1915552999708,,,,,,,,,,,,,,,,,,,,,,,,,,,,,,,,n,1,1.1634916000184603,None,n,1,0.777404300053604,None,755668,001,2025-11-24_02h22.23.587,soloProject,,2025.1.1,60.31133921389025,2025-11-24 02h22.24.863926 +0530,
Faces/CFD-IM-739-012-N.jpg,n,flower,n,I,I,27,27,0,n,1,1.2113108999910764,None,n,1,0.6825997000560164,None,,,,,,,,,,,,,,0,27,27,116,549.2435648999526,,,,,,,,,549.2389277999755,549.2435648999526,549.6912527999957,549.6912527999957,549.7575495999772,550.9084708999726,,,,,550.9085182999843,551.423963499954,551.423963499954,552.1075729999575,,,,,,,,,,,,,,,,,,,,,,,,,,,,,,,,n,1,1.2113108999910764,None,n,1,0.6825997000560164,None,755668,001,2025-11-24_02h22.23.587,soloProject,,2025.1.1,60.31133921389025,2025-11-24 02h22.24.863926 +0530,
Faces/CFD-IM-738-191-N.jpg,n,dress,n,I,I,28,28,0,n,1,0.6830587000004016,None,n,1,0.5578593999962322,None,,,,,,,,,,,,,,0,28,28,111,552.1586334999884,,,,,,,,,552.1542157999938,552.1586334999884,552.607798699988,552.607798699988,552.6743770999601,553.2912954999483,,,,,553.2936283999588,553.7905212999904,553.7905212999904,554.3577346999664,,,,,,,,,,,,,,,,,,,,,,,,,,,,,,,,n,1,0.6830587000004016,None,n,1,0.5578593999962322,None,755668,001,2025-11-24_02h22.23.587,soloProject,,2025.1.1,60.31133921389025,2025-11-24 02h22.24.863926 +0530,
Faces/CFD-IM-738-191-N.jpg,n,football,m,C,I,29,29,0,n,1,0.553701099997852,None,m,1,0.6722767000319436,None,,,,,,,,,,,,,,0,29,29,83,554.4097708999761,,,,,,,,,554.4054666999727,554.4097708999761,554.857707099989,554.857707099989,554.9243588999962,555.4247400999884,,,,,555.4270021999837,555.9237987999804,555.9237987999804,556.6075744999689,,,,,,,,,,,,,,,,,,,,,,,,,,,,,,,,n,1,0.553701099997852,None,m,1,0.6722767000319436,None,755668,001,2025-11-24_02h22.23.587,soloProject,,2025.1.1,60.31133921389025,2025-11-24 02h22.24.863926 +0530,
Faces/CFD-IM-731-223-N.jpg,n,jewelry,n,I,I,30,30,0,n,1,0.8324236000189558,None,n,1,0.6160357999615371,None,,,,,,,,,,,,,,0,30,30,101,556.6562232999713,,,,,,,,,556.652044699993,556.6562232999713,557.1080818999908,557.1080818999908,557.1581531999982,557.9413737999857,,,,,557.9443469999824,558.4578208999592,558.4578208999592,559.0742574999458,,,,,,,,,,,,,,,,,,,,,,,,,,,,,,,,n,1,0.8324236000189558,None,n,1,0.6160357999615371,None,755668,001,2025-11-24_02h22.23.587,soloProject,,2025.1.1,60.31133921389025,2025-11-24 02h22.24.863926 +0530,
Faces/CFD-IM-728-041-N.jpg,n,perfume,n,I,I,31,31,0,n,1,0.7594329999992624,None,n,1,1.0072710000094958,None,,,,,,,,,,,,,,0,31,31,90,559.1224577999674,,,,,,,,,559.1176672999864,559.1224577999674,559.5743777999887,559.5743777999887,559.624391499965,560.3419325999566,,,,,560.3435415999847,560.8576955999597,560.8576955999597,561.8748613999924,,,,,,,,,,,,,,,,,,,,,,,,,,,,,,,,n,1,0.7594329999992624,None,n,1,1.0072710000094958,None,755668,001,2025-11-24_02h22.23.587,soloProject,,2025.1.1,60.31133921389025,2025-11-24 02h22.24.863926 +0530,
Faces/CFD-IF-601-519-N.jpg,m,doll,n,C,I,32,32,0,m,1,0.7843676999909803,None,n,1,0.7290181000134908,None,,,,,,,,,,,,,,0,32,32,1,561.9224172999966,,,,,,,,,561.9173606999684,561.9224172999966,562.3909075999982,562.3909075999982,562.4243702999665,563.1911582999746,,,,,563.1923895999789,563.6905031999922,563.6905031999922,564.4249626999954,,,,,,,,,,,,,,,,,,,,,,,,,,,,,,,,m,1,0.7843676999909803,None,n,1,0.7290181000134908,None,755668,001,2025-11-24_02h22.23.587,soloProject,,2025.1.1,60.31133921389025,2025-11-24 02h22.24.863926 +0530,
Faces/CFD-IM-736-361-N.jpg,n,jewelry,n,I,I,33,33,0,n,1,1.0205566000076942,None,n,1,0.7756617999984883,None,,,,,,,,,,,,,,0,33,33,107,564.4731556999614,,,,,,,,,564.4686128999456,564.4731556999614,564.9411476999521,564.9411476999521,564.974414700002,565.9752783000004,,,,,565.9770793999778,566.4903426999808,566.4903426999808,567.2742572999559,,,,,,,,,,,,,,,,,,,,,,,,,,,,,,,,n,1,1.0205566000076942,None,n,1,0.7756617999984883,None,755668,001,2025-11-24_02h22.23.587,soloProject,,2025.1.1,60.31133921389025,2025-11-24 02h22.24.863926 +0530,
Faces/CFD-IM-728-041-N.jpg,n,hammer,m,C,I,34,34,0,n,1,0.8680017000297084,None,m,1,0.8039107999647968,None,,,,,,,,,,,,,,0,34,34,61,567.321878799994,,,,,,,,,567.3172998999944,567.321878799994,567.7737542999675,567.7737542999675,567.8241843999713,568.6426109999884,,,,,568.644005399954,569.1569899999886,569.1569899999886,569.9745426999871,,,,,,,,,,,,,,,,,,,,,,,,,,,,,,,,n,1,0.8680017000297084,None,m,1,0.8039107999647968,None,755668,001,2025-11-24_02h22.23.587,soloProject,,2025.1.1,60.31133921389025,2025-11-24 02h22.24.863926 +0530,
Faces/CFD-IM-739-012-N.jpg,n,jewelry,n,I,I,35,35,0,n,1,0.66085689997999,None,n,1,1.438967900001444,None,,,,,,,,,,,,,,0,35,35,119,570.0238699999754,,,,,,,,,570.0193289999734,570.0238699999754,570.4742661999771,570.4742661999771,570.5239109999966,571.1411154999514,,,,,571.1425444999477,571.6403951999964,571.6403951999964,573.0905225999886,,,,,,,,,,,,,,,,,,,,,,,,,,,,,,,,n,1,0.66085689997999,None,n,1,1.438967900001444,None,755668,001,2025-11-24_02h22.23.587,soloProject,,2025.1.1,60.31133921389025,2025-11-24 02h22.24.863926 +0530,
Faces/CFD-IM-728-041-N.jpg,n,bowtie,m,C,I,36,36,0,n,1,1.9057203000411391,None,m,1,0.7802860999945551,None,,,,,,,,,,,,,,0,36,36,62,573.1442060999689,,,,,,,,,573.1389942999813,573.1442060999689,573.5913752999622,573.5913752999622,573.6575212999596,575.5082062999718,,,,,575.5095789999468,576.0066334999865,576.0066334999865,576.7910528999637,,,,,,,,,,,,,,,,,,,,,,,,,,,,,,,,n,1,1.9057203000411391,None,m,1,0.7802860999945551,None,755668,001,2025-11-24_02h22.23.587,soloProject,,2025.1.1,60.31133921389025,2025-11-24 02h22.24.863926 +0530,
Faces/CFD-IF-605-066-N.jpg,m,hammer,m,I,I,37,37,0,m,1,0.7490858000237495,None,m,1,2.0486950000049546,None,,,,,,,,,,,,,,0,37,37,43,576.8390394999878,,,,,,,,,576.8342748999712,576.8390394999878,577.3073854999966,577.3073854999966,577.3406899999827,578.0577896999894,,,,,578.0590123999864,578.5572913999786,578.5572913999786,580.6074585999595,,,,,,,,,,,,,,,,,,,,,,,,,,,,,,,,m,1,0.7490858000237495,None,m,1,2.0486950000049546,None,755668,001,2025-11-24_02h22.23.587,soloProject,,2025.1.1,60.31133921389025,2025-11-24 02h22.24.863926 +0530,
Faces/CFD-IM-738-191-N.jpg,n,briefcase,m,C,I,38,38,0,n,1,5.855741499981377,None,m,1,0.7697459000046365,None,,,,,,,,,,,,,,0,38,38,81,580.6601284999633,,,,,,,,,580.6554678999819,580.6601284999633,581.1078598999884,581.1078598999884,581.1749715999467,586.97470229998,,,,,586.9760533999652,587.4738375999732,587.4738375999732,588.2572878999636,,,,,,,,,,,,,,,,,,,,,,,,,,,,,,,,n,1,5.855741499981377,None,m,1,0.7697459000046365,None,755668,001,2025-11-24_02h22.23.587,soloProject,,2025.1.1,60.31133921389025,2025-11-24 02h22.24.863926 +0530,
Faces/CFD-IF-608-390-N.jpg,m,jewelry,n,C,I,39,39,0,m,1,1.0983141000033356,None,n,1,0.6018651999766007,None,,,,,,,,,,,,,,0,39,39,23,588.3078308999538,,,,,,,,,588.3028718999703,588.3078308999538,588.7573454999947,588.7573454999947,588.8074112999602,589.857633699954,,,,,589.8590742999804,590.3569201999926,590.3569201999926,590.9780156999477,,,,,,,,,,,,,,,,,,,,,,,,,,,,,,,,m,1,1.0983141000033356,None,n,1,0.6018651999766007,None,755668,001,2025-11-24_02h22.23.587,soloProject,,2025.1.1,60.31133921389025,2025-11-24 02h22.24.863926 +0530,
Faces/CFD-IF-608-390-N.jpg,m,beer,m,I,I,40,40,0,m,1,0.8987438999465667,None,m,1,0.7480357000022195,None,,,,,,,,,,,,,,0,40,40,48,591.0261496999883,,,,,,,,,591.0216233999818,591.0261496999883,591.4905322999693,591.4905322999693,591.5407041999861,592.3927933999803,,,,,592.3943463999894,592.9070802999777,592.9070802999777,593.6568229999975,,,,,,,,,,,,,,,,,,,,,,,,,,,,,,,,m,1,0.8987438999465667,None,m,1,0.7480357000022195,None,755668,001,2025-11-24_02h22.23.587,soloProject,,2025.1.1,60.31133921389025,2025-11-24 02h22.24.863926 +0530,
Faces/CFD-IF-602-134-N.jpg,m,briefcase,m,I,I,41,41,0,m,1,1.3108158000395633,None,m,1,0.6808239999809302,None,,,,,,,,,,,,,,0,41,41,39,593.7066510999575,,,,,,,,,593.7017505999538,593.7066510999575,594.1572353999945,594.1572353999945,594.2076037999941,595.4745906000026,,,,,595.4761508999509,595.9903057999909,595.9903057999909,596.6738661999698,,,,,,,,,,,,,,,,,,,,,,,,,,,,,,,,m,1,1.3108158000395633,None,m,1,0.6808239999809302,None,755668,001,2025-11-24_02h22.23.587,soloProject,,2025.1.1,60.31133921389025,2025-11-24 02h22.24.863926 +0530,
Faces/CFD-IF-602-134-N.jpg,m,beer,m,I,I,42,42,0,m,1,1.2559263000148349,None,m,1,0.86877000000095,None,,,,,,,,,,,,,,0,42,42,36,596.7196064000018,,,,,,,,,596.7153284999658,596.7196064000018,597.1738763999892,597.1738763999892,597.2245006999583,598.4409208999714,,,,,598.4421704999986,598.9566704999888,598.9566704999888,599.8406341999653,,,,,,,,,,,,,,,,,,,,,,,,,,,,,,,,m,1,1.2559263000148349,None,m,1,0.86877000000095,None,755668,001,2025-11-24_02h22.23.587,soloProject,,2025.1.1,60.31133921389025,2025-11-24 02h22.24.863926 +0530,
Faces/CFD-IF-608-390-N.jpg,m,hammer,m,I,I,43,43,0,m,1,1.8673922000452876,None,m,1,0.5630918999668211,None,,,,,,,,,,,,,,0,43,43,49,599.8883938999497,,,,,,,,,599.8839852999663,599.8883938999497,600.3410520000034,600.3410520000034,600.3903518999577,602.2247009999701,,,,,602.2259407999809,602.7396105999942,602.7396105999942,603.3071640999988,,,,,,,,,,,,,,,,,,,,,,,,,,,,,,,,m,1,1.8673922000452876,None,m,1,0.5630918999668211,None,755668,001,2025-11-24_02h22.23.587,soloProject,,2025.1.1,60.31133921389025,2025-11-24 02h22.24.863926 +0530,
Faces/CFD-IF-602-134-N.jpg,m,bowtie,m,I,I,44,44,0,m,1,0.5873604000080377,None,m,1,0.6503149000345729,None,,,,,,,,,,,,,,0,44,44,38,603.3580473999609,,,,,,,,,603.3532743999967,603.3580473999609,603.8071243999875,603.8071243999875,603.8574724999489,604.4074453999638,,,,,604.4088773999829,604.9231510999962,604.9231510999962,605.5739008999662,,,,,,,,,,,,,,,,,,,,,,,,,,,,,,,,m,1,0.5873604000080377,None,m,1,0.6503149000345729,None,755668,001,2025-11-24_02h22.23.587,soloProject,,2025.1.1,60.31133921389025,2025-11-24 02h22.24.863926 +0530,
Faces/CFD-IM-738-191-N.jpg,n,jewelry,n,I,I,45,45,0,n,1,0.8349753999500535,None,n,1,3.041271099995356,None,,,,,,,,,,,,,,0,45,45,113,605.6205904999515,,,,,,,,,605.6157944999868,605.6205904999515,606.0737887999858,606.0737887999858,606.1241693999618,606.9245273999986,,,,,606.9266210999922,607.4395838999772,607.4395838999772,610.4903244999587,,,,,,,,,,,,,,,,,,,,,,,,,,,,,,,,n,1,0.8349753999500535,None,n,1,3.041271099995356,None,755668,001,2025-11-24_02h22.23.587,soloProject,,2025.1.1,60.31133921389025,2025-11-24 02h22.24.863926 +0530,
Faces/CFD-IM-731-223-N.jpg,n,beer,m,C,I,46,46,0,n,1,0.5733508999692276,None,m,1,1.923986400011927,None,,,,,,,,,,,,,,0,46,46,66,610.5346330999746,,,,,,,,,610.5303771999897,610.5346330999746,610.9901248999522,610.9901248999522,611.0406829999993,611.573811499984,,,,,611.575071099971,612.0730686999741,612.0730686999741,614.0070727999555,,,,,,,,,,,,,,,,,,,,,,,,,,,,,,,,n,1,0.5733508999692276,None,m,1,1.923986400011927,None,755668,001,2025-11-24_02h22.23.587,soloProject,,2025.1.1,60.31133921389025,2025-11-24 02h22.24.863926 +0530,
Faces/CFD-IF-602-134-N.jpg,m,jewelry,n,C,I,47,47,0,m,1,1.5351278000161983,None,n,1,0.5035313999978825,None,,,,,,,,,,,,,,0,47,47,11,614.0568842999637,,,,,,,,,614.0524136999738,614.0568842999637,614.506966899964,614.506966899964,614.5569143999601,616.0575207999791,,,,,616.0588892999804,616.5567086999654,616.5567086999654,617.073917599977,,,,,,,,,,,,,,,,,,,,,,,,,,,,,,,,m,1,1.5351278000161983,None,n,1,0.5035313999978825,None,755668,001,2025-11-24_02h22.23.587,soloProject,,2025.1.1,60.31133921389025,2025-11-24 02h22.24.863926 +0530,
Faces/CFD-IF-608-390-N.jpg,m,bowtie,m,I,I,48,48,0,m,1,0.6602871000068262,None,m,1,0.571666500007268,None,,,,,,,,,,,,,,0,48,48,50,617.122392099991,,,,,,,,,617.1179324999684,617.122392099991,617.5738825000008,617.5738825000008,617.6237480999553,618.2407859999803,,,,,618.2421727000037,618.7566089999746,618.7566089999746,619.3403451999766,,,,,,,,,,,,,,,,,,,,,,,,,,,,,,,,m,1,0.6602871000068262,None,m,1,0.571666500007268,None,755668,001,2025-11-24_02h22.23.587,soloProject,,2025.1.1,60.31133921389025,2025-11-24 02h22.24.863926 +0530,
Faces/CFD-IM-731-223-N.jpg,n,flower,n,I,I,49,49,0,n,1,3.4127151999855414,None,m,0,2.3150880000321195,None,,,,,,,,,,,,,,0,49,49,98,619.3878282999503,,,,,,,,,619.3830824999604,619.3878282999503,619.8403733999585,619.8403733999585,619.8906292999745,623.2577163999667,,,,,623.2594481999986,623.7728949000011,623.7728949000011,626.0896579999826,,,,,,,,,,,,,,,,,,,,,,,,,,,,,,,,n,1,3.4127151999855414,None,m,0,2.3150880000321195,None,755668,001,2025-11-24_02h22.23.587,soloProject,,2025.1.1,60.31133921389025,2025-11-24 02h22.24.863926 +0530,
Faces/CFD-IF-602-134-N.jpg,m,flower,n,C,I,50,50,0,m,1,1.2409497000044212,None,n,1,1.3034506000112742,None,,,,,,,,,,,,,,0,50,50,8,626.1395399999456,,,,,,,,,626.1351071999525,626.1395399999456,626.5901668999577,626.5901668999577,626.6403664999525,627.8407446999918,,,,,627.8407904999913,628.3563697999925,628.3563697999925,629.6732690999634,,,,,,,,,,,,,,,,,,,,,,,,,,,,,,,,m,1,1.2409497000044212,None,n,1,1.3034506000112742,None,755668,001,2025-11-24_02h22.23.587,soloProject,,2025.1.1,60.31133921389025,2025-11-24 02h22.24.863926 +0530,
Faces/CFD-IM-736-361-N.jpg,n,bowtie,m,C,I,51,51,0,n,1,4.97292709996691,None,m,1,0.819981699984055,None,,,,,,,,,,,,,,0,51,51,74,629.7210385999642,,,,,,,,,629.7165993999806,629.7210385999642,630.173056199972,630.173056199972,630.2232484999695,635.1569622999523,,,,,635.1589582999586,635.6559807999874,635.6559807999874,636.4897311999812,,,,,,,,,,,,,,,,,,,,,,,,,,,,,,,,n,1,4.97292709996691,None,m,1,0.819981699984055,None,755668,001,2025-11-24_02h22.23.587,soloProject,,2025.1.1,60.31133921389025,2025-11-24 02h22.24.863926 +0530,
Faces/CFD-IF-601-519-N.jpg,m,perfume,n,C,I,52,52,0,m,1,0.7201318999868818,None,n,1,0.8565169999492355,None,,,,,,,,,,,,,,0,52,52,0,636.5424581999541,,,,,,,,,636.5372372999554,636.5424581999541,636.9903527999995,636.9903527999995,637.0565665999893,637.7234873999842,,,,,637.7250924999826,638.239190399996,638.239190399996,639.1063811999629,,,,,,,,,,,,,,,,,,,,,,,,,,,,,,,,m,1,0.7201318999868818,None,n,1,0.8565169999492355,None,755668,001,2025-11-24_02h22.23.587,soloProject,,2025.1.1,60.31133921389025,2025-11-24 02h22.24.863926 +0530,
Faces/CFD-IM-731-223-N.jpg,n,perfume,n,I,I,53,53,0,n,1,1.4539283000049181,None,n,1,1.1278271999908611,None,,,,,,,,,,,,,,0,53,53,96,639.1501753999619,,,,,,,,,639.145306899969,639.1501753999619,639.6065362999798,639.6065362999798,639.6565580999595,641.07400339999,,,,,641.0740540999686,641.5897807999863,641.5897807999863,642.7229451999883,,,,,,,,,,,,,,,,,,,,,,,,,,,,,,,,n,1,1.4539283000049181,None,n,1,1.1278271999908611,None,755668,001,2025-11-24_02h22.23.587,soloProject,,2025.1.1,60.31133921389025,2025-11-24 02h22.24.863926 +0530,
Faces/CFD-IF-608-390-N.jpg,m,flower,n,C,I,54,54,0,m,1,1.7356754000065848,None,n,1,1.0884949000319466,None,,,,,,,,,,,,,,0,54,54,20,642.7740626999876,,,,,,,,,642.7682696999982,642.7740626999876,643.2236891999491,643.2236891999491,643.2729243999929,644.9733100999729,,,,,644.974671599979,645.4726459999802,645.4726459999802,646.5726580999908,,,,,,,,,,,,,,,,,,,,,,,,,,,,,,,,m,1,1.7356754000065848,None,n,1,1.0884949000319466,None,755668,001,2025-11-24_02h22.23.587,soloProject,,2025.1.1,60.31133921389025,2025-11-24 02h22.24.863926 +0530,
Faces/CFD-IF-609-408-N.jpg,m,flower,n,C,I,55,55,0,m,1,0.7883233999600634,None,n,1,0.7826598999672569,None,,,,,,,,,,,,,,0,55,55,26,646.6216867999756,,,,,,,,,646.6175570999621,646.6216867999756,647.0729292999604,647.0729292999604,647.1231018999824,647.8732682999689,,,,,647.8733159999829,648.3733025999973,648.3733025999973,649.1563588999561,,,,,,,,,,,,,,,,,,,,,,,,,,,,,,,,m,1,0.7883233999600634,None,n,1,0.7826598999672569,None,755668,001,2025-11-24_02h22.23.587,soloProject,,2025.1.1,60.31133921389025,2025-11-24 02h22.24.863926 +0530,
Faces/CFD-IF-601-519-N.jpg,m,football,m,I,I,56,56,0,m,1,0.7489823999931104,None,n,0,0.7323375000269152,None,,,,,,,,,,,,,,0,56,56,35,649.2069383999915,,,,,,,,,649.2025838999543,649.2069383999915,649.6567324999487,649.6567324999487,649.7068379999837,650.4066576999612,,,,,650.4080652999692,650.9056644999655,650.9056644999655,651.6389546999708,,,,,,,,,,,,,,,,,,,,,,,,,,,,,,,,m,1,0.7489823999931104,None,n,0,0.7323375000269152,None,755668,001,2025-11-24_02h22.23.587,soloProject,,2025.1.1,60.31133921389025,2025-11-24 02h22.24.863926 +0530,
Faces/CFD-IF-602-134-N.jpg,m,football,m,I,I,57,57,0,m,1,2.220470200001728,None,m,1,4.716850500029977,None,,,,,,,,,,,,,,0,57,57,41,651.6899647999671,,,,,,,,,651.6851580999792,651.6899647999671,652.1395718999556,652.1395718999556,652.1894398999866,654.373235499952,,,,,654.3732863999903,654.872569500003,654.872569500003,659.5899016999756,,,,,,,,,,,,,,,,,,,,,,,,,,,,,,,,m,1,2.220470200001728,None,m,1,4.716850500029977,None,755668,001,2025-11-24_02h22.23.587,soloProject,,2025.1.1,60.31133921389025,2025-11-24 02h22.24.863926 +0530,
Faces/CFD-IF-605-066-N.jpg,m,dress,n,C,I,58,58,0,m,1,1.3518659999826923,None,n,1,0.5425290999701247,None,,,,,,,,,,,,,,0,58,58,15,659.6353501999984,,,,,,,,,659.6308980999747,659.6353501999984,660.106196299952,660.106196299952,660.1400161999627,661.4735239999718,,,,,661.474752399954,661.9889376999927,661.9889376999927,662.5399478999898,,,,,,,,,,,,,,,,,,,,,,,,,,,,,,,,m,1,1.3518659999826923,None,n,1,0.5425290999701247,None,755668,001,2025-11-24_02h22.23.587,soloProject,,2025.1.1,60.31133921389025,2025-11-24 02h22.24.863926 +0530,
Faces/CFD-IM-738-191-N.jpg,n,hammer,m,C,I,59,59,0,n,1,0.7040815000073053,None,m,1,0.6455151999834925,None,,,,,,,,,,,,,,0,59,59,79,662.5932262999704,,,,,,,,,662.5883831999963,662.5932262999704,663.0560955999536,663.0560955999536,663.1065220999881,663.7729529999779,,,,,663.7741398999933,664.289137899992,664.289137899992,664.9393192999996,,,,,,,,,,,,,,,,,,,,,,,,,,,,,,,,n,1,0.7040815000073053,None,m,1,0.6455151999834925,None,755668,001,2025-11-24_02h22.23.587,soloProject,,2025.1.1,60.31133921389025,2025-11-24 02h22.24.863926 +0530,
Faces/CFD-IF-601-519-N.jpg,m,dress,n,C,I,60,60,0,m,1,0.9453726999927312,None,n,1,0.8324234999599867,None,,,,,,,,,,,,,,0,60,60,3,664.9857132000034,,,,,,,,,664.9812006999855,664.9857132000034,665.4395933999913,665.4395933999913,665.4893287000014,666.3895003999933,,,,,666.3907045999658,666.8887815999915,666.8887815999915,667.7227245999966,,,,,,,,,,,,,,,,,,,,,,,,,,,,,,,,m,1,0.9453726999927312,None,n,1,0.8324234999599867,None,755668,001,2025-11-24_02h22.23.587,soloProject,,2025.1.1,60.31133921389025,2025-11-24 02h22.24.863926 +0530,
Faces/CFD-IM-731-223-N.jpg,n,bowtie,m,C,I,61,61,0,n,1,0.882307399995625,None,m,1,0.6264724000357091,None,,,,,,,,,,,,,,0,61,61,68,667.7695502999704,,,,,,,,,667.7647342999699,667.7695502999704,668.223017399956,668.223017399956,668.2727753999643,669.1065291999839,,,,,669.1093425999861,669.6220692999777,669.6220692999777,670.2557685999782,,,,,,,,,,,,,,,,,,,,,,,,,,,,,,,,n,1,0.882307399995625,None,m,1,0.6264724000357091,None,755668,001,2025-11-24_02h22.23.587,soloProject,,2025.1.1,60.31133921389025,2025-11-24 02h22.24.863926 +0530,
Faces/CFD-IM-731-223-N.jpg,n,cigar,m,C,I,62,62,0,n,1,0.8272471000091173,None,m,1,0.7636589999892749,None,,,,,,,,,,,,,,0,62,62,70,670.3090834000031,,,,,,,,,670.3031632999773,670.3090834000031,670.756423099956,670.756423099956,670.8228192999959,671.5912639999879,,,,,671.5925506999483,672.1052034999593,672.1052034999593,672.8724063999834,,,,,,,,,,,,,,,,,,,,,,,,,,,,,,,,n,1,0.8272471000091173,None,m,1,0.7636589999892749,None,755668,001,2025-11-24_02h22.23.587,soloProject,,2025.1.1,60.31133921389025,2025-11-24 02h22.24.863926 +0530,
Faces/CFD-IM-731-223-N.jpg,n,dress,n,I,I,63,63,0,n,1,0.5786521999980323,None,n,1,0.6918720999965444,None,,,,,,,,,,,,,,0,63,63,99,672.9212789000012,,,,,,,,,672.9167893999838,672.9212789000012,673.3724811999709,673.3724811999709,673.423098899948,673.9562536999583,,,,,673.9575450999546,674.458573699987,674.458573699987,675.1561731999973,,,,,,,,,,,,,,,,,,,,,,,,,,,,,,,,n,1,0.5786521999980323,None,n,1,0.6918720999965444,None,755668,001,2025-11-24_02h22.23.587,soloProject,,2025.1.1,60.31133921389025,2025-11-24 02h22.24.863926 +0530,
Faces/CFD-IF-609-408-N.jpg,m,briefcase,m,I,I,64,64,0,m,1,1.2930833999998868,None,m,1,1.909886700042989,None,,,,,,,,,,,,,,0,64,64,57,675.2066733999527,,,,,,,,,675.201452099951,675.2066733999527,675.6561006999691,675.6561006999691,675.705842699972,676.95688839996,,,,,676.9584946999676,677.4724274999462,677.4724274999462,679.3888051999966,,,,,,,,,,,,,,,,,,,,,,,,,,,,,,,,m,1,1.2930833999998868,None,m,1,1.909886700042989,None,755668,001,2025-11-24_02h22.23.587,soloProject,,2025.1.1,60.31133921389025,2025-11-24 02h22.24.863926 +0530,
Faces/CFD-IF-601-519-N.jpg,m,lipstick,n,C,I,65,65,0,m,1,0.541694900020957,None,n,1,0.5833406000165269,None,,,,,,,,,,,,,,0,65,65,4,679.4379069999559,,,,,,,,,679.4324869999546,679.4379069999559,679.8893115999526,679.8893115999526,679.9393104999908,680.4400432999828,,,,,680.441434599983,680.9552751999581,680.9552751999581,681.5389164999942,,,,,,,,,,,,,,,,,,,,,,,,,,,,,,,,m,1,0.541694900020957,None,n,1,0.5833406000165269,None,755668,001,2025-11-24_02h22.23.587,soloProject,,2025.1.1,60.31133921389025,2025-11-24 02h22.24.863926 +0530,
Faces/CFD-IM-728-041-N.jpg,n,lipstick,n,I,I,66,66,0,n,1,0.5211892999941483,None,n,1,0.6664905000361614,None,,,,,,,,,,,,,,0,66,66,94,681.5882416999666,,,,,,,,,681.5835482999682,681.5882416999666,682.0398111999966,682.0398111999966,682.089049299946,682.5732827999745,,,,,682.5733290999779,683.0887447999557,683.0887447999557,683.755887999956,,,,,,,,,,,,,,,,,,,,,,,,,,,,,,,,n,1,0.5211892999941483,None,n,1,0.6664905000361614,None,755668,001,2025-11-24_02h22.23.587,soloProject,,2025.1.1,60.31133921389025,2025-11-24 02h22.24.863926 +0530,
Faces/CFD-IF-609-408-N.jpg,m,bowtie,m,I,I,67,67,0,m,1,0.8896173999528401,None,m,1,0.6646061000064947,None,,,,,,,,,,,,,,0,67,67,56,683.8086526999832,,,,,,,,,683.8031738999998,683.8086526999832,684.2554810000001,684.2554810000001,684.3223277999787,685.1560198999941,,,,,685.1578064999776,685.6551365999621,685.6551365999621,686.3221562999533,,,,,,,,,,,,,,,,,,,,,,,,,,,,,,,,m,1,0.8896173999528401,None,m,1,0.6646061000064947,None,755668,001,2025-11-24_02h22.23.587,soloProject,,2025.1.1,60.31133921389025,2025-11-24 02h22.24.863926 +0530,
Faces/CFD-IM-731-223-N.jpg,n,football,m,C,I,68,68,0,n,1,0.6403171999845654,None,n,0,0.5975274000084028,None,,,,,,,,,,,,,,0,68,68,71,686.3747289999737,,,,,,,,,686.3702753999969,686.3747289999737,686.8222883999697,686.8222883999697,686.8889431999996,687.472534200002,,,,,687.4751898999675,687.9889774999465,687.9889774999465,688.5889832999674,,,,,,,,,,,,,,,,,,,,,,,,,,,,,,,,n,1,0.6403171999845654,None,n,0,0.5975274000084028,None,755668,001,2025-11-24_02h22.23.587,soloProject,,2025.1.1,60.31133921389025,2025-11-24 02h22.24.863926 +0530,
Faces/CFD-IM-738-191-N.jpg,n,cigar,m,C,I,69,69,0,n,1,0.8421960999839939,None,m,1,1.402561200025957,None,,,,,,,,,,,,,,0,69,69,82,688.6423480999656,,,,,,,,,688.6374807999819,688.6423480999656,689.0888949999935,689.0888949999935,689.1556886999751,689.9392888000002,,,,,689.940532299981,690.4382304999745,690.4382304999745,691.8552247999469,,,,,,,,,,,,,,,,,,,,,,,,,,,,,,,,n,1,0.8421960999839939,None,m,1,1.402561200025957,None,755668,001,2025-11-24_02h22.23.587,soloProject,,2025.1.1,60.31133921389025,2025-11-24 02h22.24.863926 +0530,
Faces/CFD-IM-739-012-N.jpg,n,bowtie,m,C,I,70,70,0,n,1,0.8651762999943458,None,m,1,1.8275840999558568,None,,,,,,,,,,,,,,0,70,70,86,691.9089202999603,,,,,,,,,691.9042016000021,691.9089202999603,692.3557583999936,692.3557583999936,692.4221540999715,693.2230787999579,,,,,693.2259027999826,693.7217736999737,693.7217736999737,695.5559477999923,,,,,,,,,,,,,,,,,,,,,,,,,,,,,,,,n,1,0.8651762999943458,None,m,1,1.8275840999558568,None,755668,001,2025-11-24_02h22.23.587,soloProject,,2025.1.1,60.31133921389025,2025-11-24 02h22.24.863926 +0530,
Faces/CFD-IF-601-519-N.jpg,m,hammer,m,I,I,71,71,0,m,1,0.6598294000141323,None,m,1,1.4772864999831654,None,,,,,,,,,,,,,,0,71,71,31,695.6081143999472,,,,,,,,,695.6037145999726,695.6081143999472,696.0721464999951,696.0721464999951,696.1231903999578,696.7396578999469,,,,,696.7411650999566,697.254884199996,697.254884199996,698.7385696999845,,,,,,,,,,,,,,,,,,,,,,,,,,,,,,,,m,1,0.6598294000141323,None,m,1,1.4772864999831654,None,755668,001,2025-11-24_02h22.23.587,soloProject,,2025.1.1,60.31133921389025,2025-11-24 02h22.24.863926 +0530,
Faces/CFD-IM-736-361-N.jpg,n,football,m,C,I,72,72,0,n,1,0.7586363999871537,None,m,1,1.84532040002523,None,,,,,,,,,,,,,,0,72,72,77,698.7912093999912,,,,,,,,,698.7858458999544,698.7912093999912,699.2391362999915,699.2391362999915,699.3056209999486,700.0056468999828,,,,,700.0085690999986,700.5047452999861,700.5047452999861,702.3551985999802,,,,,,,,,,,,,,,,,,,,,,,,,,,,,,,,n,1,0.7586363999871537,None,m,1,1.84532040002523,None,755668,001,2025-11-24_02h22.23.587,soloProject,,2025.1.1,60.31133921389025,2025-11-24 02h22.24.863926 +0530,
Faces/CFD-IM-739-012-N.jpg,n,lipstick,n,I,I,73,73,0,n,1,4.591855300008319,None,n,1,0.6618166000116616,None,,,,,,,,,,,,,,0,73,73,118,702.4100862999912,,,,,,,,,702.4039588999585,702.4100862999912,702.8559780999785,702.8559780999785,702.9220300999586,707.4558712999569,,,,,707.4575070999563,707.9550985999522,707.9550985999522,708.6226048999815,,,,,,,,,,,,,,,,,,,,,,,,,,,,,,,,n,1,4.591855300008319,None,n,1,0.6618166000116616,None,755668,001,2025-11-24_02h22.23.587,soloProject,,2025.1.1,60.31133921389025,2025-11-24 02h22.24.863926 +0530,
Faces/CFD-IF-605-066-N.jpg,m,perfume,n,C,I,74,74,0,m,1,2.123789499979466,None,m,0,3.1922779000015,None,,,,,,,,,,,,,,0,74,74,12,708.6740617999458,,,,,,,,,708.6691789999604,708.6740617999458,709.1384431999759,709.1384431999759,709.188597499975,711.272406199947,,,,,711.2738522999571,711.7715612999746,711.7715612999746,714.9716531999875,,,,,,,,,,,,,,,,,,,,,,,,,,,,,,,,m,1,2.123789499979466,None,m,0,3.1922779000015,None,755668,001,2025-11-24_02h22.23.587,soloProject,,2025.1.1,60.31133921389025,2025-11-24 02h22.24.863926 +0530,
Faces/CFD-IF-609-408-N.jpg,m,dress,n,C,I,75,75,0,m,1,1.7840166999958456,None,n,1,2.153037399984896,None,,,,,,,,,,,,,,0,75,75,27,715.0234395999578,,,,,,,,,715.0170985999866,715.0234395999578,715.4720149999484,715.4720149999484,715.5384975999477,717.272835599957,,,,,717.2742340999539,717.7880827999907,717.7880827999907,719.9549325999687,,,,,,,,,,,,,,,,,,,,,,,,,,,,,,,,m,1,1.7840166999958456,None,n,1,2.153037399984896,None,755668,001,2025-11-24_02h22.23.587,soloProject,,2025.1.1,60.31133921389025,2025-11-24 02h22.24.863926 +0530,
Faces/CFD-IF-601-519-N.jpg,m,briefcase,m,I,I,76,76,0,m,1,0.5996732000494376,None,m,1,0.8952612000284716,None,,,,,,,,,,,,,,0,76,76,33,720.0045551999938,,,,,,,,,719.9998908999842,720.0045551999938,720.4550463999622,720.4550463999622,720.5059036999592,721.0556806999957,,,,,721.0570087999804,721.5545851999777,721.5545851999777,722.4550556999748,,,,,,,,,,,,,,,,,,,,,,,,,,,,,,,,m,1,0.5996732000494376,None,m,1,0.8952612000284716,None,755668,001,2025-11-24_02h22.23.587,soloProject,,2025.1.1,60.31133921389025,2025-11-24 02h22.24.863926 +0530,
Faces/CFD-IF-605-066-N.jpg,m,jewelry,n,C,I,77,77,0,m,1,0.9351188000291586,None,n,1,0.7547485000104643,None,,,,,,,,,,,,,,0,77,77,17,722.5033988999785,,,,,,,,,722.4988503999775,722.5033988999785,722.9556655999622,722.9556655999622,723.0050610000035,723.9062961000018,,,,,723.9077124999603,724.4209679999622,724.4209679999622,725.189109799976,,,,,,,,,,,,,,,,,,,,,,,,,,,,,,,,m,1,0.9351188000291586,None,n,1,0.7547485000104643,None,755668,001,2025-11-24_02h22.23.587,soloProject,,2025.1.1,60.31133921389025,2025-11-24 02h22.24.863926 +0530,
Faces/CFD-IF-601-519-N.jpg,m,flower,n,C,I,78,78,0,m,1,0.7097700999584049,None,n,1,0.5456388000166044,None,,,,,,,,,,,,,,0,78,78,2,725.2415843999479,,,,,,,,,725.2358860999811,725.2415843999479,725.7050442999462,725.7050442999462,725.7551215999993,726.4227716999594,,,,,726.4241655999795,726.9378656999907,726.9378656999907,727.4886322999955,,,,,,,,,,,,,,,,,,,,,,,,,,,,,,,,m,1,0.7097700999584049,None,n,1,0.5456388000166044,None,755668,001,2025-11-24_02h22.23.587,soloProject,,2025.1.1,60.31133921389025,2025-11-24 02h22.24.863926 +0530,
Faces/CFD-IF-601-519-N.jpg,m,bowtie,m,I,I,79,79,0,m,1,0.502580099971965,None,m,1,0.7240037000156008,None,,,,,,,,,,,,,,0,79,79,32,727.5428595999838,,,,,,,,,727.5370925999596,727.5428595999838,727.9886579999584,727.9886579999584,728.0552156999474,728.5055446999613,,,,,728.5067796999938,729.0209859999595,729.0209859999595,729.7552362999995,,,,,,,,,,,,,,,,,,,,,,,,,,,,,,,,m,1,0.502580099971965,None,m,1,0.7240037000156008,None,755668,001,2025-11-24_02h22.23.587,soloProject,,2025.1.1,60.31133921389025,2025-11-24 02h22.24.863926 +0530,
Faces/CFD-IF-605-066-N.jpg,m,flower,n,C,I,80,80,0,m,1,0.49238459998741746,None,n,1,0.7766594000277109,None,,,,,,,,,,,,,,0,80,80,14,729.820747699996,,,,,,,,,729.8154663000023,729.820747699996,730.2556609999738,730.2556609999738,730.321526899992,730.7553907999536,,,,,730.7572201999719,731.2552918999572,731.2552918999572,732.038089299982,,,,,,,,,,,,,,,,,,,,,,,,,,,,,,,,m,1,0.49238459998741746,None,n,1,0.7766594000277109,None,755668,001,2025-11-24_02h22.23.587,soloProject,,2025.1.1,60.31133921389025,2025-11-24 02h22.24.863926 +0530,
Faces/CFD-IM-731-223-N.jpg,n,briefcase,m,C,I,81,81,0,n,1,0.9751668999670073,None,m,1,0.6434767000027932,None,,,,,,,,,,,,,,0,81,81,69,732.0902595999651,,,,,,,,,732.085249900003,732.0902595999651,732.5381963999826,732.5381963999826,732.6051943999482,733.5229849999887,,,,,733.5245435999823,734.0384582999977,734.0384582999977,734.6879153999616,,,,,,,,,,,,,,,,,,,,,,,,,,,,,,,,n,1,0.9751668999670073,None,m,1,0.6434767000027932,None,755668,001,2025-11-24_02h22.23.587,soloProject,,2025.1.1,60.31133921389025,2025-11-24 02h22.24.863926 +0530,
Faces/CFD-IF-608-390-N.jpg,m,doll,n,C,I,82,82,0,m,1,0.6582913000020199,None,n,1,0.6281805000035092,None,,,,,,,,,,,,,,0,82,82,19,734.7406178999809,,,,,,,,,734.735649899987,734.7406178999809,735.1881525999634,735.1881525999634,735.2559108999558,735.8556898999959,,,,,735.8569515999989,736.371042099956,736.371042099956,737.0049480999587,,,,,,,,,,,,,,,,,,,,,,,,,,,,,,,,m,1,0.6582913000020199,None,n,1,0.6281805000035092,None,755668,001,2025-11-24_02h22.23.587,soloProject,,2025.1.1,60.31133921389025,2025-11-24 02h22.24.863926 +0530,
Faces/CFD-IM-728-041-N.jpg,n,briefcase,m,C,I,83,83,0,n,1,0.6543557999539189,None,m,1,0.5998028999892995,None,,,,,,,,,,,,,,0,83,83,63,737.0616171999718,,,,,,,,,737.0562801999622,737.0616171999718,737.5053689999622,737.5053689999622,737.5714618999627,738.1732449999545,,,,,738.1759447999648,738.6880222999607,738.6880222999607,739.2886429999489,,,,,,,,,,,,,,,,,,,,,,,,,,,,,,,,n,1,0.6543557999539189,None,m,1,0.5998028999892995,None,755668,001,2025-11-24_02h22.23.587,soloProject,,2025.1.1,60.31133921389025,2025-11-24 02h22.24.863926 +0530,
Faces/CFD-IF-609-408-N.jpg,m,hammer,m,I,I,84,84,0,m,1,0.6008025999763049,None,m,1,0.7823052000021562,None,,,,,,,,,,,,,,0,84,84,55,739.3428129999666,,,,,,,,,739.3380748999771,739.3428129999666,739.8049731999636,739.8049731999636,739.8550328999991,740.4226862999494,,,,,740.4242976999958,740.9379679999547,740.9379679999547,741.7225254999939,,,,,,,,,,,,,,,,,,,,,,,,,,,,,,,,m,1,0.6008025999763049,None,m,1,0.7823052000021562,None,755668,001,2025-11-24_02h22.23.587,soloProject,,2025.1.1,60.31133921389025,2025-11-24 02h22.24.863926 +0530,
Faces/CFD-IM-728-041-N.jpg,n,football,m,C,I,85,85,0,n,1,0.5504840000066906,None,m,1,0.6537025999859907,None,,,,,,,,,,,,,,0,85,85,65,741.7742605999811,,,,,,,,,741.7695697000017,741.7742605999811,742.2387134999735,742.2387134999735,742.2886533999699,742.7894472999615,,,,,742.7909311999683,743.3040488999686,743.3040488999686,743.9715297999792,,,,,,,,,,,,,,,,,,,,,,,,,,,,,,,,n,1,0.5504840000066906,None,m,1,0.6537025999859907,None,755668,001,2025-11-24_02h22.23.587,soloProject,,2025.1.1,60.31133921389025,2025-11-24 02h22.24.863926 +0530,
Faces/CFD-IF-609-408-N.jpg,m,jewelry,n,C,I,86,86,0,m,1,0.6800138000398874,None,n,1,0.7310282000107691,None,,,,,,,,,,,,,,0,86,86,29,744.0184299999964,,,,,,,,,744.0138664999977,744.0184299999964,744.4721879999852,744.4721879999852,744.5213777999743,745.1557994000032,,,,,745.1573094999767,745.670939899981,745.670939899981,746.4049229999655,,,,,,,,,,,,,,,,,,,,,,,,,,,,,,,,m,1,0.6800138000398874,None,n,1,0.7310282000107691,None,755668,001,2025-11-24_02h22.23.587,soloProject,,2025.1.1,60.31133921389025,2025-11-24 02h22.24.863926 +0530,
Faces/CFD-IF-601-519-N.jpg,m,jewelry,n,C,I,87,87,0,m,1,0.6842465999652632,None,n,1,0.6097008000360802,None,,,,,,,,,,,,,,0,87,87,5,746.455928099982,,,,,,,,,746.4516283999546,746.455928099982,746.9054308999912,746.9054308999912,746.954670099949,747.6047409999883,,,,,747.6047892999486,748.1041189999669,748.1041189999669,748.7212198999478,,,,,,,,,,,,,,,,,,,,,,,,,,,,,,,,m,1,0.6842465999652632,None,n,1,0.6097008000360802,None,755668,001,2025-11-24_02h22.23.587,soloProject,,2025.1.1,60.31133921389025,2025-11-24 02h22.24.863926 +0530,
Faces/CFD-IM-736-361-N.jpg,n,perfume,n,I,I,88,88,0,n,1,0.8724381999927573,None,n,1,1.3278031999943778,None,,,,,,,,,,,,,,0,88,88,102,748.7741933999932,,,,,,,,,748.7684587999829,748.7741933999932,749.22139099997,749.22139099997,749.2880849999492,750.1054164999514,,,,,750.106905099994,750.6207920999732,750.6207920999732,751.9548252999666,,,,,,,,,,,,,,,,,,,,,,,,,,,,,,,,n,1,0.8724381999927573,None,n,1,1.3278031999943778,None,755668,001,2025-11-24_02h22.23.587,soloProject,,2025.1.1,60.31133921389025,2025-11-24 02h22.24.863926 +0530,
Faces/CFD-IF-608-390-N.jpg,m,perfume,n,C,I,89,89,0,m,1,0.8117548999725841,None,n,1,1.924268700007815,None,,,,,,,,,,,,,,0,89,89,18,752.0068087999825,,,,,,,,,752.0016385999625,752.0068087999825,752.4713663999573,752.4713663999573,752.5213772999705,753.2898591999547,,,,,753.2899071999709,753.8038502999698,753.8038502999698,755.7379642999731,,,,,,,,,,,,,,,,,,,,,,,,,,,,,,,,m,1,0.8117548999725841,None,n,1,1.924268700007815,None,755668,001,2025-11-24_02h22.23.587,soloProject,,2025.1.1,60.31133921389025,2025-11-24 02h22.24.863926 +0530,
Faces/CFD-IM-736-361-N.jpg,n,beer,m,C,I,90,90,0,n,1,0.6520038999733515,None,m,1,14.446577700029593,None,,,,,,,,,,,,,,0,90,90,72,755.7850409999955,,,,,,,,,755.7804900999763,755.7850409999955,756.2382679999573,756.2382679999573,756.287935499975,756.9054616999929,,,,,756.907031199953,757.4043501999695,757.4043501999695,771.8544311999576,,,,,,,,,,,,,,,,,,,,,,,,,,,,,,,,n,1,0.6520038999733515,None,m,1,14.446577700029593,None,755668,001,2025-11-24_02h22.23.587,soloProject,,2025.1.1,60.31133921389025,2025-11-24 02h22.24.863926 +0530,
Faces/CFD-IM-736-361-N.jpg,n,doll,n,I,I,91,91,0,n,1,3.2578444000100717,None,n,1,2.3387437000055797,None,,,,,,,,,,,,,,0,91,91,103,771.9025163999759,,,,,,,,,771.8979734999593,771.9025163999759,772.3543977999943,772.3543977999943,772.4043993999949,775.6215778999613,,,,,775.6229489999823,776.1212156999973,776.1212156999973,778.4711355999461,,,,,,,,,,,,,,,,,,,,,,,,,,,,,,,,n,1,3.2578444000100717,None,n,1,2.3387437000055797,None,755668,001,2025-11-24_02h22.23.587,soloProject,,2025.1.1,60.31133921389025,2025-11-24 02h22.24.863926 +0530,
Faces/CFD-IF-605-066-N.jpg,m,bowtie,m,I,I,92,92,0,m,1,1.5477879000245593,None,m,1,1.6650465999846347,None,,,,,,,,,,,,,,0,92,92,44,778.5177875999943,,,,,,,,,778.5132616999908,778.5177875999943,778.9713957999484,778.9713957999484,779.0211680999491,780.5212534999591,,,,,780.5224235999631,781.0204467999865,781.0204467999865,782.6872244999977,,,,,,,,,,,,,,,,,,,,,,,,,,,,,,,,m,1,1.5477879000245593,None,m,1,1.6650465999846347,None,755668,001,2025-11-24_02h22.23.587,soloProject,,2025.1.1,60.31133921389025,2025-11-24 02h22.24.863926 +0530,
Faces/CFD-IF-602-134-N.jpg,m,hammer,m,I,I,93,93,0,m,1,0.4646127999876626,None,m,1,1.3467731999699026,None,,,,,,,,,,,,,,0,93,93,37,782.7376744999783,,,,,,,,,782.7333527999581,782.7376744999783,783.1882240999839,783.1882240999839,783.2379619999556,783.6549090999761,,,,,783.6562109999941,784.17056519998,784.17056519998,785.5204081999836,,,,,,,,,,,,,,,,,,,,,,,,,,,,,,,,m,1,0.4646127999876626,None,m,1,1.3467731999699026,None,755668,001,2025-11-24_02h22.23.587,soloProject,,2025.1.1,60.31133921389025,2025-11-24 02h22.24.863926 +0530,
Faces/CFD-IM-736-361-N.jpg,n,lipstick,n,I,I,94,94,0,n,1,0.49288689997047186,None,n,1,0.7610288000432774,None,,,,,,,,,,,,,,0,94,94,106,785.5706470999867,,,,,,,,,785.5663353999844,785.5706470999867,786.021385399974,786.021385399974,786.0707997999853,786.5212014999706,,,,,786.5226894999505,787.0204039999517,787.0204039999517,787.7871203999966,,,,,,,,,,,,,,,,,,,,,,,,,,,,,,,,n,1,0.49288689997047186,None,n,1,0.7610288000432774,None,755668,001,2025-11-24_02h22.23.587,soloProject,,2025.1.1,60.31133921389025,2025-11-24 02h22.24.863926 +0530,
Faces/CFD-IM-736-361-N.jpg,n,hammer,m,C,I,95,95,0,n,1,0.6931034000008367,None,m,1,0.8395682999980636,None,,,,,,,,,,,,,,0,95,95,73,787.8342204999644,,,,,,,,,787.8295361999772,787.8342204999644,788.2876165999915,788.2876165999915,788.3375358999474,788.9882664999459,,,,,788.9899393999949,789.5040387999616,789.5040387999616,790.3551054999698,,,,,,,,,,,,,,,,,,,,,,,,,,,,,,,,n,1,0.6931034000008367,None,m,1,0.8395682999980636,None,755668,001,2025-11-24_02h22.23.587,soloProject,,2025.1.1,60.31133921389025,2025-11-24 02h22.24.863926 +0530,
Faces/CFD-IF-608-390-N.jpg,m,football,m,I,I,96,96,0,m,1,1.1748526000301354,None,m,1,0.7871216000057757,None,,,,,,,,,,,,,,0,96,96,53,790.4015576999518,,,,,,,,,790.3966897999635,790.4015576999518,790.8708763999748,790.8708763999748,790.9042219999828,792.0544322999776,,,,,792.0558720999979,792.5539952999679,792.5539952999679,793.355228099972,,,,,,,,,,,,,,,,,,,,,,,,,,,,,,,,m,1,1.1748526000301354,None,m,1,0.7871216000057757,None,755668,001,2025-11-24_02h22.23.587,soloProject,,2025.1.1,60.31133921389025,2025-11-24 02h22.24.863926 +0530,
Faces/CFD-IF-609-408-N.jpg,m,lipstick,n,C,I,97,97,0,m,1,0.5884408000274561,None,n,1,0.9133396000252105,None,,,,,,,,,,,,,,0,97,97,28,793.4043576999684,,,,,,,,,793.3994479999528,793.4043576999684,793.8712047999725,793.8712047999725,793.9044653999736,794.4716558999498,,,,,794.4731886999798,794.987013899954,794.987013899954,795.9038597999606,,,,,,,,,,,,,,,,,,,,,,,,,,,,,,,,m,1,0.5884408000274561,None,n,1,0.9133396000252105,None,755668,001,2025-11-24_02h22.23.587,soloProject,,2025.1.1,60.31133921389025,2025-11-24 02h22.24.863926 +0530,
Faces/CFD-IM-738-191-N.jpg,n,beer,m,C,I,98,98,0,n,1,1.300071300007403,None,m,1,0.7830143999890424,None,,,,,,,,,,,,,,0,98,98,78,795.9511008999543,,,,,,,,,795.9466450999607,795.9511008999543,796.4043777999468,796.4043777999468,796.4544328999473,797.7052319999784,,,,,797.7066919999779,798.2204192999634,798.2204192999634,799.004065199988,,,,,,,,,,,,,,,,,,,,,,,,,,,,,,,,n,1,1.300071300007403,None,m,1,0.7830143999890424,None,755668,001,2025-11-24_02h22.23.587,soloProject,,2025.1.1,60.31133921389025,2025-11-24 02h22.24.863926 +0530,
Faces/CFD-IM-738-191-N.jpg,n,lipstick,n,I,I,99,99,0,n,1,0.6294023000518791,None,n,1,0.6714535999926738,None,,,,,,,,,,,,,,0,99,99,112,799.053106599953,,,,,,,,,799.0488094000029,799.053106599953,799.5040202999953,799.5040202999953,799.5540546999546,800.1383406999521,,,,,800.1398885999806,800.6539768999792,800.6539768999792,801.3367764999857,,,,,,,,,,,,,,,,,,,,,,,,,,,,,,,,n,1,0.6294023000518791,None,n,1,0.6714535999926738,None,755668,001,2025-11-24_02h22.23.587,soloProject,,2025.1.1,60.31133921389025,2025-11-24 02h22.24.863926 +0530,
Faces/CFD-IF-608-390-N.jpg,m,cigar,m,I,I,100,100,0,m,1,0.6173559000017121,None,n,0,0.9536878999788314,None,,,,,,,,,,,,,,0,100,100,52,801.3874185999739,,,,,,,,,801.3828164999723,801.3874185999739,801.8372784999665,801.8372784999665,801.8877012999728,802.4708764999523,,,,,802.4720944999717,802.9867486999719,802.9867486999719,803.9534586999798,,,,,,,,,,,,,,,,,,,,,,,,,,,,,,,,m,1,0.6173559000017121,None,n,0,0.9536878999788314,None,755668,001,2025-11-24_02h22.23.587,soloProject,,2025.1.1,60.31133921389025,2025-11-24 02h22.24.863926 +0530,
Faces/CFD-IM-728-041-N.jpg,n,jewelry,n,I,I,101,101,0,n,1,2.2521726000122726,None,n,1,0.7966725999722257,None,,,,,,,,,,,,,,0,101,101,95,803.9994862999883,,,,,,,,,803.9951005999465,803.9994862999883,804.4543371999753,804.4543371999753,804.5042401999817,806.7208390999585,,,,,806.7224107999937,807.2201447999687,807.2201447999687,808.0203534999746,,,,,,,,,,,,,,,,,,,,,,,,,,,,,,,,n,1,2.2521726000122726,None,n,1,0.7966725999722257,None,755668,001,2025-11-24_02h22.23.587,soloProject,,2025.1.1,60.31133921389025,2025-11-24 02h22.24.863926 +0530,
Faces/CFD-IM-739-012-N.jpg,n,dress,n,I,I,102,102,0,n,1,0.7399523999774829,None,n,1,0.9263373000430875,None,,,,,,,,,,,,,,0,102,102,117,808.066914999974,,,,,,,,,808.0623645999585,808.066914999974,808.520652599982,808.520652599982,808.5709930000012,809.2707415999612,,,,,809.2719742999761,809.770365299948,809.770365299948,810.7043702999945,,,,,,,,,,,,,,,,,,,,,,,,,,,,,,,,n,1,0.7399523999774829,None,n,1,0.9263373000430875,None,755668,001,2025-11-24_02h22.23.587,soloProject,,2025.1.1,60.31133921389025,2025-11-24 02h22.24.863926 +0530,
Faces/CFD-IF-605-066-N.jpg,m,doll,n,C,I,103,103,0,m,1,0.6728033000254072,None,n,1,2.7733680000528693,None,,,,,,,,,,,,,,0,103,103,13,810.7518997999723,,,,,,,,,810.7478203999926,810.7518997999723,811.2035453999997,811.2035453999997,811.2542123000021,811.887550399988,,,,,811.8889265999896,812.3867113000015,812.3867113000015,815.1702968999743,,,,,,,,,,,,,,,,,,,,,,,,,,,,,,,,m,1,0.6728033000254072,None,n,1,2.7733680000528693,None,755668,001,2025-11-24_02h22.23.587,soloProject,,2025.1.1,60.31133921389025,2025-11-24 02h22.24.863926 +0530,
Faces/CFD-IM-739-012-N.jpg,n,football,m,C,I,104,104,0,n,1,4.865695200045593,None,m,1,0.6158750000176951,None,,,,,,,,,,,,,,0,104,104,89,815.2131939999526,,,,,,,,,815.2089007999748,815.2131939999526,815.6700838999823,815.6700838999823,815.720832299965,820.5378404999501,,,,,820.5391716999584,821.0533202999504,821.0533202999504,821.6707733999938,,,,,,,,,,,,,,,,,,,,,,,,,,,,,,,,n,1,4.865695200045593,None,m,1,0.6158750000176951,None,755668,001,2025-11-24_02h22.23.587,soloProject,,2025.1.1,60.31133921389025,2025-11-24 02h22.24.863926 +0530,
Faces/CFD-IM-739-012-N.jpg,n,beer,m,C,I,105,105,0,n,1,0.46416620002128184,None,m,1,0.6212657999712974,None,,,,,,,,,,,,,,0,105,105,84,821.7184097999707,,,,,,,,,821.714213899977,821.7184097999707,822.1870243999874,822.1870243999874,822.2202574999537,822.6538374999654,,,,,822.6550157999736,823.1531601999886,823.1531601999886,823.786570999946,,,,,,,,,,,,,,,,,,,,,,,,,,,,,,,,n,1,0.46416620002128184,None,m,1,0.6212657999712974,None,755668,001,2025-11-24_02h22.23.587,soloProject,,2025.1.1,60.31133921389025,2025-11-24 02h22.24.863926 +0530,
Faces/CFD-IF-608-390-N.jpg,m,briefcase,m,I,I,106,106,0,m,1,0.5153671000152826,None,n,0,0.9681963000330143,None,,,,,,,,,,,,,,0,106,106,51,823.8345200999756,,,,,,,,,823.8300880999886,823.8345200999756,824.2871153999586,824.2871153999586,824.3373527999502,824.8046375999693,,,,,824.806078900001,825.3196819999721,825.3196819999721,826.3038048999733,,,,,,,,,,,,,,,,,,,,,,,,,,,,,,,,m,1,0.5153671000152826,None,n,0,0.9681963000330143,None,755668,001,2025-11-24_02h22.23.587,soloProject,,2025.1.1,60.31133921389025,2025-11-24 02h22.24.863926 +0530,
Faces/CFD-IM-736-361-N.jpg,n,cigar,m,C,I,107,107,0,n,1,1.100662300013937,None,m,1,0.714915500022471,None,,,,,,,,,,,,,,0,107,107,76,826.3516953999642,,,,,,,,,826.3473412999883,826.3516953999642,826.8042232999578,826.8042232999578,826.8537362999632,827.9207021999755,,,,,827.9220463999663,828.4200991999824,828.4200991999824,829.1364872999839,,,,,,,,,,,,,,,,,,,,,,,,,,,,,,,,n,1,1.100662300013937,None,m,1,0.714915500022471,None,755668,001,2025-11-24_02h22.23.587,soloProject,,2025.1.1,60.31133921389025,2025-11-24 02h22.24.863926 +0530,
Faces/CFD-IF-602-134-N.jpg,m,lipstick,n,C,I,108,108,0,m,1,0.5474215999711305,None,n,1,0.7103823999641463,None,,,,,,,,,,,,,,0,108,108,10,829.1858752999688,,,,,,,,,829.1814791999641,829.1858752999688,829.6369970999658,829.6369970999658,829.6871152999811,830.1870784999919,,,,,830.19009249995,830.6862598999869,830.6862598999869,831.4033848999534,,,,,,,,,,,,,,,,,,,,,,,,,,,,,,,,m,1,0.5474215999711305,None,n,1,0.7103823999641463,None,755668,001,2025-11-24_02h22.23.587,soloProject,,2025.1.1,60.31133921389025,2025-11-24 02h22.24.863926 +0530,
Faces/CFD-IF-605-066-N.jpg,m,football,m,I,I,109,109,0,m,1,0.6726745000341907,None,m,1,1.313286299991887,None,,,,,,,,,,,,,,0,109,109,47,831.4513105999795,,,,,,,,,831.4465557999793,831.4513105999795,831.9036909999559,831.9036909999559,831.9540004999726,832.5872427999857,,,,,832.5885923999595,833.0860270999838,833.0860270999838,834.4031940999557,,,,,,,,,,,,,,,,,,,,,,,,,,,,,,,,m,1,0.6726745000341907,None,m,1,1.313286299991887,None,755668,001,2025-11-24_02h22.23.587,soloProject,,2025.1.1,60.31133921389025,2025-11-24 02h22.24.863926 +0530,
Faces/CFD-IM-728-041-N.jpg,n,beer,m,C,I,110,110,0,n,1,2.61964910000097,None,m,1,2.3925436999998055,None,,,,,,,,,,,,,,0,110,110,60,834.4509104999597,,,,,,,,,834.4464508999954,834.4509104999597,834.9040305999806,834.9040305999806,834.9531370999757,837.537248299981,,,,,837.5384612999624,838.0365517999744,838.0365517999744,840.4366676999489,,,,,,,,,,,,,,,,,,,,,,,,,,,,,,,,n,1,2.61964910000097,None,m,1,2.3925436999998055,None,755668,001,2025-11-24_02h22.23.587,soloProject,,2025.1.1,60.31133921389025,2025-11-24 02h22.24.863926 +0530,
Faces/CFD-IM-736-361-N.jpg,n,dress,n,I,I,111,111,0,n,1,1.3370078000007197,None,n,1,0.7046829999890178,None,,,,,,,,,,,,,,0,111,111,105,840.4849398999941,,,,,,,,,840.4805682000006,840.4849398999941,840.9366338999826,840.9366338999826,840.9871828999603,842.287094499974,,,,,842.2884019999765,842.8027116999729,842.8027116999729,843.5198439999949,,,,,,,,,,,,,,,,,,,,,,,,,,,,,,,,n,1,1.3370078000007197,None,n,1,0.7046829999890178,None,755668,001,2025-11-24_02h22.23.587,soloProject,,2025.1.1,60.31133921389025,2025-11-24 02h22.24.863926 +0530,
Faces/CFD-IF-609-408-N.jpg,m,cigar,m,I,I,112,112,0,m,1,1.0395607000100426,None,m,1,1.4441675000125542,None,,,,,,,,,,,,,,0,112,112,58,843.569514599978,,,,,,,,,843.5649065999896,843.569514599978,844.0200162999681,844.0200162999681,844.0702444999479,845.0702814999968,,,,,845.0715410999837,845.5694272999535,845.5694272999535,847.0197585999849,,,,,,,,,,,,,,,,,,,,,,,,,,,,,,,,m,1,1.0395607000100426,None,m,1,1.4441675000125542,None,755668,001,2025-11-24_02h22.23.587,soloProject,,2025.1.1,60.31133921389025,2025-11-24 02h22.24.863926 +0530,
Faces/CFD-IM-731-223-N.jpg,n,doll,n,I,I,113,113,0,n,1,0.6473124999902211,None,n,1,0.6260455999872647,None,,,,,,,,,,,,,,0,113,113,97,847.0658255000017,,,,,,,,,847.061222999997,847.0658255000017,847.5197859999607,847.5197859999607,847.5703097999794,848.1703908999916,,,,,848.1717113999766,848.669731699978,848.669731699978,849.303231799975,,,,,,,,,,,,,,,,,,,,,,,,,,,,,,,,n,1,0.6473124999902211,None,n,1,0.6260455999872647,None,755668,001,2025-11-24_02h22.23.587,soloProject,,2025.1.1,60.31133921389025,2025-11-24 02h22.24.863926 +0530,
Faces/CFD-IF-609-408-N.jpg,m,doll,n,C,I,114,114,0,m,1,0.8983822999871336,None,n,1,2.166719099972397,None,,,,,,,,,,,,,,0,114,114,25,849.3512476999895,,,,,,,,,849.3462696999777,849.3512476999895,849.8036792999483,849.8036792999483,849.8530541999498,850.7038347999915,,,,,850.7038806999917,851.2195970999892,851.2195970999892,853.386577999976,,,,,,,,,,,,,,,,,,,,,,,,,,,,,,,,m,1,0.8983822999871336,None,n,1,2.166719099972397,None,755668,001,2025-11-24_02h22.23.587,soloProject,,2025.1.1,60.31133921389025,2025-11-24 02h22.24.863926 +0530,
Faces/CFD-IM-738-191-N.jpg,n,doll,n,I,I,115,115,0,n,1,4.290692600014154,None,n,1,0.9857884999946691,None,,,,,,,,,,,,,,0,115,115,109,853.4337234999985,,,,,,,,,853.4294252999825,853.4337234999985,853.8865981999552,853.8865981999552,853.9366466999636,858.1872120999615,,,,,858.1873271999648,858.7025893999962,858.7025893999962,859.7025616999599,,,,,,,,,,,,,,,,,,,,,,,,,,,,,,,,n,1,4.290692600014154,None,n,1,0.9857884999946691,None,755668,001,2025-11-24_02h22.23.587,soloProject,,2025.1.1,60.31133921389025,2025-11-24 02h22.24.863926 +0530,
Faces/CFD-IF-605-066-N.jpg,m,beer,m,I,I,116,116,0,m,1,0.559178100025747,None,m,1,3.9385639000101946,None,,,,,,,,,,,,,,0,116,116,42,859.7501282999874,,,,,,,,,859.7456655999995,859.7501282999874,860.2030943999998,860.2030943999998,860.2531191000016,860.7708898999845,,,,,860.7723340999801,861.286511299957,861.286511299957,865.239886299998,,,,,,,,,,,,,,,,,,,,,,,,,,,,,,,,m,1,0.559178100025747,None,m,1,3.9385639000101946,None,755668,001,2025-11-24_02h22.23.587,soloProject,,2025.1.1,60.31133921389025,2025-11-24 02h22.24.863926 +0530,
Faces/CFD-IM-728-041-N.jpg,n,cigar,m,C,I,117,117,0,n,1,1.93049559998326,None,m,1,1.225413300038781,None,,,,,,,,,,,,,,0,117,117,64,865.2881035999744,,,,,,,,,865.2834735999932,865.2881035999744,865.7531680999673,865.7531680999673,865.8033045999473,867.6866190999863,,,,,867.6880355999456,868.1855359999463,868.1855359999463,869.4194744999986,,,,,,,,,,,,,,,,,,,,,,,,,,,,,,,,n,1,1.93049559998326,None,m,1,1.225413300038781,None,755668,001,2025-11-24_02h22.23.587,soloProject,,2025.1.1,60.31133921389025,2025-11-24 02h22.24.863926 +0530,
Faces/CFD-IM-738-191-N.jpg,n,bowtie,m,C,I,118,118,0,n,1,3.0836552000255324,None,m,1,0.6275109000271186,None,,,,,,,,,,,,,,0,118,118,80,869.4706620999495,,,,,,,,,869.4657939999597,869.4706620999495,869.9197328999871,869.9197328999871,869.9699607999646,873.0038252999657,,,,,873.005585899984,873.5190226999694,873.5190226999694,874.15285329998,,,,,,,,,,,,,,,,,,,,,,,,,,,,,,,,n,1,3.0836552000255324,None,m,1,0.6275109000271186,None,755668,001,2025-11-24_02h22.23.587,soloProject,,2025.1.1,60.31133921389025,2025-11-24 02h22.24.863926 +0530,
Faces/CFD-IM-739-012-N.jpg,n,briefcase,m,C,I,119,119,0,n,1,0.47335610003210604,None,m,1,1.03410889999941,None,,,,,,,,,,,,,,0,119,119,87,874.2009408999584,,,,,,,,,874.1961831999943,874.2009408999584,874.653292599949,874.653292599949,874.7028373999638,875.13688799995,,,,,875.1384143999894,875.6359865999548,875.6359865999548,876.6859861999983,,,,,,,,,,,,,,,,,,,,,,,,,,,,,,,,n,1,0.47335610003210604,None,m,1,1.03410889999941,None,755668,001,2025-11-24_02h22.23.587,soloProject,,2025.1.1,60.31133921389025,2025-11-24 02h22.24.863926 +0530,
